FID,Facility Number,Facility Name,HMIS,Province,District,Division,LOCATION,Sub Location,Spatial_Re,Facility Type,Agency,Latitude,Longitude,GlobalID,x,y
1,2,BARGONI HEALTH CENTRE,3606,COAST,LAMU,HINDI,HINDI MAGOGONI,BARGONI,DDP,3,MOH,-2.057423,40.795232,dfbcc6ed-7e0e-4247-831a-195c023f93a9,4541304.45303347,-229080.51701629
2,3,FAZA HEALTH CENTRE,626,COAST,LAMU,FAZA,TCHUNDWA,TCHUNDWA,DDP,3,MOH,-2.071384,41.106066,46b9ba32-bdff-4e0c-a0c0-a549d2c65c81,4575906.3356347,-230635.657769124
3,4,HINDI MAGOGONI DISP,0,COAST,LAMU,HINDI,HINDI MAGOGONI,HINDI MAGOGONI,DANIDA,4,MOH,-2.17357,40.810619,98dc5f1f-331c-4b1b-b978-cd619c44efaf,4543017.3260383,-242018.762241048
4,5,HINDI PRISON DISP,615,COAST,LAMU,HINDI,HINDI MAGOGONI,HINDI MAGOGONI,ILRI VILLAGES,4,MOH,-2.18,40.82,407e09f7-9f8c-41b5-8d22-ff102245c38e,4544061.61418143,-242735.063458576
5,6,HONGWE CATHOLIC HEALTH CENTRE,616,COAST,LAMU,MPEKETONI,HONGWE,HONGWE,SUBLOC CENTROID,3,MISS,-2.341627,40.657674,c9c4b62a-5feb-4606-ac9f-a9cf7081da78,4525991.56651892,-260741.320691745
6,7,ICHUNDWA DISP,625,COAST,LAMU,KIZINGITINI,MBWAJUMWALI,MYABOGI,DDP,4,MOH,-2.080138,41.123971,729c4a36-3229-4164-aeeb-07aad2d4d7df,4577899.51111735,-231610.788466919
7,8,KIUNGA HEALTH CENTRE,627,COAST,LAMU,KIUNGA,KIUNGA,RUBU/MWAMBORE,DDP,3,MOH,-1.741314,41.489472,455009db-c29f-4755-9662-235e49b4e289,4618586.89632178,-193872.035175036
8,9,KIWAYU DISP,618,COAST,LAMU,KIZINGITINI,NDAU,KIWAYUU,DDP,4,MOH,-2.002129,41.276085,bdcfd88f-b82c-4098-9f2a-4e1ec4cc3118,4594832.76413989,-222921.352316861
9,10,KIZINGITINI DISP,617,COAST,LAMU,KIZINGITINI,MBWAJUMWALI,MYABOGI,DANIDA,4,MOH,-2.07302,41.1464,7c5fef7e-63fd-456d-8fbe-c95858788a0f,4580396.29597635,-230817.895629699
10,11,LAKE KENYATTA HEALTH CENTRE,2451,COAST,LAMU,MPEKETONI,MPEKETONI,KIONGWE,HD MAPS,3,MISS,-2.368667,40.716142,fc731b3f-5961-4657-a43d-264285278e5f,4532500.19450662,-263753.944497357
11,12,LAMU DISTRICT HOSPITAL,631,COAST,LAMU,AMU,SHELLA MANDA,SHELLA(LAMU),DANIDA,1,MOH,-2.27857,40.906769,67269d20-efa6-47aa-8972-ef719311b809,4553720.69507807,-253716.137883454
12,13,MANGAI DISP,2508,COAST,LAMU,KIUNGA,BASUBA,MANGAI,ILRI MKT CENTRES,4,MOH,-1.746,41.181,515d3645-4e46-40c9-8404-1844d94653b8,4584247.9503578,-194393.919959695
13,14,MATONDONI DISP,619,COAST,LAMU,AMU,MATONDONI,KIPUNGANI,DISTRICT ESTIMATES,4,MOH,-2.29451,40.858402,8f1f8108-0ce9-4c6d-9a66-37a5703402c1,4548336.50526688,-255491.98450977
14,15,MKOKONI DISP,3786,COAST,LAMU,KIUNGA,KIUNGA,MKOKONI,SUBLOC CENTROID,4,MOH,-1.896091,41.299752,2be2e3c3-4b4c-4c08-9e8b-22c20261895a,4597467.36252849,-211110.421018671
15,16,MKUNUBI DISP,620,COAST,LAMU,MPEKETONI,MKUNUMBI,MKUNUMBI,1:50000 MAPS,4,MOH,-2.29477,40.6761,1b24789a-fdcf-4f7c-b19d-4d1f38d78b03,4528042.73945628,-255520.950804145
16,17,MLANGUMU DISP,0,COAST,LAMU,MPEKETONI,BAHARINI,BAHARI,1:50000 MAPS,4,MOH,-2.42249,40.7218,06424d31-df93-4441-9380-98cf74cea3f8,4533130.04018553,-269750.734514113
17,18,MOA (WEMA) MISSION DISP,2450,COAST,LAMU,WITU,DIDE WARIDE,MOA,ILRI MKT CENTRES,4,MISS,-2.274546,40.315276,5ae97713-60fa-4382-8d14-d5d94f5224fe,4487875.99551029,-253267.834420387
18,19,MOKOWE HEALTH CENTRE,628,COAST,LAMU,HINDI,MOKOWE,KILIMANI,DDP,3,MOH,-2.226905,40.830624,b978b0a0-6409-4eea-a815-b571bbc642e5,4545244.27245162,-247960.367903032
19,20,MPEKETONI HEALTH CENTRE,629,COAST,LAMU,MPEKETONI,MPEKETONI,CENTRAL(LAMU),1:50000 MAPS,3,MOH,-2.38934,40.6976,83c5be0a-541d-4f73-bd0d-53c9901de2ff,4530436.10850834,-266057.237531319
20,21,MUKOWE HOSPITAL,0,COAST,LAMU,HINDI,MOKOWE,MOKOWE,HD MAPS,1,MOH,-2.234325,40.860674,3360c7cc-746a-4020-8ad5-97fa0d1761ea,4548589.42314996,-248786.984884477
21,22,N.Y.S DISP (BARGONI),614,COAST,LAMU,HINDI,HINDI MAGOGONI,BARGONI,DANIDA,4,MOH,-2.01823,40.780399,7afad8ee-d1b5-4271-b2d7-e42fff7d309b,4539653.25102653,-224714.811119213
22,23,NDAU DISP,621,COAST,LAMU,KIZINGITINI,NDAU,NDAU,DANIDA,4,MOH,-2.011428,41.209608,14f24923-9283-444a-a193-95ce83bdf612,4587432.57835042,-223957.147525237
23,24,PANDA NGUO DISP,3787,COAST,LAMU,WITU,WITU,PANDANGUO,SUBLOC CENTROID,4,MOH,-2.203467,40.481233,05bef628-0949-4a50-afd3-a9b6b762918b,4506350.24424387,-245349.310434052
24,25,PATTE DISP,622,COAST,LAMU,FAZA,PATTE,PATTE,DISTRICT ESTIMATES,4,MOH,-2.119562,41.011852,8de9e695-9818-4b94-9bf4-9f66bcdb3cbb,4565418.4811291,-236002.397169202
25,27,SHELLA DISP,623,COAST,LAMU,AMU,SHELLA MANDA,MANDA(LAMU),DISTRICT ESTIMATES,4,MOH,-2.277881,40.949199,ffae1b7e-26b5-40d9-8655-59c8c114b3bf,4558443.98107244,-253639.378081397
26,28,SIYU DISP,624,COAST,LAMU,FAZA,SIYU,SIYU,DISTRICT ESTIMATES,4,MOH,-2.109339,41.08097,f4e7ad2b-ef40-4ad4-a81c-6c2f64931847,4573112.66169375,-234863.602631032
27,29,WITU HEALTH CENTRE,630,COAST,LAMU,WITU,WITU,WITU,DDP,3,MOH,-2.39067,40.435958,ac09a430-2997-4a06-aef5-c3ddb2d4a2c3,4501310.2542982,-266205.421356234
28,36,ADC GALANA RANCH DISP,3301,COAST,MALINDI,MALINDI,CHAKAMA,KISIKI CHA WANGIRIAM,DSA/DFH(MOH)-UNFPA REPORT,4,MISS,-3.065975,39.477797,0da39336-48db-4315-a760-a1f4fa0dce97,4394648.25968023,-341465.777272526
29,1,ADU DISP,512,COAST,MALINDI,MARAFA,ADU,ADU,DANIDA,4,MOH,-2.8398,39.979912,450c3800-b195-41d4-96b1-2c75f6497034,4450543.4457999,-316254.600397551
30,2,AIC MALANGA DISP,4657,COAST,MALINDI,MALINDI,LANGOBAYA,MALANGA(MALINDI),AMKENI,4,MISS,-3.247002,39.791723,9aa5a823-bae1-4ddd-870d-7055e4e6930c,4429594.342147,-361648.238619666
31,3,BARICHO DISP,516,COAST,MALINDI,MARAFA,BUNGALE,BARICHO(MALINDI),DANIDA,4,MOH,-3.10371,39.784611,87f43d66-ac94-4601-b26c-c4a5ed94b508,4428802.63792847,-345672.514140349
32,4,CHAKAMA DISP,518,COAST,MALINDI,MALINDI,CHAKAMA,MAKONGENI(MALINDI),DANIDA,4,MOH,-3.122,39.633499,7a370eac-a916-4d55-bf84-2da724d103ce,4411980.92703572,-347711.556217852
33,5,DAGAMRA DISP,521,COAST,MALINDI,MARAFA,DAGAMRA,BATE,DANIDA,4,MOH,-3.18239,39.936409,2d11bb76-b2a7-4951-918f-8a4c85534c7e,4445700.71399191,-354444.327319304
34,0,FUNDISA DISP,2937,COAST,MALINDI,MAGARINI,FUNDISA,FUNDISA,DHMT,4,MOH,-2.917646,40.093725,ec4647df-ed44-421e-a2f2-d070c26ee6ee,4463213.05100555,-324931.327516239
35,6,GALANA HOSPITAL,564,COAST,MALINDI,MALINDI,MALINDI,SABAKI,AMKENI,1,MISS,-3.197483,40.116335,7cf5a758-8c00-4304-9f2d-1aa70e54e6f4,4465729.98469238,-356127.079733851
36,7,GARASHI DISP,526,COAST,MALINDI,MARAFA,GARASHI,MIKUYUNI(MALINDI),DANIDA,4,MOH,-3.13094,39.891178,914d817c-097d-4f8a-913d-4c7d1f9afe44,4440665.62210384,-348708.235944629
37,8,GEDE DISP,527,COAST,MALINDI,MALINDI,WATAMU,CHEMBE KIBABA MUCHE,DANIDA,4,MOH,-3.284649,40.050652,1cb89a4d-c66b-4315-a9d5-3c6e0b179a86,4458418.18657861,-365845.90067976
38,9,GONGONI DISP,530,COAST,MALINDI,MAGARINI,GONGONI,GONGONI,DANIDA,4,MOH,-3.03614,40.133381,ffbc3af4-0bb6-4c92-bd1a-874f701f4b63,4467627.53673245,-338139.84572086
39,10,JILORE HEALTH CENTRE,533,COAST,MALINDI,MALINDI,JILORE,JILORE/ZIAN,DANIDA,3,MOH,-3.18922,39.905842,7c470610-ad3b-481f-94de-0f14fbddf76e,4442298.01111684,-355205.816274866
40,11,KAKONENI DISP,535,COAST,MALINDI,MALINDI,JILORE,KAKONENI,DANIDA,4,MOH,-3.16443,39.86591,f1d352ad-86fd-48c4-8f0d-4550a4cfdf28,4437852.80121048,-352441.958749319
41,12,KAKUYUNI DISP,536,COAST,MALINDI,MALINDI,GOSHI,KAKUYUNI(MALINDI),DANIDA,4,MOH,-3.22065,40.001911,affdd16c-3936-4663-b515-e69d5e73ac37,4452992.36327786,-358710.068732075
42,14,MALANGA SDA DISPENSARY,0,COAST,MALINDI,MALINDI,LANGOBAYA,MALANGA(MALINDI),AMKENI,4,MISS,-3.257113,39.792298,85c68fee-c10a-45e8-9645-321d155429a6,4429658.35085421,-362775.605465709
43,15,MALINDI DISTRICT HOSPITAL,566,COAST,MALINDI,MALINDI,MALINDI,BARANI,KEMRI-KILIFI PROJECT,1,MOH,-3.2165,40.1182,e8d9c1df-8423-4e15-b7ec-31ee30eb8a28,4465937.59554271,-358247.36297991
44,16,MAMBRUI DISP,542,COAST,MALINDI,MAGARINI,MAGARINI,MAMBRUI,DANIDA,4,MOH,-3.11815,40.136879,8e887fe0-a1fc-4930-8b9b-bf0426ad96ad,4468016.93231124,-347282.339934257
45,17,MARAFA HEALTH CENTRE (MAGARINI),561,COAST,MALINDI,MARAFA,MARAFA,MADINA,DANIDA,3,MOH,-3.02833,39.959728,7f36b696-9bc6-4631-9e1a-faa117378e12,4448296.57319772,-337269.221564188
46,18,MARERENI DISP,3765,COAST,MALINDI,MAGARINI,FUNDISA,MARERENI,DANIDA,4,MOH,-2.863,40.144611,5faa757d-cee3-4c52-b7ac-0dad8d20af56,4468877.65461405,-318840.414065668
47,19,MARIKEBUNI DISP,543,COAST,MALINDI,MAGARINI,MAGARINI,MARIKEBUNI,DANIDA,4,MOH,-3.09027,40.112049,9dd96781-6b6f-4034-8a27-f1dd253eff12,4465252.86935485,-344174.191895903
48,20,MERE SDA DISP,0,COAST,MALINDI,MALINDI,GOSHI,MALIMO,AMKENI,4,MISS,-3.195264,40.031232,a23bc3bb-7127-4460-adc4-283719675fd2,4456256.3620674,-355879.676898025
49,21,MIDZIJINI DISP,3766,COAST,MALINDI,MARAFA,ADU,RAMADA,SUBLOC CENTROID,4,MISS,-2.702209,40.037835,55247afc-34e9-41fa-8201-e3fbec206cf5,4456991.40466511,-300920.106489217
50,22,MUNICIPAL HEALTH CENTRE,4350,COAST,MALINDI,MALINDI,MALINDI,SHELLA(MALINDI),AMKENI,3,LA,-3.232732,40.114903,ebc5cb2a-40e5-45af-a219-1252ad64fd83,4465570.57518157,-360057.1664415
51,0,NEEMA MEDICAL DISP,0,COAST,MALINDI,MAGARINI,FUNDISA,FUNDISA,DHMT,4,MISS,-2.963256,40.140365,f82da1fc-cb26-4e48-be00-ef684178a2c4,4468404.99205614,-330015.303241849
52,23,NGOMENI DISP,549,COAST,MALINDI,MAGARINI,GONGONI,NGOMENI,DANIDA,4,MOH,-3.01,40.18,6cfab590-ba99-4382-a47f-574b42ff36d9,4472817.14007374,-335225.899102272
53,25,SOSONI DISP,553,COAST,MALINDI,MARAFA,BUNGALE,DAKACHA,DANIDA,4,MOH,-3.02801,39.822899,b155880c-2004-490f-a4d2-7d602e10e3dd,4433064.83859197,-337233.549517635
54,26,TAWFIQ MUSLIM HOSPITAL,2940,COAST,MALINDI,MALINDI,MALINDI,SHELLA(MALINDI),AMKENI,1,MISS,-3.220937,40.112698,7bac8645-8196-49e5-8503-2ad375801186,4465325.11570437,-358742.067970646
55,27,TAWHEED MUSLIM DISP,0,COAST,MALINDI,MALINDI,MALINDI,BARANI,AMKENI,4,MISS,-3.216853,40.114882,4b83e683-6a77-4494-b388-facc01a2f4cf,4465568.23747226,-358286.720769362
56,28,WATAMU SDA DISP,2917,COAST,MALINDI,MALINDI,WATAMU,WATAMU,PSI,4,MISS,-3.35175,40.01693,a95e9fb9-3060-4a89-9905-354a86c55400,4454664.27071008,-373328.094296917
57,1,ALMS HOUSE DISP,643,COAST,MOMBASA,ISLAND,TONONOKA,TONONOKA,DSA/DFH(MOH)-UNFPA REPORT,4,LA,-4.041251,39.663987,cf968f62-467b-4c65-b054-92081e50b867,4415374.83567103,-450243.47954196
58,3,ANNEXE DISP,4517,COAST,MOMBASA,KISAUNI,KISAUNI,KISAUNI,DSA/DFH(MOH)-UNFPA REPORT,4,MOH,-4.005339,39.714984,766d4ff2-33da-4825-b94b-e79bb127aa9e,4421051.79574302,-446235.897664219
59,5,BAMBURI DISP,644,COAST,MOMBASA,KISAUNI,BAMBURI,BAMBURI,SUBLOC CENTROID,4,LA,-3.973318,39.707035,1538c815-f889-4e62-a279-ee81fc80d81e,4420166.9171107,-442662.678382758
60,6,CHAANI DISP,645,COAST,MOMBASA,CHANGAMWE,CHANGAMWE,CHANGAMWE,SUBLOC CENTROID,4,LA,-4.016913,39.61943,37536dc3-a316-4f66-9d0a-55ca3e542323,4410414.77311976,-447527.473185494
61,7,COAST PROVINCIAL GENERAL HOSP.,696,COAST,MOMBASA,ISLAND,OLD TOWN,OLD T.(MAKADARA WARD,HD MAPS,2,MOH,-4.059355,39.677362,a77c7109-7a57-495f-a373-c3f1ecd1298a,4416863.73386039,-452263.853651853
62,8,CRESCENT MEDICAL AID DISP,3303,COAST,MOMBASA,LIKONI,LIKONI,TIMBWANI,AMKENI,4,MISS,-4.100958,39.644637,7dc40be0-f6f3-4604-8a19-1c4e77e2a19f,4413220.80352418,-456906.846263893
63,11,ELIZA MEDICAL RENT DISP,4530,COAST,MOMBASA,ISLAND,MAJENGO,MWEMBE TAYARI,ILRI MKT CENTRES,4,MISS,-4.056412,39.665141,abd81d1f-a386-41c7-b78b-f706bb3349b1,4415503.29836341,-451935.417022513
64,12,GANJONI (CDC) DISP,648,COAST,MOMBASA,ISLAND,GANJONI,GANJONI,SUBLOC CENTROID,4,LA,-4.065307,39.658767,2f359614-888d-4428-951d-afb920b088cc,4414793.74792909,-452928.096121931
65,13,HOLY GHOST CATHEDRAL DISP,3307,COAST,MOMBASA,ISLAND,GANJONI,KIZINGO(MOMBASA),DSA/DFH(MOH)-UNFPA REPORT,4,MISS,-4.064671,39.680918,231e5ba5-cf79-452f-9fea-0a5a49a1836a,4417259.58596965,-452857.118366035
66,17,JOMVU KUU HEALTH CENTRE,685,COAST,MOMBASA,CHANGAMWE,MIRITINI,JOMVU KUU,DSA/DFH(MOH)-UNFPA REPORT,3,LA,-3.987726,39.598962,9f9f5333-ac04-4cfc-bed4-f284fd8f28ee,4408136.28578219,-444270.448022315
67,18,JOMVU REFUGEE CAMP,0,COAST,MOMBASA,CHANGAMWE,MIRITINI,JOMVU KUU,DSA/DFH(MOH)-UNFPA REPORT,4,NGO,-3.990976,39.596276,69b24a97-c116-4a7c-9598-95b6e83a89fa,4407837.28162992,-444633.115110529
68,19,KILINDINI PORT DISP,651,COAST,MOMBASA,LIKONI,LIKONI,BOFU(MOMBASA),ILRI VILLAGES,4,MOH,-4.08,39.65,e50f5e9d-ea07-4c1a-9dfc-96d230e14bd2,4413817.8099533,-454567.854131309
69,20,KISAUNI DISP,653,COAST,MOMBASA,KISAUNI,KONGOWEA,MAWENI,ILRI MKT CENTRES,4,MOH,-4.030596,39.692579,1f5bc991-9fac-4e5e-95ff-76dae1c1489a,4418557.68255179,-449054.421642598
70,21,KONGOWEA HEALTH CENTRE,683,COAST,MOMBASA,KISAUNI,KONGOWEA,KONGOWEA,AMKENI,3,MOH,-4.041348,39.684077,97d0d67f-a9e8-4206-891a-8b2d4bfa61a7,4417611.24424107,-450254.304448594
71,22,KONGOWEA MED DISP,4523,COAST,MOMBASA,KISAUNI,KONGOWEA,KONGOWEA,ILRI MKT CENTRES,4,MISS,-4.039701,39.68,ed2a3cf2-1d7a-4e60-9b04-9baa8422a212,4417157.3946771,-450070.504405441
72,23,KWA JOMVU HEALTH CENTRE,684,COAST,MOMBASA,CHANGAMWE,PORT REITZ,PORT REITZ,ILRI VILLAGES,3,LA,-4.04,39.6,54d1d2c1-8b78-4aef-9cca-d36ffd1cb1a1,4408251.83541364,-450103.871841529
73,24,LIKONI HEALTH CENTRE,687,COAST,MOMBASA,LIKONI,LIKONI,TIMBWANI,AMKENI,3,MOH,-4.085214,39.655484,edee98ae-5cc1-4444-98db-f5f22ad8f9aa,4414428.28604081,-455149.750552953
74,25,LIKONI MISSION DISP,655,COAST,MOMBASA,LIKONI,SHIKA ADABU,VIJIWENI,DSA/DFH(MOH)-UNFPA REPORT,4,MISS,-4.111836,39.644641,5bd4798a-86c4-4183-91b9-e31e7c089bbf,4413221.24880214,-458120.89640324
75,27,MAGONGO HEALTH CENTRE,688,COAST,MOMBASA,CHANGAMWE,KIPEVU,KIPEVU,ILRI VILLAGES,3,LA,-4.0352,39.63,43ce65c2-c812-4d36-a108-f7d4bc689b95,4411591.42013744,-449568.208801078
76,28,MAJENGO DISP,689,COAST,MOMBASA,ISLAND,TUDOR,TUDOR FOUR,1:50000 MAPS,4,LA,-4.031532,39.66667,c4429b08-296d-4262-8b10-6e5ea6bab58f,4415673.50586483,-449158.875095068
77,29,MAJENGO MCH/FP CLINIC,0,COAST,MOMBASA,ISLAND,MAJENGO,MAJENGO(MOMBASA),DSA/DFH(MOH)-UNFPA REPORT,4,NGO,-4.058393,39.663509,6c99ec84-c1ea-4baa-b8c9-6402a62b134e,4415321.62495443,-452156.495029725
78,30,MAKUPA HEALTH CENTRE,690,COAST,MOMBASA,ISLAND,TUDOR,TUDOR,1:50000 MAPS,3,LA,-4.03153,39.655225,fa689a33-0a2e-415a-9956-d85da1c8c348,4414399.4542927,-449158.651903803
79,31,MAKUPA MCH/FP CLINIC,0,COAST,MOMBASA,ISLAND,MAJENGO,MAJENGO(MOMBASA),DSA/DFH(MOH)-UNFPA REPORT,4,NGO,-4.045181,39.660636,8992910b-733f-4855-bc96-28709b57e3aa,4415001.80405738,-450682.056692784
80,35,MIKINDANI MISSION DISP,660,COAST,MOMBASA,CHANGAMWE,MIKINDANI,BIRIKANI,DSA/DFH(MOH)-UNFPA REPORT,4,MISS,-4.029325,39.648458,1789c75c-97e8-4963-a270-a709a7dca9b2,4413646.1552985,-448912.583867044
81,36,MIRITINI DISP,4508,COAST,MOMBASA,CHANGAMWE,MIRITINI,MIRITINI,SUBLOC CENTROID,4,LA,-4.010761,39.58529,0c9fd39c-6cb2-4b75-b50c-f809730b3148,4406614.32570407,-446840.951760819
82,37,MKOMANI HARAMBEE DISP,661,COAST,MOMBASA,ISLAND,GANJONI,KIZINGO(MOMBASA),DSA/DFH(MOH)-UNFPA REPORT,4,NGO,-4.063657,39.674068,f3d793e5-d3a3-401a-a2b8-aaa9ec47cd4b,4416497.04745771,-452743.955833268
83,39,MOW SHIMANZI DISP,656,COAST,MOMBASA,ISLAND,RAILWAY,SHIMANZI,SUBLOC CENTROID,4,LA,-4.045337,39.651523,017ee840-ded3-4714-8013-de78f10ee946,4413987.34953778,-450699.465906016
84,40,MTONGWE DISP,3959,COAST,MOMBASA,LIKONI,MTONGWE,MTONGWE,DSA/DFH(MOH)-UNFPA REPORT,4,MISS,-4.068683,39.641934,1da47115-ea20-4b47-9e25-82aa1cd82e93,4412919.90694056,-453304.859487186
85,41,MTONGWE HEALTH CENTRE,692,COAST,MOMBASA,LIKONI,MTONGWE,MTONGWE,AMKENI,3,MOH,-4.081243,39.639063,b1ee0092-fefb-4452-80db-4dd4f6694e70,4412600.3086825,-454706.575930945
86,44,MVITA DISP (MOMBASA),638,COAST,MOMBASA,ISLAND,TONONOKA,BONDENI(MOMBASA),ILRI VILLAGES,4,LA,-4.05,39.67,675556d0-3a59-4229-937a-5b132a468fee,4416044.19976917,-451219.846693362
87,45,MWAKIRUGE DISP,663,COAST,MOMBASA,KISAUNI,BAMBURI,MWAKIRUNGE,DSA/DFH(MOH)-UNFPA REPORT,4,LA,-3.960939,39.685962,87de3701-1dcb-47a0-9fa2-36f67193cbfb,4417821.08148121,-441281.344598596
88,46,MWEMBE TAYARI SUB HEALTH CENTRE,664,COAST,MOMBASA,ISLAND,GANJONI,KIZINGO(MOMBASA),DDP,3,LA,-4.064651,39.672694,00a5ad5c-c7ec-4b73-944f-07eefee6acf6,4416344.09447736,-452854.88636204
89,47,NGOMEN DISP,2370,COAST,MOMBASA,ISLAND,MAJENGO,MWEMBE TAYARI,ILRI VILLAGES,4,MOH,-4.06,39.67,26dca1b9-de61-4964-a7e4-fe8a09ce9b40,4416044.19976917,-452335.835336046
90,48,OLD TOWN KADER BHOY DISP,667,COAST,MOMBASA,ISLAND,OLD TOWN,OLD T.(MAKADARA WARD,SUBLOC CENTROID,4,LA,-4.05783,39.674455,0ac48929-525f-4157-936f-b8f09a20e1e9,4416540.12810066,-452093.664627244
91,49,PORT REITZ DISTRICT HOSPITAL,700,COAST,MOMBASA,CHANGAMWE,PORT REITZ,PORT REITZ,AMKENI,1,MOH,-4.039267,39.602867,ad0c070f-3f2b-4412-8641-286728d9cb1f,4408570.98839374,-450022.071426436
92,52,SHANZU HADIEK COLLEGE DISP,672,COAST,MOMBASA,KISAUNI,BAMBURI,SHANZU,SUBLOC CENTROID,4,LA,-3.976707,39.743165,4c280301-4a76-4b63-b013-cad620ead655,4424188.89031306,-443040.849875088
93,53,SHIKA ADABU DISP,674,COAST,MOMBASA,LIKONI,SHIKA ADABU,VIJIWENI,AMKENI,4,MOH,-4.11276,39.637669,bc53868a-3eff-4cd5-b786-ca13ea4f6ff3,4412445.12931233,-458224.021116214
94,54,SHIMO LA TEWA DISP,675,COAST,MOMBASA,KISAUNI,BAMBURI,SHANZU,DDP,4,MOH,-3.956292,39.742418,9cf98567-fb6f-49bf-bf2a-4a0536c800cb,4424105.73465343,-440762.805781784
95,55,STATE HOUSE DISP,676,COAST,MOMBASA,ISLAND,GANJONI,KIZINGO(MOMBASA),DSA/DFH(MOH)-UNFPA REPORT,4,MOH,-4.071958,39.667547,82162ee7-e5a9-4307-a518-30993d70cc67,4415771.13305825,-453670.352708564
96,56,STELLA MARIE DISP,677,COAST,MOMBASA,LIKONI,SHIKA ADABU,VIJIWENI,DSA/DFH(MOH)-UNFPA REPORT,4,MISS,-4.117456,39.65792,2ecc51ac-cb2a-4fee-822b-9510fa809031,4414699.46032039,-458748.128649113
97,57,TIMBWANI CONSOLATA SISTERS DISPENSARY,3956,COAST,MOMBASA,LIKONI,LIKONI,TIMBWANI,SUBLOC CENTROID,4,MISS,-4.094899,39.657845,db10556e-8eb7-4383-83d3-e11c227d12d6,4414691.11135858,-456230.63263895
98,58,TUDOR HEALTH CENTRE,678,COAST,MOMBASA,ISLAND,TUDOR,TUDOR,DDP,3,MOH,-4.029273,39.661421,af08335e-1caa-448f-be67-09a3b0e45042,4415089.18985766,-448906.780910052
99,59,UKUMBUSHO CPK HOSP,702,COAST,MOMBASA,ISLAND,GANJONI,KIZINGO(MOMBASA),DSA/DFH(MOH)-UNFPA REPORT,1,MISS,-4.068035,39.68143,b610e962-7f9b-4a54-9898-350765c9ec7d,4417316.58154893,-453232.542225938
100,60,UTANGE DISP,679,COAST,MOMBASA,KISAUNI,BAMBURI,MWEMBE LEGEZA,ILRI VILLAGES,4,LA,-3.97,39.72,33b0b171-5f6f-4ca1-a6d3-998dce291945,4421610.17430883,-442292.431138629
101,1,ANMER DISP,190,CENTRAL,KIAMBU,KIAMBAA,KAMITI,ANMER,1:50000 MAPS,4,MOH,-1.137387,36.84009,ca8fb86c-0e17-4b41-9019-5c22f41199b4,4101020.05957837,-126621.658206908
102,2,BATHI DISP,192,CENTRAL,KIAMBU,LARI,KIJABE,BATHI,DDP,4,MISS,-0.978523,36.6347,0f043367-ab11-4f55-897f-07609eb61a9f,4078156.14936435,-108933.97774201
103,3,BIBIRIONI DISP,3731,CENTRAL,KIAMBU,LIMURU,LIMURU,BIBIRIONI,1:50000 MAPS,4,MISS,-1.08108,36.6171,67985ec6-c765-4b55-b15d-ae850c18d4a3,4076196.92632638,-120352.416564204
104,4,CHURA DISP,0,CENTRAL,KIAMBU,KIKUYU,KABETE,CHURA,1:50000 MAPS,4,MOH,-1.21635,36.6896,2ce63c72-f7c9-479a-80d7-c5d686eff30b,4084267.58940889,-135413.63446148
105,5,CIANDA DISP,193,CENTRAL,KIAMBU,KIAMBAA,CIANDA,CIANDA,1:50000 MAPS,4,MOH,-1.1328,36.7613,403100ac-dd1d-433d-9f14-0c2fbf73e3a4,4092249.19689877,-126110.935481448
106,6,GACHOIRE DISP,0,CENTRAL,KIAMBU,LARI,NYANDUMA,GACHOIRE,DDP,4,MOH,-0.991187,36.7044,dc3d958c-7151-4fd1-87d8-32bbdf35e5c2,4085915.11787264,-110343.936064607
107,7,GATHANGA DISP,931,CENTRAL,KIAMBU,KIAMBAA,WAGUTHU,GATHANGA,1:50000 MAPS,4,MOH,-1.182312,36.791234,faff94f9-3ebe-42c4-a99d-aa46adc30169,4095581.43453618,-131623.711311801
108,8,GATHANGARI DISP,0,CENTRAL,KIAMBU,GITHUNGURI,GITHIGA,GITIHA,1:50000 MAPS,4,MOH,-1.06802,36.7054,d8d70b02-b4d6-4c98-a836-f28647eb4a41,4086026.43736343,-118898.328296392
109,9,GIATHIEKO DISP,0,CENTRAL,KIAMBU,GITHUNGURI,IKINU,RIUKI,DDP,4,MOH,-1.09883,36.8279,3dc7bf1f-c0f1-462d-9173-17d3f2748b7e,4099663.07498561,-122328.695116755
110,10,GICHARANI DISP,3638,CENTRAL,KIAMBU,KIKUYU,KARAI,GIKAMBURA,ILRI VILLAGES,4,MISS,-1.27,36.65,2b0d89c5-fc24-4016-9e60-e1b8d0465d14,4079859.33757348,-141387.331458394
111,11,GICHURU DISP,198,CENTRAL,KIAMBU,LIMURU,NGECHA,NGECHA,1:50000 MAPS,4,MOH,-1.16126,36.6689,40dcd8ab-da22-4e67-b4c3-a15ea29cfbc8,4081963.27594948,-129279.723191621
112,12,GITHIGA HEALTH CENTRE,2401,CENTRAL,KIAMBU,GITHUNGURI,GITHIGA,MATUGUTA,DDP,3,MOH,-1.083,36.7462,ba9ba8a2-c085-4e21-ad14-00ddaae87e94,4090568.27258779,-120566.188106144
113,13,GITHUNGURI HEALTH CENTRE,233,CENTRAL,KIAMBU,GITHUNGURI,GITHUNGURI,KANJAI,DDP,3,MOH,-1.05339,36.788,5861566c-e683-4a55-b994-f462f2322dd6,4095221.42730296,-117269.445021295
114,14,GITIHA HEALTH CENTRE,2398,CENTRAL,KIAMBU,GITHUNGURI,GITHIGA,GITIHA,1:50000 MAPS,3,MOH,-1.0742,36.6896,ea0eb5c0-0d0b-4838-8e25-d314d46dc07d,4084267.58940889,-119586.402980655
115,15,HOLY CROSS (THIGIO) DISP,612,CENTRAL,KIAMBU,LIMURU,NDEIYA,THIGIO(KIAMBU),SUBLOC CENTROID,4,MISS,-1.196205,36.56731,fb9c14a5-b67e-4dec-82fd-dab1b29d0d98,4070654.32887979,-133170.606214602
116,16,KAARIA DISP,0,CENTRAL,KIAMBU,KIAMBAA,NDUMBERI,NDUMBERI,1:50000 MAPS,4,MOH,-1.14234,36.801234,dd5e65eb-d00d-4950-b518-aef55d0204c4,4096694.62944411,-127173.132774337
117,17,KAGAA HEALTH CENTRE,2400,CENTRAL,KIAMBU,GITHUNGURI,GITHUNGURI,GITHUNGURI(KIAMBU),DDP,3,MOH,-1.05093,36.7467,8dfca152-438e-4d17-8ca0-42f0691a304a,4090623.93233319,-116995.552893734
118,18,KAGWE CATHOLIC MISSION DISP,207,CENTRAL,KIAMBU,LARI,GATAMAIYU,KAGWE,ILRI MKT CENTRES,4,MISS,-1.001209,36.743433,bbe0f359-0fb4-44ba-b3cd-0e8a46370848,4090260.25155677,-111459.748656659
119,19,KAGWE HEALTH CENTRE,2447,CENTRAL,KIAMBU,LARI,GATAMAIYU,KAGWE,DDP,3,MOH,-1.00448,36.7392,c04423d1-dfd5-49db-96c6-9c7345702227,4089789.03615224,-111823.930493739
120,20,KAMAE FOREST DISP,208,CENTRAL,KIAMBU,LARI,KINALE,KINALE,DDP,4,MOH,-0.870245,36.624,7e83c874-4694-4ea3-a852-f743572f94cd,4076965.03081285,-96878.9552488971
121,21,KAMBUI DISP,209,CENTRAL,KIAMBU,GITHUNGURI,NGEWA,NYAGA,ILRI VILLAGES,4,MISS,-1.1,36.87,feca2437-270e-4be6-8a56-796555cde20f,4104349.625548,-122458.962902233
122,22,KAMBURU DISP,4831,CENTRAL,KIAMBU,LARI,KAMBURU,MATIMBEI,DDP,4,MOH,-1.01588,36.7082,56ae0260-bc88-4668-ab8b-286504cead15,4086338.13193765,-113093.169957944
123,23,KARAI HEALTH CENTRE,0,CENTRAL,KIAMBU,KIKUYU,KARAI,NACHU,DDP,3,MOH,-1.28069,36.5765,f5cf6b67-717b-4aec-8248-4185c844946b,4071677.35500018,-142577.631678625
124,24,KARIA DISP,210,CENTRAL,KIAMBU,KIAMBAA,WAGUTHU,NGEGU,1:50000 MAPS,4,MOH,-1.174213,36.82123,a4985f1d-952c-440c-9804-da6dbf24da42,4098920.57398202,-130721.944082642
125,25,KARURA SDA DISP,0,CENTRAL,KIAMBU,KIAMBAA,KIHARA,GACHIE,ILRI VILLAGES,4,MISS,-1.22,36.78,4aa55e43-5f01-4485-a3ef-596ad6e333b5,4094330.8713766,-135820.042455233
126,26,KARURI HEALTH CENTRE,261,CENTRAL,KIAMBU,KIAMBAA,KIAMBAA,NJIKU,DDP,3,MOH,-1.18431,36.7399,75bb8b25-34e9-4c14-ae0c-4430dc6e7d73,4089866.9597958,-131846.175096787
127,27,KENTMERE DISP,2413,CENTRAL,KIAMBU,LIMURU,KARAMBAINI,MABROUKE,1:50000 MAPS,4,MISS,-1.122966,36.658545,b717f9de-dbce-45b8-a21b-0696fa453318,4080810.56262231,-125016.007466753
128,28,KIAMBAA DISP,0,CENTRAL,KIAMBU,KIAMBAA,KAMITI,ANMER,DDP,4,MOH,-1.13999,36.8456,fcd2df0e-7717-4380-a72c-ed656491acb6,4101633.42997265,-126911.480075124
129,29,KIAMBU DISTRICT HOSPITAL,251,CENTRAL,KIAMBU,KIAMBAA,KIAMBAA S/AREA,TOWNSHIP(KIAMBAA),GPS,1,MOH,-1.16938,36.82993,37f2a094-2a18-4045-a0c0-14cbf75c791e,4099889.05355192,-130183.824447124
130,30,KIAWAROGA DISP,326,CENTRAL,KIAMBU,LIMURU,KARAMBAINI,KIAWAROGA,1:50000 MAPS,4,MOH,-1.10046,36.702703,689deff9-612c-420f-a467-c7a3f60e100c,4085726.20869676,-122510.179310506
131,31,KIBUBUTI HEALTH CENTRE,2412,CENTRAL,KIAMBU,KIAMBAA,WAGUTHU,KANUNGA,SUBLOC CENTROID,3,MISS,-1.157365,36.783449,f7288da8-74c9-4b62-90e8-f7649769fa99,4094714.81230036,-128846.045002379
132,32,KIENI FOREST DISP,215,CENTRAL,KIAMBU,LARI,KINALE,MUKEU(KIAMBU),SUBLOC CENTROID,4,MOH,-0.921169,36.648379,27f7f1e2-d8ec-4730-a873-fba0614d6ffa,4079678.8886789,-102548.481963609
133,33,KIENI HEALTH CENTRE,2448,CENTRAL,KIAMBU,LARI,KAMAE,KAMUKOMBI-INI,1:50000 MAPS,3,MOH,-0.858108,36.619369,72b2e17f-80e3-446f-bbdc-7cb8c7b56d1b,4076449.51025099,-95527.7168938642
134,34,KIGUMO HEALTH CENTRE,237,CENTRAL,KIAMBU,GITHUNGURI,KOMOTHAI,KARATINA,1:50000 MAPS,3,MOH,-1.031082,36.82658,14ca0141-e4ab-41fd-955d-c82e85ea826e,4099516.13325776,-114785.718893184
135,35,KIHARA HEALTH CENTRE,216,CENTRAL,KIAMBU,KIAMBAA,KIHARA,MAHINDI,DDP,3,MOH,-1.21091,36.7386,c2f4245a-ca0a-4985-bbaa-2d713d6c7cdd,4089722.24445777,-134807.920553488
136,36,KIJABE HOSPITAL,252,CENTRAL,KIAMBU,LARI,KIJABE,KIJABE,GPS,1,MISS,-0.94349,36.59431,601f204e-9ff7-491b-b87b-6411c44b8675,4073659.95513121,-105033.573333682
137,37,KIMATHI DISP,0,CENTRAL,KIAMBU,GITHUNGURI,NGEWA,KIMATHI(KIAMBU),DDP,4,MOH,-1.1077,36.8684,44cfde34-5286-45d9-8cbd-86ddcf567eac,4104171.51436273,-123316.282083376
138,38,KINALE FOREST DISP,217,CENTRAL,KIAMBU,LARI,KINALE,MUKEU(KIAMBU),1:50000 MAPS,4,MOH,-0.911261,36.61036,bab9786c-093e-40d3-9382-0e2ed4e7e04f,4075446.63295844,-101445.387413716
139,39,KINALE HEALTH CENTRE,2452,CENTRAL,KIAMBU,LARI,KINALE,MUKEU(KIAMBU),DDP,3,MOH,-0.908237,36.6157,c14b4aca-ea79-4704-8f80-e9997f93c8e3,4076041.07903927,-101108.714834378
140,40,KIRATINA DISP,0,CENTRAL,KIAMBU,GITHUNGURI,KOMOTHAI,KARATINA,DDP,4,MOH,-1.03614,36.8203,9e05c287-8040-4e04-aaae-1193e0e96970,4098817.04685557,-115348.864509953
141,41,KIRIITA DISP,213,CENTRAL,KIAMBU,LARI,GATAMAIYU,KAGWE,1:50000 MAPS,4,MOH,-0.985135,36.6964,2e40cdd1-be27-401f-8f32-2b7a4a6039a5,4085024.56194629,-109670.130297613
142,42,KIRIITA MISSION HC,235,CENTRAL,KIAMBU,LARI,KIJABE,BATHI,ILRI VILLAGES,3,MISS,-0.97,36.63,abfafc0e-2651-437b-a342-132c17b3e4c3,4077632.94775762,-107985.064540776
143,43,LARI HEALTH CENTRE,239,CENTRAL,KIAMBU,LARI,KIRENGA,ESCARPMENT,DDP,3,MOH,-1.02791,36.605,371fd6eb-16da-430c-bed1-318432e7b683,4074849.96048779,-114432.556460201
144,44,LIMURU HEALTH CENTRE,240,CENTRAL,KIAMBU,LIMURU,LIMURU,KAMIRITHU,DDP,3,MOH,-1.11593,36.6366,15b36565-0d84-4a16-afa7-642b5e062501,4078367.65639685,-124232.614009233
145,45,LIOKI MISSION DISP,3090,CENTRAL,KIAMBU,GITHUNGURI,IKINU,RIUKI,SUBLOC CENTROID,4,MISS,-1.102112,36.830408,0931ad44-2160-4011-ad38-377c3c8eb333,4099942.26426851,-122694.113085372
146,46,LITTLE SERVANT OF SACRET HEART DISP,435,CENTRAL,KIAMBU,KIAMBAA,KIAMBAA,NJORO(KIAMBU),SUBLOC CENTROID,4,MISS,-1.192355,36.771525,14b07bb7-ee30-4722-a953-7aa83181262d,4093387.43869213,-132741.933053969
147,61,UTANGE REFUGEE CAMP DISP,0,COAST,MOMBASA,KISAUNI,BAMBURI,MWEMBE LEGEZA,SUBLOC CENTROID,4,NGO,-3.979314,39.718534,c2165bc4-b83f-4bd4-9394-d1bf453a6d44,4421446.97993533,-443331.760664843
148,62,WATAMU DISP,558,COAST,MOMBASA,LIKONI,MTONGWE,MTONGWE,ILRI MKT CENTRES,4,MOH,-4.06546,39.6,ee5d5782-631e-4d60-8b47-69ca745ecff5,4408251.83541364,-452945.170967792
149,47,LUSIGETTI HEALTH CENTRE,2437,CENTRAL,KIAMBU,KIKUYU,KARAI,LUSINGETTI,1:50000 MAPS,3,MOH,-1.28,36.6136,c0ad9d70-9643-4864-8f9c-293d4a5fda76,4075807.30810861,-142500.802048177
150,0,BUGUTA DISP,0,COAST,TAITA TAVETA,VOI,KASIGAU,BUGUTA,SUBLOC CENTROID,4,MOH,-3.67546,38.654357,5c613a33-eac2-4f3d-bcf6-c79d39a32b2a,4302983.33818142,-409431.238963525
151,1,BURA DISP,704,COAST,TAITA TAVETA,MWATATE,BURA,NYOLO,DANIDA,4,MOH,-3.50013,38.315701,6783e4cf-967a-48e5-b737-e1aef3a1ec4f,4265284.32470733,-389875.256831768
152,48,MIGAA DISP,321,CENTRAL,KIAMBU,KIAMBAA,CIANDA,CIANDA,ILRI VILLAGES,4,MOH,-1.12,36.8,8fa16a47-83ba-4b38-a1ca-d0fcb9679a06,4096557.26119248,-124685.770598093
153,2,BURA MISSION DISP,705,COAST,TAITA TAVETA,MWATATE,BURA,NYOLO,DDP,4,MISS,-3.504139,38.289771,7bfd0ece-309e-4d79-a224-9b4eb9fcfb03,4262397.81031106,-390322.371646894
154,3,CHALA DISP,706,COAST,TAITA TAVETA,TAVETA,CHALA,CHALA,DANIDA,4,MOH,-3.29582,37.736031,6fea6ec4-954b-4a94-a843-294ce8e1b2d8,4200755.75547919,-367091.503949215
155,4,ELDORO MISSION DISP,707,COAST,TAITA TAVETA,TAVETA,KIMORIGO,KIMORIGO,DDP,4,MISS,-3.438287,37.694258,3cc14f7e-c665-44d1-9744-bbb689c6dca0,4196105.60639028,-382978.286269257
156,49,MIGUTA DISP,0,CENTRAL,KIAMBU,GITHUNGURI,GITHUNGURI,KIAIRIA,ILRI VILLAGES,4,MISS,-1.07,36.8,b0a5f1a5-f416-4030-afb3-724eda718279,4096557.26119248,-119118.77925781
157,5,GHAZI DISP,708,COAST,TAITA TAVETA,TAUSA,NGOLIA,GHAZI,DANIDA,4,MOH,-3.28928,38.446301,00fc232b-d91c-4487-aada-fd181269c349,4279822.65020493,-366362.27072869
158,50,MOST PRECIOUS BLOOD DISP,3903,CENTRAL,KIAMBU,LIMURU,TIGONI,RED HILL,ILRI VILLAGES,4,MISS,-1.18,36.7,fc37bcbb-73da-46df-b97a-e8b5e389b979,4085425.31211314,-131366.285950593
159,6,KAJIRE DISP,2883,COAST,TAITA TAVETA,VOI,SAGALLA,KISHAMBA(VOI),DANIDA,4,MOH,-3.51759,38.60778,93eb1ace-2036-4d24-9b64-4242d6751fa6,4297798.41025874,-391822.545641007
160,51,NAZARETH HOSPITAL,255,CENTRAL,KIAMBU,LIMURU,KARAMBAINI,KARAMBAINI,1:50000 MAPS,1,MISS,-1.13378,36.7257,88ee3880-28b4-400d-bff3-e9fe823a4508,4088286.22302654,-126220.04992638
161,7,KASIGAU HEALTH CENTRE,732,COAST,TAITA TAVETA,WUNDANYI,WERUGHA,MLONDO,DANIDA,3,MOH,-3.3842,38.3438,77e52734-d9e4-40fa-8af4-6e2e2ae8726d,4268412.29107913,-376946.661736213
162,8,KIMORIGO DISP,710,COAST,TAITA TAVETA,TAVETA,KIMORIGO,KIMORIGO,DANIDA,4,MOH,-3.46046,37.69194,36af8028-e384-4bd3-b7f9-7f3125306a2d,4195847.56781062,-385451.053139252
163,52,NDEIYA HEALTH CENTRE,3928,CENTRAL,KIAMBU,LIMURU,NDEIYA,NDERU,DDP,3,MOH,-1.16975,36.5942,450df785-acf5-481e-ba2d-736f024c46a7,4073647.70998722,-130225.02124138
164,9,KISHUSHE DISP,711,COAST,TAITA TAVETA,WUNDANYI,KISHUSHE,KISHUSHE,DANIDA,4,MOH,-3.2783,38.323799,55d590be-4fed-441d-8461-eacc941cb3b5,4266185.78994377,-365137.972496779
165,53,NDERU DISP,221,CENTRAL,KIAMBU,LIMURU,NDEIYA,NDERU,1:50000 MAPS,4,MOH,-1.142793,36.60586,e82d738a-517f-4fbf-a9e7-03fd4472b83b,4074945.69524987,-127223.570532008
166,10,KITOBO DISP,2884,COAST,TAITA TAVETA,TAVETA,KIMORIGO,KITOBO,DANIDA,4,MOH,-3.44028,37.613098,7ff59ae2-dfa4-4fa5-9613-5f33d1d77755,4187070.9165175,-383200.546320048
167,54,NDURIRI DISP,0,CENTRAL,KIAMBU,LARI,NYANDUMA,GACHOIRE,1:50000 MAPS,4,MISS,-0.984242,36.70945,20947a9b-44f3-4eea-84ea-b7e8f947d5dd,4086477.28130114,-109570.707309881
168,11,KITOBO DISP,0,COAST,TAITA TAVETA,TAVETA,KIMORIGO,KITOBO,SUBLOC CENTROID,4,MISS,-3.455871,37.63136,3babd043-0045-4db3-84e2-a0bdf76b6406,4189103.83305837,-384939.276104609
169,55,NDURIRI DISP,3974,CENTRAL,KIAMBU,LARI,NYANDUMA,GACHOIRE,1:50000 MAPS,4,MOH,-0.984685,36.70901,5802edd9-9a3a-4558-88cb-07d8eabbf3f6,4086428.30072519,-109620.029124655
170,12,MAKWASINJI DISP,4655,COAST,TAITA TAVETA,VOI,KASIGAU,MAKWASINYI,DANIDA,4,MOH,-3.81333,38.681469,add7f338-a0d8-4440-aee9-9404517bc064,4306001.4322158,-424811.693294652
171,13,MANYANI DISP,3313,COAST,TAITA TAVETA,TSAVO N. PARK,TSAVO N. PARK,TSAVO N. PARK,ILRI MKT CENTRES,4,MOH,-3.089864,38.477242,4aab05b6-7c04-4e80-a510-e4ded63e5547,4283266.98656956,-344128.930373774
172,56,NGARARIGA MISSION DISP,3100,CENTRAL,KIAMBU,LIMURU,LIMURU,BIBIRIONI,1:50000 MAPS,4,MISS,-1.069369,36.617117,214bc85c-fc9a-4831-907d-cbbc2242ed45,4076198.81875773,-119048.524415783
173,0,MARUNGU DISP,0,COAST,TAITA TAVETA,VOI,KASIGAU,BUGUTA,SUBLOC CENTROID,4,MISS,-3.674076,38.659203,9110c3cc-9f6a-4fb5-ab18-1e994bb17d71,4303522.7924338,-409276.855366379
174,14,MATA DISP,714,COAST,TAITA TAVETA,TAVETA,JIPE,MATA,DANIDA,4,MOH,-3.47483,37.7561,333a9383-13b2-441a-b275-f0ce32f99efb,4202989.82633992,-387053.648396255
175,57,NGECHA ORTHODOX  DISP,0,CENTRAL,KIAMBU,LIMURU,NGECHA,NGECHA,SUBLOC CENTROID,4,MISS,-1.169356,36.670303,39c5ff3b-acc2-4cd6-b588-a2af943cd03f,4082119.45719506,-130181.15222282
176,15,MBALE HEALTH CENTRE,733,COAST,TAITA TAVETA,WUNDANYI,MBALE,MBALE CENTRAL,DANIDA,3,MOH,-3.3793,38.383011,76791094-c9a2-4746-a5b1-a0d964ff8c7b,4272777.23963263,-376400.24473759
177,58,NGEWA HEALTH CENTRE,243,CENTRAL,KIAMBU,GITHUNGURI,NGEWA,NYAGA,1:50000 MAPS,3,MOH,-1.092343,36.863964,7e476880-e6e2-4692-97f3-b71d6d9fb3c5,4103677.70110158,-121606.433541466
178,16,MGANGE DISP,715,COAST,TAITA TAVETA,WUNDANYI,MGANGE,MGANGE NYIKA,DANIDA,4,MOH,-3.40141,38.313862,ebe0efd3-12c9-44ce-8825-c9b20e009232,4265079.60816376,-378865.833975504
179,59,NYAGA HEALTH CENTRE,0,CENTRAL,KIAMBU,GITHUNGURI,NGEWA,NYAGA,DDP,3,MOH,-1.10326,36.8716,290aae2f-720a-49ee-b6cf-231cf5b055a4,4104527.73673327,-122821.931531368
180,17,MGANGE DISP,0,COAST,TAITA TAVETA,WUNDANYI,WERUGHA,WERUGHA,ILRI VILLAGES,4,MISS,-3.39,38.32,6507b65c-ac73-4c11-b6fc-4f88be6d0b5e,4265762.88719825,-377593.444612326
181,18,MNENGWA  DISP,4008,COAST,TAITA TAVETA,MWATATE,MWAKITAU,GODOMA(TAVETA),PSI,4,MOH,-3.4314,38.2421,855ed84f-d364-402d-a339-8e852771ae6f,4257091.09886545,-382210.24921637
182,60,NYATHUNA HEALTH CENTRE,260,CENTRAL,KIAMBU,KIKUYU,NYATHUNA,KIRANGARI(KIAMBU),DDP,3,MOH,-1.20204,36.7031,dedd5962-f54f-4a78-9014-567256df24ba,4085770.40253461,-133820.297723441
183,19,MOI VOI DISTRICT HOSPITAL,739,COAST,TAITA TAVETA,VOI,VOI,KALOLENI(TAVETA),DANIDA,1,MOH,-3.39091,38.56205,57a71f4b-e1a7-48f0-81fa-a85c17b0fa3d,4292707.76994476,-377694.922967124
184,61,P.C.E.A GATHIRUINI DISP,0,CENTRAL,KIAMBU,GITHUNGURI,KOMOTHAI,KIBICHOI,SUBLOC CENTROID,4,MISS,-1.049952,36.87118,d6798702-2c98-45c6-976a-d4932c3737b2,4104480.98254714,-116886.664132251
185,20,MPINZINYI HEALTH CENTRE,734,COAST,TAITA TAVETA,MWATATE,KISHAMBA,KAYA/ILOLE,DANIDA,3,MOH,-3.45746,38.37886,4355d6e3-ef6e-4ada-baa5-adbe97a544d4,4272315.15242634,-385116.485174473
186,62,P.C.E.A. KIKUYU HOSPITAL,2441,CENTRAL,KIAMBU,KIKUYU,KIKUYU,KIKUYU TOWNSHIP,DDP,1,MISS,-1.26667,36.6667,39e440c6-29cb-404f-a1aa-733f8a82a98c,4081718.37306973,-141016.546709886
187,21,MRUGUA DISP,717,COAST,TAITA TAVETA,MWATATE,BURA,MURUGUA,DANIDA,4,MOH,-3.43486,38.290909,dd0807b5-8616-4e3a-9541-44b241a90432,4262524.49189158,-382596.107127351
188,22,MSAU DISP,718,COAST,TAITA TAVETA,TAUSA,RONGE,MSAU/RAHAI,DANIDA,4,MOH,-3.4139,38.408401,e96b6953-e5ce-42bc-9271-cdc158e8d1ae,4275603.64150386,-380258.677110655
189,63,RAGIA FOREST DISP,225,CENTRAL,KIAMBU,LARI,KAMAE,KAMAE,ILRI VILLAGES,4,MOH,-0.790616,36.661129,ffda6756-b24a-458e-8f44-bad5f1e0ea34,4081098.21218652,-88013.7636695538
190,23,MWAKITAU DISP,719,COAST,TAITA TAVETA,MWATATE,MWAKITAU,MWAKITAU,DANIDA,4,MOH,-3.40801,38.136189,86720976-081e-4a4e-9e28-0f261ae1d118,4245301.14027605,-379601.841706129
191,64,RAGIA HEALTH CENTRE,2449,CENTRAL,KIAMBU,LARI,KAMAE,KAMAE,DDP,3,MOH,-0.791728,36.6759,603bd538-5cbe-4b51-a26b-5924b750f55d,4082742.51238503,-88137.5627459044
192,24,MWAMBIRWA DISP,720,COAST,TAITA TAVETA,MWAMBIRWA,RONGE JUU,KISHAU/KIWETO,DANIDA,4,MOH,-3.35282,38.431301,06a40193-18b5-4dfe-8d29-7797a5fe1dc6,4278152.85784303,-373447.410317154
193,65,THIGIO MISSION DISP,227,CENTRAL,KIAMBU,LIMURU,NDEIYA,THIGIO(KIAMBU),ILRI VILLAGES,4,MISS,-1.18,36.6,df4260c7-3b52-4fd4-bd28-b0d52a51649d,4074293.36303382,-131366.285950593
194,25,MWANDA DISP,721,COAST,TAITA TAVETA,WUNDANYI,MWANDA,KISHAMBA(WUNDANYI),DANIDA,4,MOH,-3.40195,38.285809,071b0a38-8e81-4d58-872d-99f677db2b83,4261956.76248853,-378926.052600417
195,66,TIGONI SUB-DISTRICT HOSPITAL,257,CENTRAL,KIAMBU,LIMURU,TIGONI,ITHANJI(KIAMBU),DDP,1,MOH,-1.12859,36.6493,a65959eb-f5e0-4ff6-ab73-f2620549a07f,4079781.41392993,-125642.189152704
196,26,MWATATE HEALTH CENTRE,735,COAST,TAITA TAVETA,MWATATE,MWACHABO,MWACHABO,DANIDA,3,MOH,-3.50728,38.368629,82c4fc31-fc33-4a87-8d0f-44dc7401ca77,4271176.24271604,-390672.681699219
197,27,NDOME DISP,723,COAST,TAITA TAVETA,TAUSA,NGOLIA,NDOME,DANIDA,4,MOH,-3.297,38.477959,b555354b-aba6-469d-bce3-32cf624399d2,4283346.80264446,-367223.078649031
198,67,TIN'GAN'GA DISP,229,CENTRAL,KIAMBU,KIAMBAA,TING'ANG'A,TING'ANG'A,DDP,4,MISS,-1.13366,36.8083,7cd20b91-7b17-41e9-b11d-64be804f29a4,4097481.21296606,-126206.688971958
199,35,NDOVU DISP,727,COAST,TAITA TAVETA,VOI,VOI,MWANGEA,ILRI MKT CENTRES,4,MOH,-3.394956,38.551224,ea2505d0-3772-4696-9d33-c22cef5056d8,4291502.62513743,-378146.112501167
200,28,NJUKINI DISP,724,COAST,TAITA TAVETA,TAVETA,NJUKINI,NJUKINI(TAVETA),DANIDA,4,MOH,-3.19,37.725128,293e45c1-82e7-4d7f-b3f9-c7c038b1edf2,4199542.03907107,-355292.780196065
201,68,UPLANDS DISP,230,CENTRAL,KIAMBU,LARI,LARI,GITHIRIONI,DDP,4,MOH,-1.04691,36.6778,13727bba-f704-4c45-af06-e54df3b3e6ab,4082954.01941754,-116547.973539599
202,29,NYACHE HEALTH CENTRE,736,COAST,TAITA TAVETA,WUNDANYI,WUMINGU,NYACHE,DANIDA,3,MOH,-3.33836,38.380901,407d8781-86e8-4a46-94df-25be305a4e00,4272542.35550705,-371834.982410482
203,69,UTHIRU DISP,231,CENTRAL,KIAMBU,KIKUYU,KINOO,UTHIRU(KIAMBU),1:50000 MAPS,4,MOH,-1.2526,36.7086,a01571c9-0074-4c84-9bdc-1fedb702a7b3,4086382.65973397,-139449.902882387
204,30,SAGAIGU DISP,2881,COAST,TAITA TAVETA,MWATATE,BURA,SAGHAIGU,DANIDA,4,MOH,-3.43297,38.3335,79113a9c-10c4-407e-81fe-5b357618270e,4267265.70032396,-382385.334858231
205,70,WANGIGE HEALTH CENTRE,249,CENTRAL,KIAMBU,KIKUYU,NYATHUNA,KARURA(KIKUYU),1:50000 MAPS,3,MOH,-1.21737,36.7261,9bc4c131-81bf-4337-a2b2-d75eecc6e267,4088330.75082285,-135527.205955002
206,31,SAGALA HEALTH CENTRE,737,COAST,TAITA TAVETA,VOI,SAGALLA,TERI,DANIDA,3,MOH,-3.49354,38.582191,a443668a-6e34-4f29-9b4f-87b23f94a0c4,4294949.85580883,-389140.293008749
207,1,BARICHO HEALTH CENTRE,297,CENTRAL,KIRINYAGA,NDIA,MWERUA,KIANJANG'A,DDP,3,MOH,-0.563405,37.2305,a1833f6c-13d4-4774-86e9-706fcc8632d4,4144480.30197898,-62718.9684686042
208,32,SHELEMBA DISP,725,COAST,TAITA TAVETA,TAUSA,RONGE,RONG'E NYIKA,DANIDA,4,MOH,-3.43161,38.46846,695f84bb-7280-4a32-ada3-b1e90b721c57,4282289.37880142,-382233.668298299
209,33,TAUSA DISP,3923,COAST,TAITA TAVETA,TAUSA,MBOLOLO,TAUSA,DANIDA,4,MOH,-3.34175,38.50169,df9f8d45-cb1a-4111-af2e-6992341cea81,4285988.52548048,-372212.997607349
210,2,BARICHO MISS H C,3082,CENTRAL,KIRINYAGA,NDIA,MWERUA,KIANJANG'A,HD MAPS,3,MISS,-0.568805,37.2387,90a14258-079b-4947-9e0a-0dd668ec225c,4145393.12180348,-63320.1230618987
211,34,TAVETA DISTRICT HOSPITAL,740,COAST,TAITA TAVETA,TAVETA,BOMANI,MBOGHONI,DANIDA,1,MOH,-3.3987,37.67725,2a1686ca-7c2a-45c9-ac0c-b1b7d7130ab9,4194212.28449087,-378563.626200536
212,3,CASTLE FOREST DISP,3763,CENTRAL,KIRINYAGA,GICHUGU,KARUMANDI,THUMAITA,1:50000 MAPS,4,MOH,-0.42234,37.351234,43428036-1796-490c-839c-8e193c73777f,4157920.34938041,-47015.0995039656
213,36,WERUGHA DISP,729,COAST,TAITA TAVETA,VOI,KASIGAU,RUKANGA(TAVETA),DANIDA,4,MOH,-3.81356,38.639858,e25f04ff-6daa-47ab-94b2-e98ec3da7947,4301369.3168844,-424837.353592279
214,37,WESU DISTRICT HOSPITAL,741,COAST,TAITA TAVETA,WUNDANYI,WUNDANYI,WUNDANYI,DANIDA,1,MOH,-3.40885,38.342159,54f51fd2-4c18-4978-9a33-2dbd11c07afd,4268229.61579474,-379695.515779284
215,4,CHRISTIAN COMMUNITY SERVICES BASE DISP,0,CENTRAL,KIRINYAGA,CENTRAL,INOI,NDIMI,HD MAPS,4,MISS,-0.49407,37.2597,6bc9a29e-2748-4860-ba44-63540a797378,4147730.83111014,-55000.3024454852
216,38,WUNDANYI HEALTH CENTRE,738,COAST,TAITA TAVETA,WUNDANYI,WUNDANYI,WUNDANYI,DDP,3,MOH,-3.41828,38.359781,19e65895-ced7-4df9-bb02-1b16dbe0860f,4270191.2878615,-380747.12438583
217,5,CIAGINI DISP,86,CENTRAL,KIRINYAGA,MWEA,THIBA,WAMUMU,HD MAPS,4,MOH,-0.75776,37.3783,ebed50b9-bde4-47d4-80b2-bcca19bb4315,4160933.32271822,-84355.9165144366
218,39,WUSI WUKESIA DISP,730,COAST,TAITA TAVETA,MWATATE,CHAWIA,CHAWIA,DDP,4,MISS,-3.469733,38.354562,c6bf916e-5f14-4fa4-a523-ed06b10a91d8,4269610.31143904,-386485.209420106
219,1,ASAKO DISP,1188,COAST,TANA RIVER,BANGALE,MBALAMBALA,ASAKO,SUBLOC CENTROID,4,MOH,-0.151968,39.014671,8142fc35-d425-4d4c-99b5-2f92247d9db6,4343093.30918711,-16917.0202118527
220,6,DIFATHAAS CATHOLIC DISP,4713,CENTRAL,KIRINYAGA,MWEA,MURINDUKO,KAMUNYANGE,1:50000 MAPS,4,MISS,-0.551802,37.400901,69c7d53a-81a4-4665-8cd6-25b16bb84945,4163449.25452964,-61427.2672453047
221,2,ASSA DISP,742,COAST,TANA RIVER,GARSEN,ASSA,ASSA,DANIDA,4,MOH,-2.05182,39.424629,bdea683f-b8e9-4a35-92fa-4e26e2fa6942,4388729.62499373,-228456.392661027
222,7,DIFATHAS DISP,263,CENTRAL,KIRINYAGA,MWEA,MURINDUKO,KAMUNYANGE,HD MAPS,4,MOH,-0.59514,37.4125,352e3d74-69c6-4fb9-98a4-d2185ed5d3b7,4164740.44930336,-66251.8731129478
223,3,BANGALE DISP,743,COAST,TANA RIVER,BANGALE,BANGALE,BANGALE,DANIDA,4,MOH,-0.72541,39.016659,86c312fa-b7c5-4ae4-b369-0aee62e39091,4343314.6123348,-80754.4292761554
224,8,GACHIONGO DISP,264,CENTRAL,KIRINYAGA,GICHUGU,NJUKIINI,NGIRIAMBU,HD MAPS,4,MOH,-0.50091,37.4056,9d1bfbdb-5538-44f8-822e-7595a07cc4a9,4163972.34481688,-55761.7564664349
225,4,BURA CATHOLIC DISP(TANA RIVER),744,COAST,TANA RIVER,BURA,CHEWELE,WADESA,ILRI MKT CENTRES,4,MISS,-1.084244,39.91806,7d6ec7b2-116a-47ea-973e-025fca7921df,4443658.11265534,-120704.694323301
226,32,KIANDAI ACK DISP,4721,CENTRAL,KIRINYAGA,GICHUGU,KIRIMA,GACHIGI,ILRI VILLAGES,4,MISS,-0.48,37.3,8d2c3b1b-6f8a-4c0c-88a4-18f5b030a15f,4152217.00658911,-53433.9806182005
227,5,BURA HEALTH CENTRE,791,COAST,TANA RIVER,BURA,BURA,METI,DANIDA,3,MOH,-1.18281,39.838829,c916302f-df7e-42da-b0eb-a73325a68372,4434838.1580803,-131679.160228203
228,9,GATHAMBI DISP,265,CENTRAL,KIRINYAGA,CENTRAL,INOI,NDIMI,HD MAPS,4,MOH,-0.48343,37.2483,9a31fd07-850d-497a-9693-a685a580a55d,4146461.7889151,-53815.8199669979
229,33,KIANGAI DISP,281,CENTRAL,KIRINYAGA,NDIA,MUKURE,MUKURE,HD MAPS,4,MOH,-0.48115,37.2073,dd1033e6-7604-495a-b104-be20d26fb6c8,4141897.68979257,-53562.002535895
230,6,BURA NYS DISP,745,COAST,TANA RIVER,BURA,BURA,METI,DANIDA,4,MOH,-1.18688,39.82103,73a654cb-aae1-4481-bd1e-b1847ff9d49f,4432856.78246368,-132132.327448478
231,10,GATHIGIRIRI DISP,266,CENTRAL,KIRINYAGA,MWEA,TEBERE,KARUKUNGU,HD MAPS,4,MOH,-0.71293,37.4391,7be93298-a821-4b25-a29d-2688d33fb78a,4167701.54775845,-79365.0525817371
232,34,KIANG'OMBE DISP,282,CENTRAL,KIRINYAGA,GICHUGU,KABARE,KIRITINI,HD MAPS,4,MOH,-0.49635,37.3129,3e14bfc8-66a4-4b7f-83ad-858b74414ef2,4153653.02802035,-55254.1203648316
233,35,KIANJEGE DISP,283,CENTRAL,KIRINYAGA,NDIA,KIINE SOUTH,NYANGIO,HD MAPS,4,MOH,-0.5883,37.1624,6956a575-4b94-45d2-8bce-feb7e2f47fcb,4136899.44465595,-65490.4071881929
234,7,CHEWANI DISP,748,COAST,TANA RIVER,GALORE,CHEWANI,CHEWANI,DANIDA,4,MOH,-1.43728,40.02169,d536f051-51f4-41f0-8bc2-8d568075463c,4455194.15148625,-160014.060633738
235,11,GATUGURA DISP,267,CENTRAL,KIRINYAGA,GICHUGU,KIRIMA,MUTIGE,HD MAPS,4,MOH,-0.45683,37.316,dbbbc1fb-d15f-4c59-b868-16a7dd1b0529,4153998.1184418,-50854.6218012458
236,36,KIANYAGA H C,299,CENTRAL,KIRINYAGA,GICHUGU,BARAGWI,GATU,HD MAPS,3,MOH,-0.50091,37.3296,ff76ad36-2e89-445b-838a-59eeaf0caf25,4155512.06351659,-55761.7564664349
237,12,GATUMBI S D A DISP,268,CENTRAL,KIRINYAGA,GICHUGU,NGARIAMA,THIRIKWA,HD MAPS,4,MISS,-0.45759,37.3798,35da9a62-6931-42b0-a8d2-8ad9dc959ad7,4161100.30195441,-50939.2273079647
238,8,CHEWELE DISP,749,COAST,TANA RIVER,BURA,CHEWELE,CHEWELE,DANIDA,4,MOH,-1.158,39.951618,e72a9d9a-1dd3-4b34-ba40-56ec0dc5ef19,4447393.77212739,-128916.747310898
239,37,KIANYAGA MISS H C,3081,CENTRAL,KIRINYAGA,GICHUGU,BARAGWI,RWAMBITI,HD MAPS,3,MISS,-0.51079,37.3426,5bd21371-6d77-4463-822a-44cca6aec42d,4156959.2168969,-56861.6359025875
240,13,GATWE DISP,269,CENTRAL,KIRINYAGA,CENTRAL,KERUGOYA,KIMANDI,HD MAPS,4,MOH,-0.46443,37.284,02a24565-238e-4575-83e1-e98c8e799682,4150435.89473642,-51700.6772736017
241,9,CHIFIRI DISP,0,COAST,TANA RIVER,GALORE,CHIFIRI,CHIFIRI,DDP,4,MOH,-1.191098,39.164769,f3f4ce6c-4c3f-4528-a9d6-2f14b7f46534,4359802.14211619,-132601.974180533
242,38,KIARAGANA DISP,284,CENTRAL,KIRINYAGA,NDIA,MUKURE,KANYOKORA,HD MAPS,4,MOH,-0.51231,37.2035,a5cd6de5-1f43-45f6-9b88-d461fc286c9d,4141474.67572756,-57030.8482727967
243,14,GIRIAMBU ACK DISP,0,CENTRAL,KIRINYAGA,GICHUGU,NJUKIINI,NGIRIAMBU,SUBLOC CENTROID,4,MISS,-0.497068,37.38695,9a6d73a1-a62c-4768-909c-9c8cfd66bc0b,4161896.23631359,-55334.050762794
244,10,DABA DISP,750,COAST,TANA RIVER,GALORE,WAYU,WAYU,ILRI VILLAGES,4,MISS,-1.57,39.45,ad6ab973-0d7b-43f9-8d42-e8e8dd961bb6,4391553.91179465,-174793.475904276
245,39,KIBIRIGWI DISP,285,CENTRAL,KIRINYAGA,NDIA,KIINE SOUTH,NYANGIO,HD MAPS,4,MOH,-0.55638,37.1495,14c8dbf8-c18a-47cd-b3fe-fb0b3c509eea,4135463.42322472,-61936.9117057612
246,15,GITHUANI C P K DISP,4716,CENTRAL,KIRINYAGA,NDIA,KIINE SOUTH,THIGIRICHI,HD MAPS,4,MISS,-0.62098,37.1792,20abf07c-a2fc-4ccd-9521-1ed258d1f765,4138769.61210128,-69128.5307744699
247,12,ELDORO DISP(TANA RIVER),751,COAST,TANA RIVER,TSAVO E  N .PARK,TSAVO E  N .PARK,TSAVO E N PARK,ILRI VILLAGES,4,MISS,-2.97,39.11,59a8014c-8c45-4667-927e-53a2b99da0c9,4353705.28492494,-330767.049341857
248,40,KIMBIMBI HEALTH CENTRE,300,CENTRAL,KIRINYAGA,MWEA,NYANGATI,NYANGATI,GPS,3,MOH,-0.61705,37.3651,4ecaa74a-7df7-479e-87fb-e90547175025,4159463.90543975,-68691.0196419688
249,16,GITHURE DISP,4724,CENTRAL,KIRINYAGA,GICHUGU,NGARIAMA,THIRIKWA,HD MAPS,4,MISS,-0.47051,37.3836,4ea572cb-07b1-4024-909d-507a29c8da44,4161523.31601943,-52377.5223057579
250,13,EMMAUS DISP,752,COAST,TANA RIVER,GALORE,KIARIKUNGU,KIARIKUNGU,ILRI MKT CENTRES,4,MISS,-1.499007,40.02795,921c846c-c94a-48de-8365-ffa313a25dc2,4455891.01149862,-166887.735631277
251,41,KIUMBUINI DISP,286,CENTRAL,KIRINYAGA,MWEA,TEBERE,KARUKUNGU,HD MAPS,4,MOH,-0.72129,37.474,0341c125-fb5d-40dd-a280-0407408505f4,4171586.59798714,-80295.7564213299
252,17,JESMOND MBURI DISP,0,CENTRAL,KIRINYAGA,GICHUGU,NJUKIINI,MIRICHI,HD MAPS,4,MISS,-0.5237,37.3988,f24aa066-89e8-46c5-a3ee-69fc67d8d2e5,4163215.37227949,-58298.8290956137
253,14,GARSEN HEALTH CENTRE,792,COAST,TANA RIVER,GARSEN,BILISA,CHIRA,DANIDA,3,MOH,-2.27091,40.10762,3454908a-288a-4cd7-8911-1f2484deab22,4464759.83533012,-252862.758112333
254,42,KUTUS CATHOLIC DISP,4714,CENTRAL,KIRINYAGA,CENTRAL,KUTUS,KAMUIGUA,GPS,4,MISS,-0.56432,37.32517,cb265e38-ffc6-4552-a85d-85a326e7bca3,4155018.91817238,-62820.8307353411
255,18,KABARE DISP,270,CENTRAL,KIRINYAGA,GICHUGU,KABARE,KIRITINI,HD MAPS,4,MOH,-0.51458,37.3175,372c4db6-7b22-4bf3-9409-df133a6b7c55,4154165.09767799,-57283.5536636
256,15,HOLA DISTRICT HOSPITAL,795,COAST,TANA RIVER,GALORE,KIARIKUNGU,KIARIKUNGU,DANIDA,1,MOH,-1.4988,40.030251,75ff5581-7d3c-487a-baeb-fbee7534e58e,4456147.15764694,-166864.684609217
257,43,MBIRI ACK DISP,4727,CENTRAL,KIRINYAGA,GICHUGU,NJUKIINI,NGERWE,ILRI VILLAGES,4,MISS,-0.48,37.4,1ae25da1-424d-40c5-8e48-1d0726f4ec82,4163348.95566844,-53433.9806182005
258,19,KAGIO CATHOLIC DISP,271,CENTRAL,KIRINYAGA,NDIA,MWERUA,KITHUMBU,HD MAPS,4,MISS,-0.63009,37.227,18384cfc-15dc-4e11-92b9-2cce3739fd62,4144090.6837612,-70142.7117787027
259,16,HOLA MISSION DISP,2454,COAST,TANA RIVER,GALORE,ZUBAKI,HOLA,SUBLOC CENTROID,4,MISS,-1.512465,40.03208,265f34c7-bf15-4723-8e3c-eb8a96c04b82,4456350.7609956,-168386.390828455
260,44,MBURI ACK DISP,4729,CENTRAL,KIRINYAGA,CENTRAL,KERUGOYA,KAITHERI,1:50000 MAPS,4,MISS,-0.52252,37.29279,301e3e1a-e71f-41ab-adcb-6324cc6cc9ee,4151414.39306049,-58167.4666215347
261,17,HURUMA DISP,753,COAST,TANA RIVER,BURA,CHEWELE,WADESA,ILRI MKT CENTRES,4,MISS,-1.084244,39.918406,398f5bc4-5fe0-430c-8548-c9023304866e,4443696.62919916,-120704.694323301
262,20,KAGUMO DISP,272,CENTRAL,KIRINYAGA,NDIA,MUTIRA,KABARI(NDIA),GPS,4,MOH,-0.47139,37.23641,8af16e50-e389-414d-82c6-aada2155e37c,4145138.20016956,-52475.4867669887
263,18,IDSOWE DISP,754,COAST,TANA RIVER,GARSEN,BILISA,GARSEN,DANIDA,4,MOH,-2.29391,40.122978,2c65716a-6121-4f63-a27f-490680c921bb,4466469.48006972,-255425.139235162
264,21,KAMWETI DISP,274,CENTRAL,KIRINYAGA,GICHUGU,KIRIMA,NJUKU,HD MAPS,4,MOH,-0.44391,37.3099,57052718-b5d6-45cb-9385-67dc73dfde54,4153319.06954796,-49416.3295438502
265,45,MUGUMO (ACK) DISP,4720,CENTRAL,KIRINYAGA,GICHUGU,KIRIMA,NJUKU,1:50000 MAPS,4,MISS,-0.432433,37.30495,818ae2ff-e4c7-4050-8ddf-889b3994f609,4152768.03806854,-48138.6783844758
266,19,KAU DISP,755,COAST,TANA RIVER,KIPINI,KILELENGWANI,KAU,SUBLOC CENTROID,4,MOH,-2.473381,40.453161,a4d6bbcf-0f24-488e-9c3f-7ce14c29989d,4503225.28349832,-275421.069394279
267,22,KANDONGO DISP,275,CENTRAL,KIRINYAGA,MWEA,THIBA,NGUKA,HD MAPS,4,MOH,-0.66505,37.3038,4eff007a-766d-41ab-8716-9d888d3d8f70,4152640.02065412,-74034.6898159395
268,46,MUMBUINI DISP,3860,CENTRAL,KIRINYAGA,MWEA,MURINDUKO,MIUU,HD MAPS,4,MOH,-0.67797,37.4634,4f887143-ece5-41eb-a1d1-2baf0d6c4e80,4170406.61138473,-75473.0364244203
269,20,KIARUKUNGU DISP,756,COAST,TANA RIVER,GALORE,KALKACHA,DAYATE,1:50000 MAPS,4,MISS,-1.47434,39.9648,a3793749-4efb-4874-a0af-4028efbf6e06,4448861.18565502,-164140.893106272
270,23,KANGAITA DISP,276,CENTRAL,KIRINYAGA,CENTRAL,KERUGOYA,KAGUYU(CENTRAL),HD MAPS,4,MOH,-0.48951,37.2719,6bf4b1b7-afb1-4cda-aed6-91dd20614b8a,4149088.92889782,-54492.6668676792
271,21,KIPAO DISP,0,COAST,TANA RIVER,GARSEN,KIPAO,KIPAO,SUBLOC CENTROID,4,MOH,-2.422858,40.216583,81319f94-572c-463b-b485-cc4d37b446fe,4476889.54100543,-269791.736735329
272,47,MUNGANGA CPK DISP,289,CENTRAL,KIRINYAGA,NDIA,MWERUA,KITHUMBU,ILRI MKT CENTRES,4,MISS,-0.621,37.254,8d6dbfc0-9cca-41f1-a19e-354b7cd5c9e7,4147096.31001262,-69130.7572950524
273,23,KIPINI HEALTH CENTRE,793,COAST,TANA RIVER,KIPINI,KIPINI,KIPINI,DANIDA,3,MOH,-2.5308,40.541761,637bedd0-03ba-47f9-af38-3dba4df62c5b,4513088.1903826,-281819.023125521
274,48,MURINDUKO DISP,3035,CENTRAL,KIRINYAGA,MWEA,MURINDUKO,MUGAMBA-CIURA,GPS,4,MOH,-0.57294,37.44077,8a601b3e-7f99-42b4-b275-7423c1c93177,4167887.45130808,-63780.4520054554
275,24,KANGARU HEALTH CENTRE,908,CENTRAL,KIRINYAGA,NDIA,MWERUA,MAITHARUI,1:50000 MAPS,3,MOH,-0.582134,37.221234,cc4a6bce-743e-4da6-b20f-1ce382795289,4143448.81557729,-64803.9754019259
276,25,KARAINI C P K DISP,4719,CENTRAL,KIRINYAGA,CENTRAL,KERUGOYA,KAGUYU(CENTRAL),HD MAPS,4,MISS,-0.50243,37.2726,2f1ac229-42d0-4793-8edb-8a905708019b,4149166.85254138,-55930.9685786321
277,24,KORATI DISP,2506,COAST,TANA RIVER,BANGALE,BUWA,KORATI,SUBLOC CENTROID,4,MOH,-0.19679,39.359733,cc058971-b811-4b95-b620-28bdb244813d,4381505.43531921,-21906.6056642151
278,49,MUTHITHI DISP,290,CENTRAL,KIRINYAGA,MWEA,MUTITHI,KABIRIRI,HD MAPS,4,MOH,-0.73269,37.3038,138b325a-bc46-4211-ae6e-488b4eb37d45,4152640.02065412,-81564.9007798584
279,25,MADOGO HEALTH CENTRE,794,COAST,TANA RIVER,MADOGO,MADOGO,MADOGO,DANIDA,3,MOH,-0.47267,39.607311,fc8dd31d-fa5d-4f7b-be46-e7fe2dd77f96,4409065.69221083,-52617.9805508866
280,26,MAJENGO DISP,758,COAST,TANA RIVER,WENJE,GWANO,HARA(TRIVER),ILRI MKT CENTRES,4,MOH,-1.903,40.1135,416fa94e-41e4-4e8f-9ef6-ab96e3e13bd9,4465414.39393598,-211879.950253569
281,27,KARUMANDI DISP,277,CENTRAL,KIRINYAGA,GICHUGU,KARUMANDI,KIARURI,HD MAPS,4,MOH,-0.45683,37.3456,f9c12fa5-11bd-4b35-b3ee-a778b07ce39d,4157293.17536928,-50854.6218012458
282,50,MUTIRA ACK DISP,4718,CENTRAL,KIRINYAGA,NDIA,MUTIRA,KAGUMO(KIRINYAGA),ILRI VILLAGES,4,MISS,-0.48,37.23,b4732e36-75f0-49ca-9b89-33da91b2bd7a,4144424.64223358,-53433.9806182005
283,27,MAKERE DISP,760,COAST,TANA RIVER,GALORE,MAKERE,BUBU,DANIDA,4,MOH,-1.3372,40.000669,eac792f2-0dfd-42ed-95de-ae78767db07d,4452854.10447029,-148869.938303287
284,28,KERUGOYA CATHOLIC DISP,278,CENTRAL,KIRINYAGA,CENTRAL,KERUGOYA,KAGUYU(CENTRAL),GPS,4,MISS,-0.49509,37.27838,ed0580ad-8ff0-4add-9a63-b2c41b8649fc,4149810.27919816,-55113.8525565056
285,28,MAKERE DISP,3817,COAST,TANA RIVER,GALORE,MAKERE,BUBU,1:50000 MAPS,4,MISS,-1.331081,40.009009,01906291-23f2-4656-995f-f7c4dd165ac1,4453782.50902351,-148188.589634218
286,52,MWEA MISS HOSPITAL,302,CENTRAL,KIRINYAGA,MWEA,THIBA,NGUKA,GPS,1,MISS,-0.66137,37.34924,55cf45b3-afd8-4881-a10c-9d6e83ee846c,4157698.37831577,-73625.0066443159
287,29,KERUGOYA CPK DISP,279,CENTRAL,KIRINYAGA,CENTRAL,KERUGOYA,KAGUYU(CENTRAL),GPS,4,MISS,-0.50107,37.27819,61e4f4fc-6e15-40f1-8fe4-3e7cab1b461e,4149789.12849491,-55779.5682658689
288,53,NGIRIAMBU DISP,4728,CENTRAL,KIRINYAGA,GICHUGU,NJUKIINI,NGIRIAMBU,HD MAPS,4,MISS,-0.50167,37.3828,087fd3a9-6fe4-43bc-8366-5b69d4f8b03c,4161434.26042679,-55846.3625176165
289,29,MAREMBO DISP,0,COAST,TANA RIVER,GARSEN,MWINA,SERA,ILRI VILLAGES,4,MOH,-2.12,40.07,9fdfb767-2a44-42c1-ade8-e8747650a2e3,4460571.99608648,-236051.18849489
290,54,NGUKA DISP,292,CENTRAL,KIRINYAGA,MWEA,THIBA,THIBA,HD MAPS,4,MOH,-0.68633,37.316,8aa53950-a339-46a8-b8b7-93fa46382298,4153998.1184418,-76403.7333293381
291,30,KERUGOYA DISTRICT HOSPITAL,301,CENTRAL,KIRINYAGA,CENTRAL,KERUGOYA,KAGUYU(CENTRAL),GPS,1,MOH,-0.50132,37.2805,eae7b9f4-5308-4f37-873b-7e016d7c36d3,4150046.27651864,-55807.3992033537
292,55,NJEGAS DISP,293,CENTRAL,KIRINYAGA,MWEA,MUTITHI,KABIRIRI,HD MAPS,4,MOH,-0.70913,37.2924,c66da3f6-4c15-4fb3-b100-b2e13bfb644b,4151370.97845908,-78942.0059417306
293,31,MARYKNOLL DISP,763,COAST,TANA RIVER,BURA,CHEWELE,WADESA,ILRI VILLAGES,4,MISS,-1.1,39.92,ec9a2db0-21ea-4bb1-8109-8315fa8539af,4443874.07246749,-122458.962902233
294,31,KIAMUTUGU HEALTH CENTRE,280,CENTRAL,KIRINYAGA,GICHUGU,NJUKIINI,NGERWE,HD MAPS,3,MOH,-0.47279,37.4018,ae621eea-c196-48be-b40e-77c3e0e75555,4163549.33075186,-52631.3393444756
295,56,SAGANA H C,304,CENTRAL,KIRINYAGA,NDIA,KIINE SOUTH,SAGANA(KIRINYAGA),HD MAPS,3,MOH,-0.67113,37.2187,17b6c5d0-bafd-4bd4-9173-5e56a835e7d5,4143166.73198762,-74711.5583347131
296,33,MAUMAU SEC SUB-HEALTH CENTRE,761,COAST,TANA RIVER,GALORE,KIARIKUNGU,KIARIKUNGU,DANIDA,3,MOH,-1.50592,40.00832,d85ece45-f559-4fd2-8ab7-5403a166aa16,4453705.80989435,-167657.551935564
297,34,MAZIWA DISP,797,COAST,TANA RIVER,GARSEN,MWINA,SERA,DANIDA,4,MOH,-2.18453,40.135109,e9dc1da0-039b-4bc7-8121-0430a08efaef,4467819.89681254,-243239.7067441
298,57,SAGANA MISS DISP,294,CENTRAL,KIRINYAGA,NDIA,KIINE SOUTH,SAGANA(KIRINYAGA),HD MAPS,4,MISS,-0.65213,37.2308,46476d9a-022a-422a-a183-6a1d49f7ee6e,4144513.69782621,-72596.3469723638
299,35,MBALAMBALA DISP,765,COAST,TANA RIVER,GALORE,CHIFIRI,CHIFIRI,ILRI MKT CENTRES,4,MOH,-1.134399,39.066174,19640de1-50a2-4d94-9b26-086857ef53e8,4348826.59692143,-126288.970191757
300,58,ST ANDREWS MBIRI DISP,3972,CENTRAL,KIRINYAGA,GICHUGU,KABARE,KIRITINI,HD MAPS,4,MISS,-0.51838,37.3258,48df77e9-3f57-4452-acef-b34864dc4472,4155089.04945158,-57706.5849157405
301,59,ST LUKE'S MUNGAGA DISP,0,CENTRAL,KIRINYAGA,MWEA,MUTITHI,RUKANGA(KIRINYAGA),HD MAPS,4,MISS,-0.72281,37.262,ca14daf6-242b-4afb-a815-9afe5ed74bcc,4147986.86593897,-80464.9754843522
302,61,THIBA DISP,295,CENTRAL,KIRINYAGA,MWEA,THIBA,THIBA,HD MAPS,4,MOH,-0.70457,37.3327,0fe71ffe-4a08-4e20-99de-367a03f12b84,4155857.15393805,-78434.3504319612
303,39,MNAZINI DISP,768,COAST,TANA RIVER,GARSEN,NDERA,BAOMO,DANIDA,4,MOH,-1.97791,40.149052,a64a4764-47f0-4a25-bb6b-7a4f77d34abd,4469372.02447267,-220223.678558136
304,62,THUMAITA DISP,4723,CENTRAL,KIRINYAGA,GICHUGU,KARUMANDI,THUMAITA,HD MAPS,4,MISS,-0.43935,37.3585,1c44511c-fe49-4c54-88d6-f32dfa045b6b,4158729.19680052,-48908.6975861358
305,40,MORORO HEALTH CENTRE,3818,COAST,TANA RIVER,MADOGO,MORORO,MORORO,SUBLOC CENTROID,3,MOH,-0.474663,39.632476,bbfd825a-a35a-49dd-85ea-39a77ba9e564,4411867.04719664,-52839.8478776527
306,1,AIC MUNUNGA DISP,389,CENTRAL,MARAGUA,KIGUMO,KINYONA,GACHARAGE(KIGUMO),ILRI MKT CENTRES,4,MISS,-0.739723,36.852509,66df2de6-f09d-4300-912a-8c336b5917ed,4102402.53633454,-82347.8753938032
307,41,MULANJO DISP,769,COAST,TANA RIVER,MADOGO,SAKA,MLANJO,SUBLOC CENTROID,4,MOH,-0.296412,39.429224,187efa84-886f-486f-a8f1-a43f287a3ca9,4389241.13805392,-32996.5800904868
308,2,DON BOSCO MAKUYU DISP,4162,CENTRAL,MARAGUA,MAKUYU,MAKUYU,GAKUNGU,GPS,4,MISS,-0.9064,37.19762,2a18d1ab-8728-4b4b-adf2-dca32477cb18,4140820.11712169,-100904.195286715
309,3,GAICHANJIRU MISSION HOSPITAL,388,CENTRAL,MARAGUA,KANDARA,ITHIRU,GAKUI/KARIMAMWARO,DHMT,1,MISS,-0.852765,36.977445,b6f94595-8fd8-4cc9-bf26-7f73966704c5,4116310.34823628,-94932.8705568624
310,42,NANIGHI DISP,771,COAST,TANA RIVER,BURA,NANIGHI,NANIGHI(TRIVER),DDP,4,MOH,-0.85945,39.851012,b176d17b-0bdb-4219-b38b-e849e6ff5c24,4436194.36343664,-95677.1244328262
311,4,GIKOE DISP,315,CENTRAL,MARAGUA,KIGUMO,KINYONA,KAMUKABI,1:50000 MAPS,4,MOH,-0.761775,36.9013,165423c0-588e-42de-be4e-0c58ffb6541c,4107833.92560983,-84802.9035684506
312,43,NANIGHI NYS DISP,770,COAST,TANA RIVER,BURA,NANIGHI,NANIGHI(TRIVER),DDP,4,MOH,-0.98261,39.888416,f4c652ef-358d-4698-96a0-ffcc11588fa0,4440358.15767027,-109389.007136794
313,5,GITHUMU HEALTH CENTRE,0,CENTRAL,MARAGUA,KANDARA,RUCHU,GITHUMU,ILRI VILLAGES,3,MISS,-0.82,36.9,36f22b32-c0ee-4a04-b7c7-8dbd4f395e91,4107689.2102718,-91285.0987449719
314,44,NGAO SUB-DISTRICT HOSPITAL,796,COAST,TANA RIVER,GARSEN,KIPAO,KIPAO,DANIDA,1,MOH,-2.41221,40.201099,0fc5e923-6996-4820-a665-f739de41a1dc,4475165.87000999,-268605.350874595
315,6,GITURU DISP,320,CENTRAL,MARAGUA,KANDARA,RUCHU,GITURU,1:50000 MAPS,4,MISS,-0.81464,36.8668,72a128e1-0f22-4379-9cff-f165f39e4535,4103993.40317747,-90688.3655610852
316,45,ODA DISP,772,COAST,TANA RIVER,GARSEN,NGAO,GOLBANTI,DANIDA,4,MOH,-2.46857,40.193821,6b43c4cb-8763-4a98-b461-d3124f764722,4474355.68675599,-274885.012893111
317,7,ICHAGAKI HEALTH CENTRE,390,CENTRAL,MARAGUA,MARAGUA,ICHAGAKI,ICHAGAKI,DHMT,3,MISS,-0.816915,37.070665,c97172a0-f348-43ac-80b7-7ad36e242dae,4126687.55116804,-90941.6430745248
318,46,OZI DISP,773,COAST,TANA RIVER,KIPINI,KONE MANSA,ODOLE,DDP,4,MOH,-2.509831,40.42429,044de6c3-4c73-43d5-bfd9-1f198265fca2,4500011.37847963,-279482.504578209
319,47,PUMWANI DISP,775,COAST,TANA RIVER,WENJE,NDURA,HANDAMPIA,DANIDA,4,MOH,-1.6107,40.068272,f87627ca-0779-4b49-9ffe-af036b184472,4460379.63600639,-179325.925158356
320,0,KAGUMOINI DISP,0,CENTRAL,MARAGUA,KANDARA,GAICHANJIRU,KAGUMOINI(MARAGUA),DHMT,4,MOH,-0.891818,37.080265,e3cbbab8-6863-4a66-99c0-a6604a5e9f2a,4127756.21827965,-99280.7345816192
321,50,SEMIKARO DISP,777,COAST,TANA RIVER,KIPINI,CHARA,SEMIKARO,DDP,4,MOH,-2.579019,40.297727,ed6a1c9f-41d8-4072-a596-1e326181cf99,4485922.44976636,-287192.078842897
322,8,KAGUTHI DISP,2710,CENTRAL,MARAGUA,KANDARA,ITHIRU,KAGUTHI,1:50000 MAPS,4,MOH,-0.881234,36.96123,1ee109a7-477f-41d8-ab15-c793eba3c809,4114505.30269307,-98102.3880397225
323,53,TARASA DISP,3609,COAST,TANA RIVER,GARSEN,WACHU-ODA,KURAWA,DDP,4,MISS,-2.581755,40.132089,71e3f279-da93-4956-808d-9ac5324011db,4467483.71195034,-287496.958105254
324,9,KAGWATHI SDA DISP,0,CENTRAL,MARAGUA,MARAGUA,KAHUMBU,MUGUMOINI(MARAG),GPS,4,MISS,-0.85942,37.07856,26f6c28e-a106-4624-a408-ee669fd1c33b,4127566.41854785,-95673.7844723675
325,55,TITILA DISP,783,COAST,TANA RIVER,GALORE,WALDENA,TITILA,SUBLOC CENTROID,4,MISS,-1.722188,39.245279,b0226df2-715a-4f0f-bd23-d77dea5d5ad1,4368764.47431996,-191741.965710803
326,10,KAMAHUHA DISP,328,CENTRAL,MARAGUA,MAKUYU,KAMAHUHA,KAMAHUHA,GPS,4,MOH,-0.84289,37.17814,919eaa91-0c93-4b06-b4c8-b3b4015ca560,4138651.61344104,-93833.4702223909
327,56,UMOJA DISP,784,COAST,TANA RIVER,GALORE,KIARIKUNGU,MATANYA(TRIVER),1:50000 MAPS,4,MISS,-1.41398,39.9946,5cf8df47-ffd7-4394-9a51-7df5e1906f5c,4452178.50648066,-157419.513365666
328,11,KAMBITI DISP,3367,CENTRAL,MARAGUA,MAKUYU,KAMBITI,KAMBITI(MARAGUA),1:50000 MAPS,4,MOH,-0.812354,37.25123,431ca088-3d5b-4c28-a6d5-eb8e16c72a05,4146787.95502312,-90433.8635531574
329,57,WALDENA AIC DISP,786,COAST,TANA RIVER,GALORE,WALDENA,WALDENA,SUBLOC CENTROID,4,MISS,-1.691848,39.059394,37ed4a52-206f-4e93-b9ee-3e7949ed7ba0,4348071.85077385,-188363.032813996
330,58,WALDENA DISP,787,COAST,TANA RIVER,GALORE,WALDENA,WALDENA,DANIDA,4,MOH,-1.61078,39.02536,4dc6bcab-95ed-4b20-b12e-b2119f10faec,4344283.20322419,-179334.834237924
331,0,KAMUNGANGA DISP,4844,CENTRAL,MARAGUA,KIGUMO,KIGUMO,GACHOCHO,DHMT,4,MISS,-0.785806,36.976049,e6efc5a0-0b27-4f29-b290-28ab3a31cdd8,4116154.94622714,-87478.2662475943
332,59,WAYU DISP,788,COAST,TANA RIVER,GALORE,WAYU,WAYU,DANIDA,4,MOH,-1.53075,39.583912,b984c059-b9a7-47b5-a6fb-c895584af2e4,4406460.92744576,-170422.58572526
333,12,KANDARA HEALTH CENTRE,377,CENTRAL,MARAGUA,KANDARA,MURUKA,GATITU/NGUTHIRU,DHMT,3,MOH,-0.897239,37.038699,96b0583f-fd03-4163-99a4-97c6591a8529,4123129.11232534,-99884.2710956962
334,46,MURARANDIA DISP,362,CENTRAL,MURANGA,KAHURO,MURARANDIA,MURARANDIA,1:50000 MAPS,4,MOH,-0.718632,36.8958,ebde444a-2d58-4f18-9dfa-5767c6db111c,4107221.66841047,-79999.845853451
335,0,KANDERENDU DISP,0,CENTRAL,MARAGUA,KIGUMO,KANGARI,MAKOMBOKI,DHMT,4,MOH,-0.781589,36.797738,8ae88dfe-7135-486d-aaaa-5d956382f268,4096305.4565043,-87008.7880380438
336,60,WEMA MISSION DISP,789,COAST,TANA RIVER,GARSEN,SALAMA,WEMA,SUBLOC CENTROID,4,MISS,-2.229695,40.164164,f69db558-88b6-4110-ac29-5321ff5b6fed,4471054.28461753,-248271.184311271
337,47,MURIRANJAS SUB-DISTRICT HOSP.,394,CENTRAL,MURANGA,KAHURO,MUGOIRI,KAHURO,GPS,1,MOH,-0.74315,36.97306,6a3818df-584f-4024-9319-b34b1007f8f6,4115822.21226916,-82729.3992327328
338,61,WENJE CATHOLIC DISP,3608,COAST,TANA RIVER,WENJE,GWANO,WENJE,ILRI MKT CENTRES,4,MISS,-1.786,40.098,e7f39224-052b-4899-82cf-6f75b3a26d73,4463688.94182869,-198848.815650992
339,48,NYAKIANGA DISP,369,CENTRAL,MURANGA,MATHIOYA,NJUMBI,NJUMBI,GPS,4,MOH,-0.63943,36.95746,87c82bb9-460d-45d0-9431-60a1f12b87ed,4114085.62821278,-71182.499633188
340,13,KANGARI DISP,330,CENTRAL,MARAGUA,KIGUMO,KANGARI,KANGARI,1:50000 MAPS,4,MOH,-0.781234,36.851234,4e82a228-3620-4e0c-a346-b800e9e406aa,4102260.60398377,-86969.2659433018
341,14,KARITI DISP,2709,CENTRAL,MARAGUA,KANDARA,KAGUNDUINI,KARITI,GPS,4,MOH,-0.86633,37.01707,300482e6-b8f0-43b5-98b3-dc6a0022123f,4120721.38305897,-96443.0893932438
342,62,WENJE DISP,790,COAST,TANA RIVER,WENJE,GWANO,WENJE,DANIDA,4,MOH,-1.78983,40.109058,159a20b1-25f9-4fcf-b9db-66f97b1262e9,4464919.91275788,-199275.376966476
343,49,RWATHIA DISP,2712,CENTRAL,MURANGA,MATHIOYA,RWATHIA,RWATHIA,DDP,4,MOH,-0.659602,36.9328,23f97250-567d-4cbf-b542-74402de7fe63,4111340.48956982,-73428.1807069393
344,1,CHAARIA MISSION HOSP,3043,EASTERN,CENTRAL MERU,ABOTHUGUCHI EAST,NDURUMA,GAITU,DSA/DFH(MOH)-UNFPA REPORT,1,MISS,0.006292,37.7684,ea7515a2-9e97-4639-89d3-5da1d4da6167,4204359.05607668,700.422237482663
345,50,TUTHU SUB HEALTH CENTRE,386,CENTRAL,MURANGA,KANGEMA,KIRURI,TUTHU,1:50000 MAPS,3,MOH,-0.6667,36.831081,a5f70dd6-ec33-4bf3-bf48-2bfc1cb133a0,4100017.18228582,-74218.3793805526
346,15,KARIUA DISP,333,CENTRAL,MARAGUA,KANDARA,RUCHU,KARIUA,GPS,4,MOH,-0.83194,36.97549,6fe25274-6fa5-4ae5-b33c-a8bed8174511,4116092.71863178,-92614.3915905905
347,2,CIERA CATHOLIC DISP,3589,EASTERN,CENTRAL MERU,MIRIGA MIERU WEST,NTIMA,TUNTU,ILRI MKT CENTRES,4,MISS,0.049779,37.651071,013754ea-5cb0-44bc-9e22-552c7cbe5102,4191298.0515414,5541.37362933337
348,51,WAHUNDURA DISP,3398,CENTRAL,MURANGA,MATHIOYA,KAMACHARIA,KAMUNE,DISTRICT ESTIMATES,4,MOH,-0.591234,36.98123,bc0da571-0e5a-40ed-97ac-d38b5e0a12bc,4116731.69250894,-65817.0358778031
349,3,CONSOLATA NKUBU MISS. HOSPITAL,1182,EASTERN,CENTRAL MERU,NKUENE,NKUENE,KATHERA(CMERU),HD MAPS,1,MISS,-0.068017,37.6622,527de2ab-75ac-42db-9dd4-230696435bb1,4192536.92615443,-7571.6195836712
350,52,WANJENGI DISP,375,CENTRAL,MURANGA,KAHURO,WEITHAGA,WANJENGI,1:50000 MAPS,4,MOH,-0.724185,37.0117,33efa050-ca7f-4f56-b22e-266b5e35d7a5,4120123.59739341,-80618.0519881853
351,16,KINYONA DISP,343,CENTRAL,MARAGUA,KIGUMO,KINYONA,KINYONA,1:50000 MAPS,4,MISS,-0.748188,36.827,ef3e3b41-7428-440b-859b-d13ba23c425d,4099562.88744389,-83290.2743257093
352,6,EX-LEWA DISP,3215,EASTERN,CENTRAL MERU,TIMAU,KISIMA,BUURI,DSA/DFH(MOH)-UNFPA REPORT,4,MOH,0.106337,37.4081,a415793e-3fff-4efe-af9d-960a62de973c,4164250.64354386,11837.3874880974
353,53,WANJERERE DISP,374,CENTRAL,MURANGA,MATHIOYA,RWATHIA,WANJERERE,1:50000 MAPS,4,MOH,-0.651234,36.84123,db123dfd-a199-4c21-9926-a40c52a13843,4101146.96379788,-72496.5982565441
354,8,GAITU PCEA DISP,2519,EASTERN,CENTRAL MERU,ABOTHUGUCHI EAST,NDURUMA,GAITU,DSA/DFH(MOH)-UNFPA REPORT,4,MISS,-0.007638,37.7684,c13a4c79-b599-412f-9277-992ddfd0ae31,4204359.05607668,-850.258273190678
355,17,MAKUYU HEALTH CENTRE,384,CENTRAL,MARAGUA,MAKUYU,MAKUYU,MAKUYU,GPS,3,MOH,-0.89406,37.18661,0b8146e6-80e5-4a19-b143-79cc7d27865b,4139594.48952806,-99530.3431923104
356,54,WEITHAGA DISP,3396,CENTRAL,MURANGA,KAHURO,WEITHAGA,KAHUTI,GPS,4,MISS,-0.71253,36.97671,7d22659e-0d45-467c-80f5-ed3fbf8a17de,4116228.52841055,-79320.5213400622
357,9,GAKOROMONE DISP,2382,EASTERN,CENTRAL MERU,MIRIGA MIERU WEST,MUNICIPALITY,GAKOROMONE,DSA/DFH(MOH)-UNFPA REPORT,4,MOH,0.044284,37.6595,39935aa9-701d-4e18-9786-3557bf639ffd,4192236.36352929,4929.67282110814
358,18,MARAGUA DISTRICT HOSPITAL (RHTC),395,CENTRAL,MARAGUA,MARAGUA,NGINDA,GAKOIGO,GPS,1,MOH,-0.78693,37.12663,ba3b689d-b100-4f8b-9504-1c6887d26220,4132917.54647028,-87603.4011407414
359,64,AIC MUKEU DISP,0,CENTRAL,NYANDARUA,SOUTH KINANGOP,NYAKIO,MUKEU(NYANDA),SUBLOC CENTROID,4,MISS,-0.767321,36.627174,d347feac-1c7b-47f0-a2cf-cb8111d7899e,4077318.35887663,-85420.3364335914
360,10,GANGARA PCEA DISP,2521,EASTERN,CENTRAL MERU,ABOGETA,IGOKI,UPPER CHURE,DSA/DFH(MOH)-UNFPA REPORT,4,MISS,-0.088055,37.6158,b6aa3068-33b2-4863-8a76-4587c0fbaf2d,4187371.70178162,-9802.24162045947
361,1,BAARI DISP,166,CENTRAL,NYANDARUA,NDARAGWA,LESHAU,KARAGOINI,DDP,4,MOH,-0.002742,36.4433,7fd3dbea-a056-4797-ba42-1179df94ff74,4056849.59882652,-305.238043866395
362,19,MARAGUA RIDGE HEALTH CENTRE,348,CENTRAL,MARAGUA,MARAGUA,MARAGUA RIDGE,MARAGUA RIDGE,ILRI VILLAGES,3,MOH,-0.77,37.2,6de806eb-9838-46dc-a479-d137460818ee,4141085.05750978,-85718.588188704
363,2,BAMBOO DISP,3940,CENTRAL,NYANDARUA,SOUTH KINANGOP,MAGUMU,MATURA(S. KINANGOP),DDP,4,MOH,-0.833952,36.5714,c97684ad-02f1-4e60-8d58-078fb3134768,4071109.62559713,-92838.3900759452
364,20,MARANJAU GK PRISON DISP,361,CENTRAL,MARAGUA,MAKUYU,KAMBITI,MARANJAU,DHMT,4,MOH,-0.803599,37.209983,d8b473db-f0e0-47f1-87ed-0b2f1b615b9c,4142196.35998638,-89459.1644965288
365,3,ENGINEER HEALTH CENTRE,398,CENTRAL,NYANDARUA,NORTH KINANGOP,ENGINEER,GATHARA,DDP,3,MOH,-0.610526,36.5919,8b152725-86e4-4836-a09c-ad5678f1bfdd,4073391.67515839,-67964.7296094213
366,21,MARIRA DISP,350,CENTRAL,MARAGUA,KIGUMO,KANGARI,MARIIRA,1:50000 MAPS,4,MISS,-0.79846,36.9348,512f1ae8-4ab7-4f69-b6c8-43aafebd634d,4111563.12855141,-88887.0377209046
367,4,GETA BUSH DISP,399,CENTRAL,NYANDARUA,KIPIPIRI,WANJOHI,WANJOHI,DDP,4,MOH,-0.35786,36.5604,7354437c-05a2-4818-b8e3-3ebb4b764c82,4069885.11119841,-39837.0519863938
368,23,MUGUMOINI DISP,358,CENTRAL,MARAGUA,MARAGUA,KAHUMBU,MUGUMOINI(MARAG),GPS,4,MOH,-0.84768,37.0772,2e73466d-1ebb-4ce5-9992-b145e2c493c6,4127415.02404037,-94366.7486167362
369,5,GETA FOREST DISP,400,CENTRAL,NYANDARUA,NORTH KINANGOP,NORTH KINANGOP,NANDARASI,DDP,4,MOH,-0.486639,36.628,cee4c717-6b96-46fb-896b-08f059d639eb,4077410.30877603,-54173.0570134124
370,25,MURUKA DISP,3414,CENTRAL,MARAGUA,KANDARA,MURUKA,MURUKA,GPS,4,MOH,-0.92799,37.05976,214f6cbf-bc2f-4bcd-a6ab-1f6a9dda5db5,4125473.61212093,-103307.891084199
371,6,HENI DISP,402,CENTRAL,NYANDARUA,SOUTH KINANGOP,MAGUMU,KARATI(NYANDARUA),DDP,4,MOH,-0.801432,36.5669,f899aca0-267c-46a4-a10c-7a47c6e835ca,4070608.68788856,-89217.9114954738
372,26,MUTHERU DISP,363,CENTRAL,MARAGUA,KANDARA,RUCHU,GACHARAGE(KANDARA),1:50000 MAPS,4,MOH,-0.817568,36.951802,3f654d4e-44d3-4b87-ad4a-790788610fab,4113455.78253387,-91014.3420971599
373,23,HOLY FAMILY CATHOLIC DISP,3603,CENTRAL,NYANDARUA,NDARAGWA,KAHUTHA,MURICHO,DDP,4,MISS,-0.030709,36.5467,8bf665da-7987-42de-8de9-60b39238399b,4068360.03417454,-3418.5104064354
374,27,MUTHITHI DISP,364,CENTRAL,MARAGUA,MARAGUA,ICHAGAKI,GIKOMORA,1:50000 MAPS,4,MISS,-0.810626,37.0485,bc0067c8-54db-4ff9-a04f-655daeaf3aa9,4124220.1546546,-90241.4841781664
375,8,KAHEMBE DISP,4506,CENTRAL,NYANDARUA,NDARAGWA,MATHINGIRA,NDIVAI,DDP,4,MOH,0.039534,36.4771,89791e44-9316-46e6-b740-5c6fabd82121,4060612.19761533,4400.9050982385
376,0,KAIMBAGA DISP,0,CENTRAL,NYANDARUA,OL KALOU,RURII,RURII,DHMT,4,MOH,-0.210357,36.419674,fa2cd033-2a25-499b-9010-3236dc215768,4054219.56453703,-23416.8867322211
377,0,MUTHITHI DISP,0,CENTRAL,MARAGUA,MARAGUA,ICHAGAKI,GIKOMORA,DHMT,4,MOH,-0.801467,37.044121,1246ccad-dff7-4d36-bc3f-da00b3e9048f,4123732.68660442,-89221.8080588474
378,9,KARANGATHA HEALTH CENTRE,427,CENTRAL,NYANDARUA,SOUTH KINANGOP,NYAKIO,KARANGATHA,DDP,3,MOH,-0.78127,36.6182,1bf8c6d8-9e9f-472b-a445-df493199ed2d,4076319.37776626,-86973.273817548
379,10,KENTON GITWE DISP,3281,CENTRAL,NYANDARUA,SOUTH KINANGOP,MAGUMU,GITWE(NYANDARUA),DDP,4,MOH,-0.882732,36.5649,4f1ae152-e0d2-4f81-afe4-daf8bb8dbcc8,4070386.04890698,-98269.1643962158
380,28,NAARO DISP,367,CENTRAL,MARAGUA,KANDARA,MURUKA,NAARO,1:50000 MAPS,4,MOH,-0.93433,37.0322,414be025-c4b8-43df-bf8f-fa66b8512e48,4122405.64695467,-104013.749870288
381,11,KIHINGO CATHOLIC DISP,4542,CENTRAL,NYANDARUA,KIPIPIRI,GETA,MAKUMBI,ILRI MKT CENTRES,4,MISS,-0.421866,36.569856,dedd06ae-c7ec-4670-9694-c0c9cd818bee,4070937.74830335,-46962.3326334019
382,29,NGURUWENI DISP,368,CENTRAL,MARAGUA,KANDARA,GAICHANJIRU,NGURWE-INI,GPS,4,MOH,-0.87088,37.0593,abce7f1c-271a-4aba-ac7b-268a1865a7e3,4125422.40515517,-96949.651285947
383,12,KIRIMA DISP,403,CENTRAL,NYANDARUA,NDARAGWA,SHAMATA,KIRIMA(NYANDARUA),DDP,4,MOH,-0.186805,36.4765,a5b8f9d1-afb0-42e5-97ea-ed530163634b,4060545.40592085,-20795.0743194734
384,13,LESHAU PONDO HEALTH CENTRE,428,CENTRAL,NYANDARUA,OL JORO OROK,WERU,GATUMBIRO(NYAND),1:50000 MAPS,3,MOH,-0.092321,36.421123,2623bd8f-6b6c-4b31-b467-831eb77b9a92,4054380.86647919,-10277.1311566188
385,15,MAINA & MWANGI HEALTH CENTRE,429,CENTRAL,NYANDARUA,OL JORO OROK,OL JORO OROK,NYAIROKO,DDP,3,MOH,-0.144529,36.3269,ba46507c-17d6-4542-9c57-420cffbeb21f,4043892.01009818,-16088.9117472686
386,31,RUCHU DISP,372,CENTRAL,MARAGUA,KANDARA,ITHIRU,KIIRI,GPS,4,MISS,-0.89808,37.00208,81c7fc62-0461-45fd-969a-a80bbfac2495,4119052.70389198,-99977.9022784996
387,16,MAINA VILLAGE DISP,3211,CENTRAL,NYANDARUA,NDARAGWA,KIRIITA,SHAURI,1:50000 MAPS,4,MOH,0.062321,36.432321,ecacd6c0-ca56-4d91-8439-d91051d5f751,4055627.42213709,6937.5433537072
388,32,SABASABA (CATHOLIC ) DISP,3641,CENTRAL,MARAGUA,MAKUYU,KAMAHUHA,SABA SABA,ILRI VILLAGES,4,MISS,-0.87,37.15,42aa4e9c-4176-4e96-8564-e56a58dc73b3,4135519.08297012,-96851.678828333
389,17,MANUNGA DISP,404,CENTRAL,NYANDARUA,KIPIPIRI,WANJOHI,WANJOHI,DDP,4,MOH,-0.35786,36.4953,2a66f177-151d-49c9-b949-9e641dbed77f,4062638.21234776,-39837.0519863938
390,18,MAWINGU DISP,0,CENTRAL,NYANDARUA,OL KALOU,OL KALOU,MAWINGO(NYANDA),DDP,4,MOH,-0.34225,36.3223,409f2bec-9d14-4bbf-a790-219ca8f65d20,4043379.94044053,-38099.322297406
391,33,SABASABA SUB HEALTH CENTRE,373,CENTRAL,MARAGUA,MARAGUA,KAHUMBU,KANDANI,GPS,3,MOH,-0.87501,37.1361,5b4321c1-c086-4390-a5da-78d03bcd9617,4133971.74204809,-97409.4541486732
392,19,MIRANGINE HEALTH CENTRE,431,CENTRAL,NYANDARUA,OL KALOU,NDUNDORI,MELANGINE,DDP,3,MOH,-0.206317,36.254,705211a8-07f9-4445-8294-c617de5e54fe,4035776.81921935,-22967.1530162048
393,0,TATA HANAH DISP,0,CENTRAL,MARAGUA,KIGUMO,KINYONA,KINYONA,DHMT,4,MISS,-0.776771,36.892918,58719a8d-f5f5-4ca6-b35f-58e0a43b7a10,4106900.845638,-86472.401132372
394,21,MURUNGARU DISP,405,CENTRAL,NYANDARUA,NORTH KINANGOP,ENGINEER,MURUNGARU,DDP,4,MOH,-0.605662,36.4882,b84bca14-8e33-4ca7-a9c2-453854129006,4061847.84396313,-67423.2411094464
395,1,GACHARAGENI DISP,305,CENTRAL,MURANGA,MATHIOYA,NJUMBI,KIAMUTURI,DDP,4,MOH,-0.61184,36.8478,57f703ff-6caf-4c51-841d-4e837c87b05a,4101878.33285239,-68111.0117428439
396,22,MUTARAKWA DISP,406,CENTRAL,NYANDARUA,NORTH KINANGOP,NORTH KINANGOP,KINJA,DDP,4,MOH,-0.565601,36.6279,b9b70594-eb85-4804-8d0c-9b5567ae88e7,4077399.17682695,-62963.4379356943
397,2,GAKURWE DISP,306,CENTRAL,MURANGA,KIHARU,GATURI,GATHUKIINI,1:50000 MAPS,4,MOH,-0.627688,37.0161,153770fa-9f0b-401b-8efa-ac9131be59aa,4120613.4031529,-69875.3062539093
398,0,NANDARASI DISP,0,CENTRAL,NYANDARUA,NORTH KINANGOP,NORTH KINANGOP,KITIRI,DHMT,4,MOH,-0.525748,36.61817,333955da-a464-4651-9734-d25474249efd,4076316.03818153,-58526.8209737613
399,4,GATANGARA DISP,309,CENTRAL,MURANGA,KANGEMA,KANYENYAINI,KIBUTHA,DHMT,4,MOH,-0.7,36.93,ff1b62ab-29c9-4615-9ca8-70c2db73e671,4111028.7949956,-77925.5821410623
400,24,NDARAGWA HEALTH CENTRE,407,CENTRAL,NYANDARUA,NDARAGWA,KAHUTHA,MURICHO,DDP,3,MOH,-0.040465,36.5441,c3c9d305-8e75-4254-9f04-f7b96cadf51c,4068070.60349848,-4504.54356940885
401,5,GATARA DISP,352,CENTRAL,MURANGA,KANGEMA,KIRURI,ICHICHI,DHMT,4,MOH,-0.72,36.86,b0b113de-90c5-481b-b51f-fbbeff909ac6,4103236.43064007,-80152.1429187612
402,25,NDEMI DISP,408,CENTRAL,NYANDARUA,KIPIPIRI,MALEWA,NDEMI,DDP,4,MOH,-0.338998,36.4413,64f1f719-8580-4d28-bf53-c437383fee43,4056626.95984493,-37737.3049158957
403,6,GATHAITHI DISP,311,CENTRAL,MURANGA,KAHURO,MURARANDIA,GATHAITHI(MURANGA),DDP,4,MOH,-0.740291,36.8923,b3782ac2-c667-4f76-ba30-e2b5fc22c6ea,4106832.05019269,-82411.1101386462
404,28,NEW MAWINGO DISP,409,CENTRAL,NYANDARUA,OL KALOU,OL KALOU,MAWINGO(NYANDA),1:50000 MAPS,4,MOH,-0.312321,36.332321,d2d3737b-6301-42ef-a0ac-1febcf94a144,4044495.47305776,-34767.5868635544
405,8,GATHERU DISP,312,CENTRAL,MURANGA,KAHURO,KAHUHIA,GATHERU,1:50000 MAPS,4,MOH,-0.728944,37.0632,28418dba-ca98-4ce6-bc38-513dc2fba5c9,4125856.55116926,-81147.8640430094
406,29,NEW TUMAINI DISP,0,CENTRAL,NYANDARUA,OL KALOU,TUMAINI,KANJUIRI,1:50000 MAPS,4,MOH,-0.342321,36.292321,5050db4c-5a98-4370-9eea-fe332238a013,4040042.69342604,-38107.2261222898
407,10,GATURI DISP,313,CENTRAL,MURANGA,KIHARU,GATURI,GEITWA/MUGEKA,GPS,4,MISS,-0.64613,37.10059,f1b7138c-9326-4148-9e45-855ef9a8416a,4130018.78693003,-71928.3871592463
408,30,NGANO H C,410,CENTRAL,NYANDARUA,OL JORO OROK,GATANJE,NGANO,DDP,3,MOH,-0.095749,36.2833,8b4ba0fc-3909-4c03-b913-e3348e025f8e,4039038.48029959,-10658.7348850578
409,11,GIKUI DISP,316,CENTRAL,MURANGA,KANGEMA,IYEGO,GIKUI(MURANGA),1:50000 MAPS,4,MOH,-0.676591,37.014,cb523e5b-64ea-404a-86f7-fb89b6f4e1c8,4120379.63222224,-75319.5161209888
410,31,NGORIKA DISP,412,CENTRAL,NYANDARUA,OL KALOU,NGORIKA,NGORIKA,DDP,4,MOH,-0.313633,36.23,7438776f-093a-469b-9704-9d3ab8851d73,4033105.15144031,-34913.6402144909
411,12,GITARO DISP,317,CENTRAL,MURANGA,KAHURO,MUGOIRI,GATUNDU(MURANGA),GPS,4,MOH,-0.74295,37.07393,01e93273-f5f6-4b10-b4d7-d71db3706be7,4127051.00930548,-82707.1334622006
412,32,NJABINI CATHOLIC DISP,413,CENTRAL,NYANDARUA,SOUTH KINANGOP,NJABINI,KIBURU,DDP,4,MISS,-0.734441,36.669,80a07394-a8e9-420f-8c6d-c6bb644e3b8c,4081974.40789855,-81759.8371850377
413,14,GITHANGA DISP,4318,CENTRAL,MURANGA,KIHARU,GATURI,GEITWA/MUGEKA,1:50000 MAPS,4,MISS,-0.62973,37.1018,57e61f75-5826-489f-9759-7aaa82a14443,4130153.48351388,-70102.6343399995
414,33,NJABINI HEALTH CENTRE,432,CENTRAL,NYANDARUA,SOUTH KINANGOP,NJABINI,KIBURU,DDP,3,MOH,-0.721433,36.6657,9a2a98a7-ce4b-4193-907f-71404a4ef00f,4081607.05357894,-80311.6763702412
415,34,NORTH KINANGOP CATHOLIC HOSPITAL,436,CENTRAL,NYANDARUA,NORTH KINANGOP,ENGINEER,GATHARA,HD MAPS,1,MISS,-0.5992,36.5833,c1474da4-f1ff-4860-8eae-7664471e2ad1,4072434.32753757,-66703.8547948762
416,16,GITUGI DISP,319,CENTRAL,MURANGA,MATHIOYA,GITUGI,GITUGI(MURANGA),1:50000 MAPS,4,MOH,-0.655967,37.0255,3182e60b-2584-4c61-bfd7-f1cea74147db,4121659.80636636,-73023.5076897767
417,36,NYAHURURU CATHOLIC MISSION DISP,397,CENTRAL,NYANDARUA,OL JORO OROK,GATIMU,GIKINGI,ILRI MKT CENTRES,4,MISS,0.013654,36.359734,9fe113e8-d98c-4854-a789-ce50e200da2d,4047547.07425888,1519.95634168108
418,17,ICHICHI DISP,322,CENTRAL,MURANGA,KANGEMA,KIRURI,ICHICHI,DDP,4,MOH,-0.704469,36.8387,107716cd-143a-4610-ba57-c7310ae0b01c,4100865.32548618,-78423.1063133706
419,37,NYAHURURU DISTRICT HOSPITAL,437,CENTRAL,NYANDARUA,OL JORO OROK,GATIMU,GIKINGI,DDP,1,MOH,0.023274,36.3418,f8f44c46-7e40-46bb-a4c3-22770b2637c7,4045550.67051099,2590.84989998077
420,18,IRURI DISP,323,CENTRAL,MURANGA,MATHIOYA,KAMACHARIA,THUITA(MURANGA),1:50000 MAPS,4,MOH,-0.596847,37.028378,231a5326-8cbe-4ed3-8e42-c22e432d752c,4121980.18386086,-66441.9057646623
421,38,NYS TUMAINI DISP,3361,CENTRAL,NYANDARUA,OL KALOU,TUMAINI,KANJUIRI,DDP,4,MOH,-0.283714,36.269,f2f356c2-5b15-42fa-b3b7-ab44ef6ae246,4037446.61158125,-31583.0270792408
422,19,KAGUMOINI DISP,325,CENTRAL,MURANGA,MATHIOYA,KIRU,KAGUMOINI(MURANGA),1:50000 MAPS,4,MOH,-0.620072,36.9821,039cb925-7ace-4730-a6d0-d34e12eaf803,4116828.54046593,-69027.4467486234
423,39,OL JORO OROK CATHOLIC DISP,3634,CENTRAL,NYANDARUA,OL JORO OROK,OL JORO OROK,LESIRKO,DDP,4,MISS,-0.099001,36.3535,56caf7b5-e89c-4b31-8ed2-23a2f13d93d6,4046853.10855328,-11020.7463919706
424,0,KAHUHIA ACK DISP,0,CENTRAL,MURANGA,KAHURO,KAHUHIA,KIROGO,DHMT,4,MISS,-0.71,37.04,e34111d0-a0c0-4883-aaf8-2fa103d7dd0a,4123273.93898286,-79038.8613259612
425,40,OL'BOROSAT DISP,414,CENTRAL,NYANDARUA,OL JORO OROK,GATANJE,GATHANJE,DDP,4,MOH,-0.046969,36.3483,f6d9a54d-90ad-4151-a74c-26db144e7155,4046274.24720115,-5228.56574867262
426,21,KAIRO DISP,327,CENTRAL,MURANGA,MATHIOYA,KIRU,KAIRO,1:50000 MAPS,4,MOH,-0.610663,36.8629,f49214e0-8d60-4e7a-bcf1-eb6637f6a048,4103559.25716337,-67979.9812457104
427,41,OLD MAWINGO DISP,415,CENTRAL,NYANDARUA,KIPIPIRI,KIPIPIRI,MIHARATI,DDP,4,MOH,-0.405989,36.5213,3b09a03b-5002-413b-91ce-6f41755d188d,4065532.51910839,-45194.8669489075
428,22,KAMBIRWA DISP,329,CENTRAL,MURANGA,KIHARU,GIKINDU,KAMBIRWA,1:50000 MAPS,4,MOH,-0.741239,37.1921,7a206cb0-b40f-41ea-b06d-9858753d1452,4140205.63353251,-82516.6498364649
429,42,OL'KALOU DISTRICT HOSPITAL,438,CENTRAL,NYANDARUA,OL KALOU,OL KALOU,MUNYEKI,HD MAPS,1,MOH,-0.2707,36.3735,6815573a-d5f4-46aa-bdda-f5d4572c844f,4049079.49836914,-30134.2982671004
430,68,PASSENGA CATHOLIC DISP,4546,CENTRAL,NYANDARUA,OL KALOU,RURII,PASSENGA,SUBLOC CENTROID,4,MISS,-0.219369,36.32708,11e01586-2f24-4e2f-8789-5acb12b4a24d,4043912.04760652,-24420.1050384101
431,23,KANGEMA HEALTH CENTRE,378,CENTRAL,MURANGA,KANGEMA,MUGURU,GAKIRA,GPS,3,MOH,-0.68709,36.97065,ff8d3b47-7677-4cd6-8dfc-6f9898ff20d4,4115553.93229634,-76488.3422192464
432,43,PESI DISP,416,CENTRAL,NYANDARUA,NDARAGWA,SHAMATA,PESI(NYANDARUA),DDP,4,MOH,-0.123716,36.5792,b7282fbd-4c96-434b-ba84-6450209a0c80,4071977.91762532,-13772.0128246753
433,24,KANJAMA DISP,2713,CENTRAL,MURANGA,MATHIOYA,KIRU,KANJAMA,1:50000 MAPS,4,MOH,-0.619082,36.9522,ce662048-b233-4930-8bce-0de2a0570a79,4113500.08769121,-68917.2340089232
434,44,SHAMATA DISP,417,CENTRAL,NYANDARUA,NATIONAL PARK,NATIONAL PARK,MT. KENYA N. PARK,DDP,4,MOH,-0.248593,36.5649,81e914c7-d633-4796-ad84-5f5702ead388,4070386.04890698,-27673.3329994963
435,25,KANYENYAINI DISP,331,CENTRAL,MURANGA,KANGEMA,KANYENYAINI,KANYENYAINI,DDP,4,MOH,-0.686016,36.8829,e606bc1d-8c11-436a-9f9d-1f546169d67a,4105785.64697924,-76368.7765024345
436,45,SILIBWET DISP,418,CENTRAL,NYANDARUA,OL JORO OROK,GATANJE,SILIBWET(NYANDA),DDP,4,MOH,-0.043717,36.2833,a38f9bdc-8345-47af-9155-5e10769ef8e0,4039038.48029959,-4866.55465120529
437,11,GATIA PCEA DISP,396,EASTERN,CENTRAL MERU,NKUENE,MIKUMBUNE,KIGANE,DSA/DFH(MOH)-UNFPA REPORT,4,MISS,-0.078557,37.6506,55bcc980-4ac2-4e9d-ba3b-0b15ef302488,4191245.62006123,-8744.92797810824
438,26,KARAHA DISP,4594,CENTRAL,MURANGA,KIHARU,MBIRI,MUCHUNGUCHA,DISTRICT ESTIMATES,4,MISS,-0.751234,37.12342,44549aca-1c14-4735-bbdf-5a64f6da057f,4132560.21090484,-83629.3825245412
439,12,GATIMBI DISP,1077,EASTERN,CENTRAL MERU,ABOTHUGUCHI CENTRAL,MARIENE,MUGAMBONE,DSA/DFH(MOH)-UNFPA REPORT,4,MOH,-0.000673,37.6417,7d9734d5-5b9c-492f-93f9-f3cd2550009d,4190254.87659317,-74.9180173002073
440,20,ST MATTHEWS AND SARAH CATHOLIC DISP,4356,CENTRAL,NYANDARUA,OL KALOU,NDUNDORI,MELANGINE,SUBLOC CENTROID,4,MISS,-0.217278,36.250195,8b72052f-0fa1-4665-bf80-c4b640bc0a4e,4035353.24855688,-24187.334293276
441,13,GATUNTUNE PCEA DISP,2523,EASTERN,CENTRAL MERU,IGOJI,MWERU,MWERU(CMERU),DSA/DFH(MOH)-UNFPA REPORT,4,MISS,-0.153908,37.7171,be99924d-fed1-487c-be31-808d42dc4df7,4198648.36619899,-17132.9807933624
442,14,GATURI PCEA DISP,1079,EASTERN,CENTRAL MERU,ABOTHUGUCHI EAST,MWANGATHIA,IGANE,ILRI VILLAGES,4,MISS,-0.048,37.715,eb6e11a2-27dd-4ce6-9fa8-5729227222b1,4198414.59526832,-5343.33618309881
443,0,ST. MARY'S DISP,0,CENTRAL,NYANDARUA,OL KALOU,NGORIKA,NGORIKA,DHMT,4,MISS,-0.303998,36.239229,2969090c-7401-4011-994b-9b36403c7c27,4034132.51902084,-33841.0613400265
444,15,GIAKI DISP,1081,EASTERN,CENTRAL MERU,MIRIGA MIERU EAST,GIAKI,KAMBEREU,DSA/DFH(MOH)-UNFPA REPORT,4,MOH,0.03352,37.7684,544ec284-2bf9-42a1-8efe-a19ee9174e87,4204359.05607668,3731.42954425324
445,27,KIAMARA DISP,334,CENTRAL,MURANGA,KANGEMA,IYEGO,GACHARAIGU,1:50000 MAPS,4,MOH,-0.697581,37.0636,d8b57588-b12f-4621-85f2-56912cd198e1,4125901.07896558,-77656.2802641182
446,48,SUBUKU DISP,420,CENTRAL,NYANDARUA,NDARAGWA,KANYAGIA,KANYAGIA,DDP,4,MOH,-0.0977,36.4621,3a7d664d-1c06-49a7-a474-5a99799969d9,4058942.40525343,-10875.9195210833
447,16,GITHONGO SUB DISTRICT HOSPITAL,1167,EASTERN,CENTRAL MERU,ABOTHUGUCHI WEST,GITHONGO EAST,KARUGWA,DSA/DFH(MOH)-UNFPA REPORT,1,MOH,-0.005739,37.6215,d2364bae-2f4e-4da7-86d7-5bea63c0d455,4188006.22287914,-638.86255872514
448,28,KIANGOCHI DISP,335,CENTRAL,MURANGA,KIHARU,MBIRI,MUCHUNGUCHA,1:50000 MAPS,4,MOH,-0.760811,37.118469,41cb5703-367d-4217-ad96-5b1014d1356d,4132009.06810592,-84695.5821058624
449,17,GITORO (CONSOLATA) DISP,3083,EASTERN,CENTRAL MERU,FOREST,IMENTI FOREST,IMENTI FOREST,DSA/DFH(MOH)-UNFPA REPORT,4,MISS,0.06518,37.612,857c48a2-ad55-4dd8-9cab-171ea37edf1b,4186948.68771661,7255.8059749239
450,49,TUMAINI DISP,423,CENTRAL,NYANDARUA,OL KALOU,TUMAINI,KANJUIRI,DDP,4,MOH,-0.271357,36.2638,b316332c-94c0-47b5-b586-1601ce9562df,4036867.75022912,-30207.4359908186
451,5,IGADENE MISSION DISP,2654,EASTERN,CENTRAL MERU,ABOGETA,ABOGETA,UPPER KIUNGONE,DSA/DFH(MOH)-UNFPA REPORT,4,MISS,-0.115971,37.6132,35a04eab-e070-4bf8-89b9-6b6b75b553c9,4187082.27110556,-12909.8414818015
452,29,KIANGUNYI MISSION DISP,336,CENTRAL,MURANGA,KANGEMA,MUGURU,WATUHA,GPS,4,MISS,-0.69231,36.98927,d02a9722-9bb0-40c0-9f54-9ee758ae4b04,4117626.70121491,-77069.4720643984
453,19,IGOJI MISSION HOSPITAL,1184,EASTERN,CENTRAL MERU,IGOJI,IGOJI,KUIRI,DSA/DFH(MOH)-UNFPA REPORT,1,MISS,-0.193799,37.6652,bf570879-dd8b-4055-983c-4b3e331526ab,4192870.88462681,-21573.647133044
454,50,TURASHA DISP,424,CENTRAL,NYANDARUA,KIPIPIRI,LERESHWA,KIRIKO(NYANDARUA),DDP,4,MOH,-0.447615,36.4426,c70a9bc6-1b55-4d6d-b11c-de12b486fc05,4056771.67518295,-49828.7807398251
455,30,KIBUTHA DISP,337,CENTRAL,MURANGA,KANGEMA,KANYENYAINI,KIBUTHA,1:50000 MAPS,4,MOH,-0.698198,36.91892,6c2f4c3b-e869-4003-9d2e-3d68c69cb466,4109795.37503761,-77724.9694853702
456,20,IRUMA CATHOLIC DISP,2396,EASTERN,CENTRAL MERU,IGOJI,IGOJI,GIKUI(CMERU),ILRI VILLAGES,4,MISS,-0.2,37.68,b3676512-23e5-4285-bd80-5a74bf4537fe,4194518.41309056,-22263.9433719272
457,51,URUKU DISP,425,CENTRAL,NYANDARUA,NDARAGWA,KAHUTHA,URUKU(NYANDARUA),DDP,4,MOH,0.03238,36.5779,fe97884d-7bc9-4230-900d-593d8c499bfa,4071833.20228729,3604.52530376005
458,21,ITHIMBARI DISP,2525,EASTERN,CENTRAL MERU,ABOGETA,IGOKI,UPPER CHURE,DSA/DFH(MOH)-UNFPA REPORT,4,MOH,-0.079823,37.5746,b54c4df0-57f2-4147-9a63-1c82292acc15,4182785.33876094,-8885.8585880682
459,31,KIGETUINI DISP,338,CENTRAL,MURANGA,KIHARU,GATURI,KIMATHI(MURANGA),1:50000 MAPS,4,MOH,-0.673212,37.162341,6a3dd637-72f0-46e9-8b4d-ad90e141ab3b,4136892.876806,-74943.3414645764
460,52,WANJOHI HEALTH CENTRE,434,CENTRAL,NYANDARUA,KIPIPIRI,WANJOHI,GATONDO,DDP,3,MOH,-0.307129,36.5122,c6373b25-21d2-4a50-9e39-a32f991ff35c,4064519.51174217,-34189.6076223807
461,82,KAMBAKIA CHRISTIAN CENTRE DISP,3553,EASTERN,CENTRAL MERU,MIRIGA MIERU WEST,MUNICIPALITY,KAAGA2,SUBLOC CENTROID,4,NGO,0.06,37.65,a2f7e01e-fd8c-45c6-b6eb-21f4d11ba69f,4191178.82836675,6679.17066835716
462,22,KANYAKINE HEALTH CENTRE,1098,EASTERN,CENTRAL MERU,ABOGETA,KITHANGARI,NTHARENE,DSA/DFH(MOH)-UNFPA REPORT,3,MOH,-0.120981,37.6702,40f22074-c056-4376-8a79-0eaf3104fd3f,4193427.48208078,-13467.5533231827
463,32,KIHOYA DISP,340,CENTRAL,MURANGA,MATHIOYA,RWATHIA,KIHOYA,1:50000 MAPS,4,MOH,-0.648649,36.88874,dba4d63d-526a-40ff-b49f-db610bcbdf4f,4106435.75280547,-72208.818857628
464,23,KAONGO DISP,1099,EASTERN,CENTRAL MERU,ABOTHUGUCHI EAST,NDURUMA,KAONGO,DSA/DFH(MOH)-UNFPA REPORT,4,MOH,-0.032333,37.7038,6b304a7e-4c9b-4f7a-bf9b-2ff663e841cd,4197167.81697143,-3599.29328684672
465,53,WERU DISP,426,CENTRAL,NYANDARUA,SOUTH KINANGOP,NJABINI,MURUAKI,DDP,4,MOH,-0.681759,36.5747,3c683e7e-2a9f-41ea-859f-4fee2b786ea1,4071476.97991675,-75894.8556706193
466,25,KARIA PCEA DISP,1101,EASTERN,CENTRAL MERU,IGOJI,KARIA,KARIA(CMERU),DSA/DFH(MOH)-UNFPA REPORT,4,MISS,-0.203297,37.6284,040754ee-440f-4419-b439-6a7aeaa13df8,4188774.32736562,-22630.966006166
467,0,KIHURO ACK DISP,0,CENTRAL,MURANGA,MATHIOYA,KIRU,KAGUMOINI(MURANGA),DHMT,4,MISS,-0.61,36.97,7dcdc674-f0f7-44ef-a8da-5a2628b6f9e3,4115481.57462733,-67906.1722357514
468,26,KATHERA PCEA DISP,1105,EASTERN,CENTRAL MERU,NKUENE,NKUENE,KATHERA(CMERU),DSA/DFH(MOH)-UNFPA REPORT,4,MISS,-0.054495,37.5879,e11ff9c7-1722-457d-963a-44b117494212,4184265.88798849,-6066.35656540556
469,1,AGUTHI DISP,440,CENTRAL,NYERI,TETU,AGUTHI,GITITU,1:50000 MAPS,4,MOH,-0.501352,37.020721,be81feba-df7f-45c9-b398-bae18497ffbf,4121127.81051985,-55810.9615634269
470,34,KIRIA DISP,344,CENTRAL,MURANGA,KAHURO,MUGOIRI,KIRIA(MURANGA),1:50000 MAPS,4,MOH,-0.767812,37.0672,0fdaf492-2bcc-422c-b2e0-faf49647b5dd,4126301.82913244,-85474.999208607
471,27,KATHIGU PCEA DISP,1106,EASTERN,CENTRAL MERU,IGOJI,KIANJOGU,MIRURIIRI,DSA/DFH(MOH)-UNFPA REPORT,4,MISS,-0.155807,37.6873,f646f2bc-7058-4657-b5fd-f5cdf59586ac,4195331.04537334,-17344.3772785095
472,2,AMBONI DISP,441,CENTRAL,NYERI,KIENI WEST,MWEIGA,AMBONI,1:50000 MAPS,4,MOH,-0.331019,36.874537,b40b4f70-c7c7-4ce3-82f8-9acb0cc51899,4104854.68207773,-36849.0715149769
473,3,BELLEVUE SUB HEALTH CENTRE,442,CENTRAL,NYERI,KIENI WEST,GATARAKWA,KAMARIKI,1:50000 MAPS,4,MOH,-0.221133,36.781122,7e0b370f-5f62-462e-b415-e1726026a765,4094455.77184528,-24616.4740710598
474,28,KATHITHI DISP,1107,EASTERN,CENTRAL MERU,MIRIGA MIERU EAST,MUNITHU,KIRIMENE,DSA/DFH(MOH)-UNFPA REPORT,4,MOH,0.069612,37.7025,08db1ae8-d04f-48f6-9bab-9d2e5fbf708a,4197023.1016334,7749.1742995661
475,35,KIRIAINI DISP,345,CENTRAL,MURANGA,MATHIOYA,KIRU,KIRIAINI(MURANGA),GPS,4,MOH,-0.59941,36.95155,0f7487b4-da4e-47a8-a381-146f82ac6dc2,4113427.73002219,-66727.2331668303
476,29,KIBIRICHIA DISP,0,EASTERN,CENTRAL MERU,ABOTHUGUCHI WEST,KIAMIOGO,MBURUGITI,ILRI VILLAGES,4,MISS,0.1,37.52,657157fe-8a0e-4c5c-9abc-84c4e2da454e,4176707.29456363,11131.9547309754
477,4,BURGURET DISP,0,CENTRAL,NYERI,KIENI EAST,GAKAWA,GITHIMA(NYERI),1:50000 MAPS,4,MOH,-0.111224,37,143a7dab-8c86-4da4-920a-2933b6f81bfa,4118821.15935113,-12381.4068202418
478,30,KIBIRICHIA HEALTH CENTRE,1112,EASTERN,CENTRAL MERU,ABOTHUGUCHI WEST,KIAMIOGO,KIAMIOGO,DSA/DFH(MOH)-UNFPA REPORT,3,MOH,0.125967,37.5037,060379c1-165c-4cd4-8643-41a03e4e1b6b,4174892.7868637,14022.5935933065
479,36,KIRIAINI MISS. HOSPITAL,2379,CENTRAL,MURANGA,MATHIOYA,KIRU,KIRIAINI(MURANGA),DDP,1,MISS,-0.597467,36.9482,745f9ed1-0e6a-41f2-88f1-a25c5986dc4d,4113054.80972804,-66510.9275976828
480,31,KIBURINE DISP,3441,EASTERN,CENTRAL MERU,MIRIGA MIERU EAST,KIBURINE,MBIRIKENE,DSA/DFH(MOH)-UNFPA REPORT,4,MOH,-0.001939,37.8887,53aaef0d-284a-421c-9cef-414308dc8334,4217750.79081911,-215.848492682109
481,5,CHEHE DISP,444,CENTRAL,NYERI,MATHIRA,IRIA-INI,CHEHE,1:50000 MAPS,4,MOH,-0.440991,37.173874,eb038bd1-77d6-4105-9480-93747ee73d4c,4138176.72449332,-49091.3782613817
482,37,KIROGO HEALTH CENTRE,381,CENTRAL,MURANGA,KAHURO,KAHUHIA,KIROGO,GPS,3,MOH,-0.71178,37.02947,27feb500-38e3-4675-95e7-88c5df9eb142,4122101.74474481,-79237.0252723467
483,32,KINORO DISP,3217,EASTERN,CENTRAL MERU,IGOJI,KINORO,KINORO,DSA/DFH(MOH)-UNFPA REPORT,4,MOH,-0.176703,37.6126,81bb5515-9b13-403d-930f-76c546fc44af,4187015.47941109,-19670.5191638952
484,6,CONSOLATA HOSPITAL MATHARI,496,CENTRAL,NYERI,MUNICIPALITY,MUKARO,MATHARI,GPS,1,MISS,-0.41129,36.91898,5c517770-45d8-4c3a-8cc0-81cf03ba49a5,4109802.05420705,-45784.9865785299
485,33,KIONYO DISP,1122,EASTERN,CENTRAL MERU,ABOGETA,ABOGETA,UPPER KIUNGONE,DSA/DFH(MOH)-UNFPA REPORT,4,MOH,-0.124147,37.5841,572ec8d8-3e7c-4b63-b3a4-f618bb952477,4183842.87392348,-13819.9916374444
486,0,MIHUTI DISP,0,CENTRAL,MURANGA,MATHIOYA,GITUGI,MIHUTI(MURANGA),DHMT,4,MISS,-0.66,36.96,334e07ad-dd2f-4dc3-9fa2-c80f40f6088c,4114368.3797194,-73472.4888021229
487,35,KIRONGINE PCEA DISP,1124,EASTERN,CENTRAL MERU,ABOGETA,IGOKI,KOTHINE,DSA/DFH(MOH)-UNFPA REPORT,4,MISS,-0.094387,37.6822,8fa2f432-8a99-40a5-b4c0-960d176c0daf,4194763.3159703,-10507.1175298809
488,7,EMBARINGO DISP,3159,CENTRAL,NYERI,KIENI WEST,GATARAKWA,EMBARINGO,1:50000 MAPS,4,MOH,-0.281144,36.682213,979e052c-4d57-4a6e-990a-4dc40a954547,4083445.27233041,-31296.9325120946
489,37,KIRUA COTTAGE HOSPITAL,2399,EASTERN,CENTRAL MERU,BUURI,KIIRUA,KIIRUA,DSA/DFH(MOH)-UNFPA REPORT,1,MISS,0.130399,37.5638,ed6a6e48-68bf-492a-af0d-d4a12a7c08a4,4181583.08826038,14515.9628113139
490,8,ENDARASHA HEALTH CENTRE,509,CENTRAL,NYERI,KIENI WEST,ENDARASHA,ENDARASHA,1:50000 MAPS,3,MOH,-0.307348,36.7948,7916fe5f-c9aa-4026-aa55-eb87cc96dfc5,4095978.39984035,-34213.9869413671
491,42,MUGEKA HEALTH CENTRE,354,CENTRAL,MURANGA,KIHARU,GATURI,GEITWA/MUGEKA,GPS,3,MOH,-0.63969,37.09145,cbc1fa0e-0f6a-4cc0-90ca-d543db196d0a,4129001.32678417,-71211.4445040407
492,38,KIRUA DISP,1117,EASTERN,CENTRAL MERU,BUURI,KIIRUA,KIIRUA,DSA/DFH(MOH)-UNFPA REPORT,4,MOH,0.143063,37.5607,3cf28ad7-9a82-40a3-91b7-cf859fa01257,4181237.99783892,15925.7168598134
493,39,KITHATU CATHOLIC DISP,3555,EASTERN,CENTRAL MERU,ABOGETA,KIRINGA,KITHATU,SUBLOC CENTROID,4,MISS,-0.144378,37.740945,c16c8c36-41f9-42a7-a091-fe302df81ac3,4201302.77945695,-16072.1024507344
494,43,MUGOIRI  MISSION DISP,356,CENTRAL,MURANGA,KAHURO,MUGOIRI,KAHURO,GPS,4,MISS,-0.74839,37.02561,625917de-1bb9-4386-9ebf-683b61d69225,4121672.05151034,-83312.7627807098
495,40,MACHAKA CATHOLIC DISP,2894,EASTERN,CENTRAL MERU,ABOTHUGUCHI WEST,KIAMIOGO,KIAMIOGO,DSA/DFH(MOH)-UNFPA REPORT,4,MISS,0.112669,37.5113,be7c70d5-9831-46f6-bb8a-1ca5993f9537,4175738.81499373,12542.2637914863
496,9,GACHIKA DISP,3158,CENTRAL,NYERI,MUNICIPALITY,KIGANJO,GACHIKA(NYERI),1:50000 MAPS,4,MOH,-0.429054,37.026577,1e147141-95b7-4f76-ac9c-1a2a40e8a8a5,4121779.69745794,-47762.519195066
497,41,MAKANDUNE PCEA DISP,1127,EASTERN,CENTRAL MERU,ABOTHUGUCHI EAST,KIAGU,MAKANDUNE,DSA/DFH(MOH)-UNFPA REPORT,4,MISS,-0.079823,37.8216,c4e03ead-ae65-4409-8c5b-f92fcc8afba0,4210281.25298688,-8885.8585880682
498,43,MARIE STOPES DISP,3671,EASTERN,CENTRAL MERU,FOREST,IMENTI FOREST,IMENTI FOREST,DSA/DFH(MOH)-UNFPA REPORT,4,NGO,0.073411,37.6291,9d6368a4-865f-470f-87af-4ec688eeda10,4188852.25100918,8172.07737455731
499,45,MURANGA DISTRICT HOSPITAL,393,CENTRAL,MURANGA,KIHARU,TOWNSHIP,KARURI(MURANGA),GPS,1,MOH,-0.71587,37.15985,a8068d92-c300-4c35-91c8-765455384ecb,4136615.57995443,-79692.35732688
500,10,GAKAWA DISP,3364,CENTRAL,NYERI,KIENI EAST,GAKAWA,KAHURURA,1:50000 MAPS,4,MOH,-0.041123,37.08,66e538c3-daf9-4138-a286-9c7b1958d8da,4127726.71861459,-4577.79181292194
501,46,MERU DISTRICT HOSPITAL,1181,EASTERN,CENTRAL MERU,MIRIGA MIERU WEST,MUNICIPALITY,KAAGA2,HD MAPS,1,MOH,0.060928,37.6641,298eb22a-923b-464e-b4cd-a3098a48ba37,4192748.43318694,6782.47521333614
502,48,MINUGU DISP,1138,EASTERN,CENTRAL MERU,BUURI,RWARERA,KIRWIRO,1:50000 MAPS,4,MISS,0.225676,37.62112,ee97debc-70b8-4a50-8ea3-8463d06d91fd,4187963.92147265,25122.2023622442
503,11,GATEI DISP,445,CENTRAL,NYERI,MATHIRA,MAGUTU,GATEI(NYERI),1:50000 MAPS,4,MOH,-0.399909,37.148198,98ffd12d-5dba-4c3a-8421-23427b5b8c80,4135318.48524771,-44518.0277063717
504,49,MITUNGUU DISP,3790,EASTERN,CENTRAL MERU,NKUENE,MITUNGUU,KIRINDENE,1:50000 MAPS,4,MISS,-0.101802,37.779276,21126af4-fe04-4b14-b620-cdf7f8f54e2a,4205569.76685855,-11332.5527644473
505,12,GATHIURU DISP,446,CENTRAL,NYERI,KIENI EAST,GAKAWA,GATHIURU,1:50000 MAPS,4,MOH,-0.07432,37.031124,7257678f-c254-42eb-afd3-28a7883a9e32,4122285.86718258,-8273.26687577112
506,50,MKUMBUNE SUB DISTRICT HOSPITAL,1137,EASTERN,CENTRAL MERU,NKUENE,MIKUMBUNE,MIKUMBUNE,DSA/DFH(MOH)-UNFPA REPORT,3,MOH,-0.072225,37.6006,69393a1d-43bd-44e2-98c1-94e17cc0b241,4185679.64552157,-8040.0523518426
507,53,MUJWA CATHOLIC DISP,1142,EASTERN,CENTRAL MERU,ABOTHUGUCHI EAST,MWANGATHIA,GATUUNE,DSA/DFH(MOH)-UNFPA REPORT,4,MISS,-0.060827,37.6987,632dd38b-718f-44f7-855b-609e7129375c,4196600.08756839,-6771.23193841035
508,13,GATHUTHI DISP,3809,CENTRAL,NYERI,TETU,THEGENGE,GATHUTHI,DISTRICT ESTIMATES,4,MISS,-0.48214,36.90123,ad2d7ce5-eeab-4c19-9639-e8e17b70500d,4107826.13324548,-53672.2127258
509,56,MWOROGA MISSION DISP,1150,EASTERN,CENTRAL MERU,IGOJI,MWERU,MWERU(CMERU),DSA/DFH(MOH)-UNFPA REPORT,4,MISS,-0.160873,37.7095,539902d2-094e-4afb-86aa-809779cc665a,4197802.33806895,-17908.3239725456
510,57,NAARI DISP,1151,EASTERN,CENTRAL MERU,BUURI,NAARI,MURUGUMA,DSA/DFH(MOH)-UNFPA REPORT,4,MOH,0.091141,37.5657,0a60c732-2588-4f6c-bfab-80467817dfed,4181794.59529288,10145.7739891391
511,14,GATITU DISP,447,CENTRAL,NYERI,TETU,GAAKI,MUTATHIINI,1:50000 MAPS,4,MOH,-0.457437,36.9919,7ac5df2e-63cd-47dd-816a-c3a60390e336,4117919.4714757,-50922.1948828696
512,15,GATONDO DISP,4578,CENTRAL,NYERI,MATHIRA,IRIA-INI,KIAMWANGI,1:50000 MAPS,4,MOH,-0.43333,37.16667,63ac627d-3ffb-464f-b6d6-e09417596746,4137374.77888164,-48238.5348176665
513,58,NGARENDARE DISP,2743,EASTERN,CENTRAL MERU,TIMAU,KISIMA,NGARE NDARE,1:50000 MAPS,4,MISS,0.202321,37.392321,328b981d-28ba-4ff0-90f5-e8ed87be9596,4162494.13329863,22522.3175025113
514,16,GIATHENGE DISP,3561,CENTRAL,NYERI,OTHAYA,KARIMA,GURA,1:50000 MAPS,4,MOH,-0.532145,36.975528,f3ab747a-71dd-457f-bf18-07f209e96bbb,4116096.94877244,-59238.9621034183
515,59,NKABUNE MISSION DISP,1154,EASTERN,CENTRAL MERU,MIRIGA MIERU EAST,MULATHANKARI,NKABUNE,DSA/DFH(MOH)-UNFPA REPORT,4,MISS,0.038585,37.6911,3a0af630-b9ef-47e1-a9cd-21d6d8605286,4195754.05943836,4295.26287692586
516,17,GICHICHI SUB HEALTH CENTRE,489,CENTRAL,NYERI,OTHAYA,CHINGA,GICHICHE(NYERI),GPS,3,MOH,-0.57562,36.92429,9aaa0b04-1701-428e-98b5-213f6447ebbb,4110393.16070317,-64078.8032271738
517,61,NKACII DISP,2745,EASTERN,CENTRAL MERU,ABOGETA,KIRINGA,KITHATU,1:50000 MAPS,4,MOH,-0.132542,37.702131,0a816d70-5c08-4d95-bb09-a8c014cea49e,4196982.0247413,-14754.5211081081
518,63,NKANDO DISP,4453,EASTERN,CENTRAL MERU,NKUENE,NKUENE,URUKU(CMERU),1:50000 MAPS,4,MOH,-0.041232,37.592321,928e2f07-ac57-4d0c-95e4-e791ed21d8d4,4184758.03145729,-4589.92564055347
519,18,GICHIRA HEALTH CENTRE,449,CENTRAL,NYERI,TETU,AGUTHI,GICHIRA,1:50000 MAPS,3,MOH,-0.471847,37.019369,ca3b58c8-5a55-45f3-804c-284b5ca5501f,4120977.3065683,-52526.3614977654
520,160,NKUBU DISP,3718,EASTERN,CENTRAL MERU,NKUENE,NKUENE,KATHERA(CMERU),ILRI MKT CENTRES,4,MOH,-0.062288,37.663113,04e040bd-8c86-49b2-90a0-f60ce6936f69,4192638.56084953,-6933.86980833147
521,64,NKUNJUMO CATHOLIC DISP,2397,EASTERN,CENTRAL MERU,IGOJI,KARIA,NKUNJUMU,SUBLOC CENTROID,4,MISS,-0.177278,37.585537,21bd0256-e9c5-4121-94f1-783d681e3edf,4184002.84003175,-19734.5281764947
522,19,GIKONDI DISP,490,CENTRAL,NYERI,MUKURWE-INI,GIKONDI,KIIRUNGI,DISTRICT ESTIMATES,4,MISS,-0.57123,37.03231,29b52673-a45a-488e-8ee4-8b9144f4a537,4122417.89209866,-63590.0861869557
523,68,ONTOLILI DISP,1157,EASTERN,CENTRAL MERU,FOREST,MT KENYA FOREST,MT KENYA FOREST2,DSA/DFH(MOH)-UNFPA REPORT,4,MOH,-4E-05,37.1877,e50c3751-367c-473e-80dd-90c82eb0de2f,4139715.82777303,-4.45277962738519
524,69,RIIJI MISSION DISP,3019,EASTERN,CENTRAL MERU,ABOTHUGUCHI WEST,KATHERI EAST,KINJO NORTH,DSA/DFH(MOH)-UNFPA REPORT,4,MISS,0.003759,37.6227,211858a9-574c-4ea9-a4be-b4444916c52a,4188139.8062681,418.44996619723
525,20,GITUGI DISP,450,CENTRAL,NYERI,OTHAYA,MAHIGA,GITUGI(NYERI),1:50000 MAPS,4,MOH,-0.517025,36.8629,8c74094f-9128-472b-a454-28e74886dc50,4103559.25716337,-57555.7408481212
526,70,RUIRI CATHOLIC DISP,1158,EASTERN,CENTRAL MERU,BUURI,RUIRI,NCOROIBORO,DSA/DFH(MOH)-UNFPA REPORT,4,MISS,0.174723,37.6481,fdf7117d-4d8c-4f3f-b230-8294b8af4585,4190967.32133425,19450.1055356154
527,71,RUIRI RHDC,1186,EASTERN,CENTRAL MERU,BUURI,RUIRI,NCOROIBORO,DSA/DFH(MOH)-UNFPA REPORT,3,MOH,0.162059,37.6436,87b56610-d98d-4691-bbc2-f392af0ecf2e,4190466.38362568,18040.3494128998
528,21,GITUNDUTI CATHOLIC DISP,4371,CENTRAL,NYERI,MATHIRA,MAGUTU,GITUNDUTI,DISTRICT ESTIMATES,4,MISS,-0.39132,37.13234,b8ab8489-fa6e-4158-93dc-65ab88954f22,4133553.18076271,-43561.8818065699
529,41,KARATINA SUB-DISTRICT HOSPITAL,495,CENTRAL,NYERI,MATHIRA,KARATINA,CHERU,GPS,1,MOH,-0.47339,37.12943,854b7591-63b6-4b97-a1ee-c592a84d02b5,4133229.2410445,-52698.1333158649
530,73,TIMAU CATHOLIC DISP,2784,EASTERN,CENTRAL MERU,TIMAU,KIRIMARA,KIAMBOGO(CMERU),DSA/DFH(MOH)-UNFPA REPORT,4,MISS,0.095573,37.2428,dd1ff6a2-3317-4cf2-a84f-f8ee0a5b03d7,4145849.53171573,10639.142627382
531,74,TIMAU HEALTH CENTRE,1177,EASTERN,CENTRAL MERU,TIMAU,NGUSISHI,MARITATI,DSA/DFH(MOH)-UNFPA REPORT,3,MOH,0.110137,37.265,f8747f28-ddd7-4a9b-8065-5e044198c87c,4148320.82441134,12260.4023079903
532,22,GUMBA DISP,451,CENTRAL,NYERI,MUKURWE-INI,RUTUNE,NGAMWA,1:50000 MAPS,4,MOH,-0.619394,37.125226,00b90648-caa9-4482-8686-40472745c01c,4132761.25390521,-68951.9677186075
533,75,TUNTU DISP (MERU GK PRISON DISP),3432,EASTERN,CENTRAL MERU,MIRIGA MIERU WEST,NTIMA,TUNTU,1:50000 MAPS,4,MOH,0.052321,37.641232,8a004557-24d4-4f22-adbc-5babbadb9dea,4190202.77907148,5824.34788727623
534,42,KAREMENO DISP,3146,CENTRAL,NYERI,KIENI WEST,MUGUNDA,KAREMENO,1:50000 MAPS,4,MOH,-0.12324,36.781123,c1d9c506-7d87-4a32-b4f1-bd5bf811eaac,4094455.88316477,-13719.0246240086
535,23,HOMBE DISP,452,CENTRAL,NYERI,MATHIRA,RUGURU,SAGANA(NYERI),1:50000 MAPS,4,MOH,-0.354505,37.08784,8c596cb1-840a-4e0a-b8fa-3ffafe30705c,4128599.46342241,-39463.5678779951
536,78,URUKU GK PRISON DISP,1163,EASTERN,CENTRAL MERU,NKUENE,NKUENE,URUKU(CMERU),DSA/DFH(MOH)-UNFPA REPORT,4,MOH,-0.037399,37.5638,84c6934c-ac1c-405a-a18f-6c56c3f0ddeb,4181583.08826038,-4163.23793180582
537,43,KARIKO DISP,462,CENTRAL,NYERI,OTHAYA,CHINGA,GIKIGIE,1:50000 MAPS,4,MISS,-0.578853,36.8875,35901221-c870-465d-9b1f-b46f4ced3ff9,4106297.71663688,-64438.7174062843
538,76,URUKU H C,1162,EASTERN,CENTRAL MERU,NKUENE,NKUENE,URUKU(CMERU),DSA/DFH(MOH)-UNFPA REPORT,3,MOH,-0.030434,37.6088,26ce639b-d088-4055-a2c3-8d204c2b2b2e,4186592.46534607,-3387.89754211181
539,44,KARIMA DISP,463,CENTRAL,NYERI,OTHAYA,KARIMA,GURA,DISTRICT ESTIMATES,4,MISS,-0.52123,36.98231,da4c8429-7e24-4d12-b3ba-231896408800,4116851.91755899,-58023.8585213271
540,24,HOMEBASED DISP,0,CENTRAL,NYERI,MATHIRA,KARATINA,CHERU,GPS,4,MOH,-0.47851,37.12657,468d2360-4f29-4830-9b12-ca8f52acc975,4132910.86730083,-53268.1087742409
541,45,KIAGUTHU DISP,3152,CENTRAL,NYERI,OTHAYA,CHINGA,KIAGUTHU(CHINGA),1:50000 MAPS,4,MOH,-0.590991,36.946396,bed4b8a5-1a78-4f21-be5b-32a65c4e0f6e,4112853.98936664,-65789.9838018788
542,79,YURURU DISP,3445,EASTERN,CENTRAL MERU,ABOGETA,KANYAKINE,KANYAKINE,DSA/DFH(MOH)-UNFPA REPORT,4,MISS,-0.130479,37.6557,16ad3b49-6201-4dea-94b3-f5453ac75155,4191813.34946427,-14524.8683936469
543,46,KIAMUYA DISP,4373,CENTRAL,NYERI,OTHAYA,CHINGA,KAGONGO(NYERI),1:50000 MAPS,4,MOH,-0.576577,36.935586,f9602758-c43c-40cc-a29a-c4b2580a0b4e,4111650.62567117,-64185.3413652813
544,30,CONSOLATA HOSPITAL KYENI,4261,EASTERN,EMBU,KYENI,KYENI SOUTH,KATHANJURI,HD MAPS,1,MISS,-0.417376,37.5968,b13e49fd-0873-496b-b16e-ef53f397db0a,4185256.63145655,-46462.4947146204
545,47,KIANDONGORO DISP,464,CENTRAL,NYERI,TETU,TETU,KIRURUMI,1:50000 MAPS,4,MOH,-0.451351,36.83784,26dcf1c4-6acc-414f-9a1d-b9b7ce43d71f,4100769.59072409,-50244.6831554555
546,2,EMBU CHILDREN CLINIC,0,EASTERN,EMBU,CENTRAL,MUNICIPALITY,NJUKIRI,ILRI MKT CENTRES,4,MISS,-0.522311,37.451526,13e9f358-85c1-4739-980c-16f408d7b2b1,4169084.80375105,-58144.1998808202
547,25,ICHAMARA DISP,453,CENTRAL,NYERI,MUKURWE-INI,GITHI,ICHAMARA,GPS,4,MOH,-0.54258,37.07877,ab2839a9-24c4-4e16-9807-3758398dba73,4127589.79564092,-60400.6320818166
548,3,EMBU PGH,840,EASTERN,EMBU,CENTRAL,MUNICIPALITY,NJUKIRI,1:50000 MAPS,2,MOH,-0.522973,37.453604,b5e3c1a2-780d-4f13-98b7-cfd435e226b0,4169316.12565292,-58217.8964497685
549,48,KIGANJO MARKET DISP,466,CENTRAL,NYERI,MUNICIPALITY,KIGANJO,KIGANJO(NYERI),1:50000 MAPS,4,MOH,-0.37923,37.00315,99e8e872-2c55-49b3-bbb3-6ab82847dc75,4119171.81574713,-42215.9987324735
550,4,ENA DISP,799,EASTERN,EMBU,RUNYENJES,KAGAARI SOUTH,KAWANJARA,DHMT,4,MOH,-0.47,37.55,f8d2eefb-a166-4251-84a0-f747e1cef1c2,4180046.87928743,-52320.7474532048
551,49,KIHUYO DISP,4374,CENTRAL,NYERI,MUNICIPALITY,MUKARO,KIHUYO,1:50000 MAPS,4,MOH,-0.381122,36.911123,fccfdd5a-cf4d-41f8-9bef-7a248fb24242,4108927.41696789,-42426.6198456083
552,5,GAIKAMA DISP,4319,EASTERN,EMBU,RUNYENJES,KAGAARI NORTH,KIANJOKOMA,DSA/DFH(MOH)-UNFPA REPORT,4,MISS,-0.385563,37.5076,4a9b0391-52dc-4ca6-b053-6a89790424d5,4175326.93287779,-42921.0007695315
553,26,IHURIRIO DISP,454,CENTRAL,NYERI,OTHAYA,IRIA-INI,IHURIRIO,1:50000 MAPS,4,MOH,-0.554411,36.883322,b103faf2-145f-4c17-8eda-248baf39777e,4105832.62380435,-61717.7133301327
554,50,KINUNGA HEALTH CENTRE,491,CENTRAL,NYERI,TETU,TETU,KIGOGOINI,1:50000 MAPS,3,MOH,-0.441123,36.89,af238d14-0865-424b-9ef1-5f5b996fa40e,4106576.01536387,-49106.072869549
555,6,GATUMBI DISP,802,EASTERN,EMBU,KYENI,KYENI NORTH,KIANGUNGI,1:50000 MAPS,4,MOH,-0.381235,37.572321,5fc12392-6510-4657-bb7a-1c80368bab65,4182531.64164142,-42439.1992264489
556,51,KIRURUMI DISP,3148,CENTRAL,NYERI,TETU,TETU,KIRURUMI,1:50000 MAPS,4,MOH,-0.435484,36.8544,e8882ffd-d12e-471a-ac07-1c155c35eb0a,4102613.04149163,-48478.323892858
557,27,IHURURU DISP,455,CENTRAL,NYERI,TETU,MAHOYA,IHURURU,1:50000 MAPS,4,MOH,-0.412186,36.8907,e48001a8-1af6-436b-8586-c6416252e947,4106653.93900742,-45884.731417746
558,7,GATUNDURI DISP,2783,EASTERN,EMBU,CENTRAL,MBETI NORTH,KIANGIMA,1:50000 MAPS,4,MOH,-0.482321,37.471234,b15935a3-46e9-4b21-b6d0-74eddf92d558,4171278.6882756,-53692.3622673024
559,52,MAGUTU MISSION DISP,468,CENTRAL,NYERI,MATHIRA,MAGUTU,GAIKUYU,ILRI VILLAGES,4,MISS,-0.42,37.13,38365c9e-b47c-470b-a7a6-b306c5860524,4133292.69315425,-46754.6048576984
560,63,GERTRUDES DISP,4340,EASTERN,EMBU,CENTRAL,MBETI NORTH,ITABUA,DSA/DFH(MOH)-UNFPA REPORT,4,MISS,-0.548287,37.4744,66e04bd7-79c3-47e8-aec3-b2615dab69d3,4171631.12578346,-61035.9612035328
561,53,MAHIGA  MISSION DISP,27,CENTRAL,NYERI,OTHAYA,MAHIGA,KAMOKO,DISTRICT ESTIMATES,4,MISS,-0.512321,36.91523,da027d15-8826-4ef8-867c-7437c33c0779,4109384.60611658,-57032.0728361462
562,9,KAGUMOINI DISP,3546,EASTERN,EMBU,CENTRAL,MBETI NORTH,ITABUA,DSA/DFH(MOH)-UNFPA REPORT,4,MISS,-0.555864,37.4763,e29a978c-cffe-4dc5-bbf2-9b683ed33d55,4171842.63281596,-61879.4681426664
563,28,ISLAND FARM DISP,456,CENTRAL,NYERI,KIENI EAST,NAROMORU,RONGAI(NYERI),1:50000 MAPS,4,MOH,-0.21134,37.061123,c77ad7c9-cc9e-4a71-a4db-8530d3f6a43a,4125625.34058689,-23526.3145326317
564,54,MARY IMMACULATE HOSP. MWEIGA,1694,CENTRAL,NYERI,KIENI WEST,MWEIGA,KAMATONGU,HD MAPS,1,MISS,-0.31667,36.9,a9a62c34-eefb-4772-97b2-b344d1fea506,4107689.2102718,-35251.7226223567
565,10,KAIRURI DISP,807,EASTERN,EMBU,MANYATTA,NGANDORI,KAIRURI,DSA/DFH(MOH)-UNFPA REPORT,4,MOH,-0.430926,37.4647,2136bdd8-31ed-41fa-be6b-a6eba1e51b58,4170551.32672276,-47970.9151503611
566,55,MERE DISP,469,CENTRAL,NYERI,KIENI EAST,KIAMATHAGE,MIRICHO,1:50000 MAPS,4,MOH,-0.131124,37.04213,07e6bcdf-7890-4237-afe0-35f627b7075c,4123511.04949825,-14596.6696523086
567,29,ITIATI DISP,3145,CENTRAL,NYERI,MATHIRA,KONYU,ITIATI,1:50000 MAPS,4,MOH,-0.40991,37.107207,3f4af253-e397-49b8-ac29-518f479d7d8c,4130755.38800061,-45631.3617364582
568,12,KANGARU DISP,809,EASTERN,EMBU,CENTRAL,MUNICIPALITY,NTHAMBO(EMBU),DSA/DFH(MOH)-UNFPA REPORT,4,MOH,-0.509833,37.4649,12ab6426-fd2d-4c9a-8c76-e84bb09f99cf,4170573.59062092,-56755.0989242557
569,56,MIHUTI DISP,470,CENTRAL,NYERI,MUKURWE-INI,GIATHUGU,MIHUTI(NYERI),1:50000 MAPS,4,MOH,-0.565766,37.07748,38f914ba-6e09-4096-bbcb-02ed3a393bec,4127446.19349779,-62981.8065469237
570,13,KANJA DISP,811,EASTERN,EMBU,RUNYENJES,KAGAARI NORTH,KANJA,DSA/DFH(MOH)-UNFPA REPORT,4,MOH,-0.379137,37.5275,8f1b20b2-c988-42d0-a325-e1f562a2095f,4177542.19074458,-42205.645793113
571,57,MT. KENYA HOSPITAL,497,CENTRAL,NYERI,MUNICIPALITY,MUKARO,MAJENGO(NYERI),GPS,1,MOH,-0.42414,36.93414,9b56bd1f-0c61-4939-9f63-24820bd80216,4111489.65768749,-47215.4800544357
572,15,KARAU H C,814,EASTERN,EMBU,MANYATTA,NGINDA,MBUVORI,DSA/DFH(MOH)-UNFPA REPORT,3,MOH,-0.387075,37.4615,80202704-3557-43aa-8d7e-7c964de02003,4170195.10435222,-43089.3196656419
573,30,ITUNDU DISP,3154,CENTRAL,NYERI,MATHIRA,IRIA-INI,CHEHE,1:50000 MAPS,4,MOH,-0.406532,37.18378,1989dc4a-1bd4-47fb-b682-190f2699a4ae,4139279.45536912,-45255.3149519537
574,58,MUGUNDA DISP,471,CENTRAL,NYERI,KIENI WEST,ENDARASHA,GAKANGA,1:50000 MAPS,4,MOH,-0.30123,36.71123,87b87bbd-98d3-4e66-9ad4-2130b4c9c54e,4086675.42999476,-33532.9246916912
575,16,KARURUMO RHTC,844,EASTERN,EMBU,KYENI,KARURUMO,KATHUNGURI,DHMT,3,MOH,-0.46,37.66,7ed75e31-fe1f-4099-a385-ea9073b34e52,4192292.02327469,-51207.5158820609
576,17,KATHANGARI DISP,815,EASTERN,EMBU,MANYATTA,NGANDORI,KATHANGARI,DSA/DFH(MOH)-UNFPA REPORT,4,MOH,-0.478747,37.4451,af23d29c-e49a-4c01-af01-26fd4ca240d6,4168369.46470321,-53294.4924141199
577,59,MUKURWENI SUB-DISTRICT HOSP.,498,CENTRAL,NYERI,MUKURWE-INI,MUHITO,GATURIA,GPS,1,MOH,-0.55924,37.04464,ce3f483a-c558-4f12-bda8-b33aee3c177b,4123790.46142014,-62255.3005381595
578,31,KABAGE DISP,457,CENTRAL,NYERI,TETU,MAHOYA,KABAGE,1:50000 MAPS,4,MOH,-0.402778,36.8239,4d5b9f6a-e327-4896-9e07-92ce00452354,4099217.79702243,-44837.411161008
579,18,KATHANGARIRI DISP,0,EASTERN,EMBU,MANYATTA,NGINDA,NGUVIU,DHMT,4,MOH,-0.41,37.45,ff311d90-f5f4-4546-9e4c-f4852b094e50,4168914.9302081,-45641.3807470913
580,60,MURERU DISP,3150,CENTRAL,NYERI,KIENI EAST,GAKAWA,GITHIMA(NYERI),1:50000 MAPS,4,MOH,-0.123874,37.02793,7d6e2417-d2c6-4c71-8834-e4bb0d83ba84,4121930.31272898,-13789.6013452756
581,19,KATHANJURI DISP,816,EASTERN,EMBU,KYENI,KYENI SOUTH,NYAGARI,DHMT,4,MOH,-0.42,37.61,9e7bab4a-e7b2-4b5d-9a89-73b0606131f3,4186726.04873503,-46754.6048576984
582,61,MUTHUTHI-INI DISP,3810,CENTRAL,NYERI,MUKURWE-INI,GIKONDI,MUTHUTHIINI,1:50000 MAPS,4,MOH,-0.593694,37.053153,f27c3f77-c364-4449-96ed-7eed0992b1c0,4124738.12424526,-66090.8964663019
583,32,KAGERE DISP,3151,CENTRAL,NYERI,OTHAYA,MAHIGA,KAMOKO,1:50000 MAPS,4,MOH,-0.516129,36.9261,a16b681c-7923-48b3-a695-1d898ab6910a,4110594.64898151,-57455.9945303272
584,21,KEVOTE DISP,817,EASTERN,EMBU,NEMBURE,MAKENGI,KEVOTE,DSA/DFH(MOH)-UNFPA REPORT,4,MISS,-0.444724,37.5349,5e45d4f1-b29d-42c7-8cc7-fc17586e9584,4178365.95497645,-49506.9463340452
585,62,MWERU DISPENSARY,507,CENTRAL,NYERI,MUKURWE-INI,GIATHUGU,MWERU(NYERI),DISTRICT ESTIMATES,4,MOH,-0.602321,37.10231,27b16fb0-d4b1-448c-976b-75e228261171,4130210.25645419,-67051.3020247622
586,33,KAGICHA DISP,4575,CENTRAL,NYERI,OTHAYA,CHINGA,MUMBUINI,1:50000 MAPS,4,MOH,-0.600901,36.902253,5b770092-0ee3-411b-8b6a-f8f463850fff,4107940.01308456,-66893.2196334669
587,22,KIANJOKOMA HEALTH CENTRE,837,EASTERN,EMBU,RUNYENJES,KAGAARI NORTH,KIANJOKOMA,DSA/DFH(MOH)-UNFPA REPORT,3,MOH,-0.397093,37.5016,70e4623c-8cf0-46e5-85ef-c0f4c0fa6192,4174659.01593303,-44204.544438044
588,63,NAIROBI DISP,472,CENTRAL,NYERI,KIENI EAST,THIGU,THIRIGITU,1:50000 MAPS,4,MOH,-0.317568,37.01082,965e71bf-faae-404b-82d8-af4d46dc30de,4120025.63624151,-35351.6890562576
589,23,KIBUGU HEALTH CENTRE,838,EASTERN,EMBU,MANYATTA,NGINDA,KIBUGU,DSA/DFH(MOH)-UNFPA REPORT,3,MOH,-0.444346,37.4352,a22ed4ef-0938-4776-b775-fcb9d928f628,4167267.40174436,-49464.8663000089
590,64,NARO MORU CATHOLIC DISP,3141,CENTRAL,NYERI,KIENI EAST,NAROMORU,NAROMORU,DISTRICT ESTIMATES,4,MISS,-0.17421,37.03124,6debcf2c-8c76-4b60-a268-cd63fc041399,4122298.78024351,-19392.9983720788
591,74,KIGUMO DISP,819,EASTERN,EMBU,KYENI,KYENI SOUTH,KIGUMO,DSA/DFH(MOH)-UNFPA REPORT,4,MISS,-0.42085,37.64,013ff99a-c0a2-4e80-ab83-d4ce3787f8f7,4190065.63345882,-46849.2289723018
592,65,NARO MORU SUB HEALTH CENTRE,474,CENTRAL,NYERI,KIENI EAST,NAROMORU,NAROMORU,1:50000 MAPS,3,MOH,-0.16667,37.02027,61497e47-e3c4-4da1-a01e-1002f73edf00,4121077.60542951,-18553.6456971475
593,25,KIRIARI CPK DISP,2754,EASTERN,EMBU,MANYATTA,RUGURU,KIRIARI,DSA/DFH(MOH)-UNFPA REPORT,4,MISS,-0.398038,37.4732,0718b818-7fb1-4c35-9e54-5e5037e39c0b,4171497.54239451,-44309.74388937
594,66,NDATHI DISP,476,CENTRAL,NYERI,KIENI EAST,KABARU,NDATHI,1:50000 MAPS,4,MOH,-0.301354,37.11982,2d55af3e-6326-45a0-ac6b-4f64616d8fee,4132159.46073798,-33546.7284993987
595,27,KITHEGI DISP,804,EASTERN,EMBU,NEMBURE,KITHIMU,KITHEGI,DSA/DFH(MOH)-UNFPA REPORT,4,MOH,-0.510879,37.5585,a5da236d-d76e-41fb-818e-4dee5ff34cde,4180993.09495917,-56871.5437310553
596,67,NDIMAINI DISP,477,CENTRAL,NYERI,MATHIRA,KONYU,GAKUYU(NYERI),1:50000 MAPS,4,MOH,-0.522523,37.137387,1f97fe95-b12e-43b0-ad23-6fab60f6e72c,4134115.01023274,-58167.8005939013
597,28,KITHIMU DISP,805,EASTERN,EMBU,NEMBURE,KITHIMU,KITHIMU,DSA/DFH(MOH)-UNFPA REPORT,4,MOH,-0.507477,37.5192,af36d6d1-767c-4746-b6ea-4fd858017ab2,4176618.238971,-56492.8198684114
598,68,NDUGAMANO DISP,84,CENTRAL,NYERI,TETU,THEGENGE,NDUGAMANO,1:50000 MAPS,4,MOH,-0.489695,36.8858,400e52f6-8c05-4032-9aba-7a9ced0272a9,4106108.47350254,-54513.261725388
599,20,KITHUNGURIRI DISP,2443,EASTERN,EMBU,MANYATTA,RUGURU,KITHUNGURIRI,DDP,4,MOH,-0.358109,37.4778,bb1cc9cf-9a7c-44d8-990f-efd84230a97b,4172009.61205215,-39864.7710806422
600,69,NGANDU-KABIRUINI MISSION DISP,478,CENTRAL,NYERI,MATHIRA,KIRIMUKUYU,NGANDU,DISTRICT ESTIMATES,4,MISS,-0.45123,37.09231,d97ed75d-7481-4fad-af7e-0be982b76248,4129097.06154625,-50231.2130792361
601,31,MAKENGI DISP,823,EASTERN,EMBU,NEMBURE,MAKENGI,MAKENGI,DSA/DFH(MOH)-UNFPA REPORT,4,MOH,-0.452285,37.5228,9b69e2c6-5e0a-420c-b84f-821d74745aa1,4177018.98913785,-50348.6587926776
602,70,NGORANO HEALTH CENTRE,510,CENTRAL,NYERI,MATHIRA,NGORANO,HIRIGA,1:50000 MAPS,3,MOH,-0.409901,37.064189,65922b8a-2c2b-4658-abfd-dca51e074dfc,4125966.64614566,-45630.3598353987
603,32,MOTHER NAZZALLERO MISSION DISP,0,EASTERN,EMBU,CENTRAL,MBETI NORTH,ITABUA,DSA/DFH(MOH)-UNFPA REPORT,4,MISS,-0.563803,37.4782,a6b2a6e5-8ff9-4505-b15a-4b25cdb14b8e,4172054.13984847,-62763.2757695466
604,71,NJOGUINI DISP,3545,CENTRAL,NYERI,TETU,MAHOYA,THATHA(NYERI),1:50000 MAPS,4,MOH,-0.40045,36.863964,bb0918e4-04a8-4e3b-b916-552b2ebc3322,4103677.70110158,-44578.2530198557
605,33,MUFU DISP,826,EASTERN,EMBU,KYENI,KYENI NORTH,MUFU,DSA/DFH(MOH)-UNFPA REPORT,4,MOH,-0.396106,37.5869,80d9701f-b8ce-48fc-91d2-6e666950fc83,4184154.5684977,-44094.6694683907
606,72,NJOKI DISP,479,CENTRAL,NYERI,MUKURWE-INI,GAKINDU,GAKINDUINI,1:50000 MAPS,4,MOH,-0.571122,36.992255,e274fd43-2f71-4c67-ae53-b071540764a6,4117958.98989493,-63578.0630845323
607,34,NDUMARI DISP,0,EASTERN,EMBU,RUNYENJES,KAGAARI SOUTH,KIRINGA,DHMT,4,MISS,-0.49,37.67,b6563281-1833-4759-9f7a-ce772fdfba47,4193405.21818262,-54547.2154109668
608,73,NYERI PROVINCIAL GENERAL HOSP.,499,CENTRAL,NYERI,MUNICIPALITY,MUKARO,MAJENGO(NYERI),GPS,2,MOH,-0.42399,36.96113,09d66931-6cdb-4d0a-85d5-4dde1e54e47f,4114494.17074399,-47198.7816734508
609,35,NEMBURE DISP,827,EASTERN,EMBU,NEMBURE,GATURI SOUTH,NEMBURE,DSA/DFH(MOH)-UNFPA REPORT,4,MOH,-0.471186,37.508,58234193-eeb0-482b-9d73-dad644debc67,4175371.46067411,-52452.7768226013
610,74,OTHAYA KARIMA MISSION DISPENSARY,481,CENTRAL,NYERI,OTHAYA,IRIA-INI,GITUNDU,GPS,4,MISS,-0.54783,36.94271,4f7dc593-a92a-4d5e-a3fc-090afe4b6da1,4112443.66572358,-60985.0858687796
611,0,KAMBI GARBA DISP,0,EASTERN,ISIOLO,CENTRAL,CENTRAL,BULLA PESA,DHMT,4,MISS,0.33842,37.574054,3d38d87f-38e8-4ba3-a2cb-b8d07e0ea2bf,4182724.55831897,37672.9611259236
612,36,NGUVIU DISP,829,EASTERN,EMBU,MANYATTA,NGINDA,NGUVIU,DHMT,4,MISS,-0.41,37.44,61a419e1-d927-4319-bf53-af7d18787d52,4167801.73530017,-45641.3807470913
613,75,OTHAYA SUB-DISTRICT HOSPITAL,500,CENTRAL,NYERI,OTHAYA,IRIA-INI,KIAHAGU,GPS,1,MOH,-0.5399,36.93995,264efbf9-3123-466a-b7b8-cde548eb6003,4112136.42392899,-60102.2825349735
614,37,NTHAGAIYA DISP,2436,EASTERN,EMBU,RUNYENJES,KAGAARI SOUTH,NTHANGAIYA,DSA/DFH(MOH)-UNFPA REPORT,4,MISS,-0.46765,37.5764,921d9e81-cd44-4283-bf27-8120f2ab4e54,4182985.71384437,-52059.1378919693
615,34,KAHETI DISP,503,CENTRAL,NYERI,MUKURWE-INI,MUHITO,MUNYU(MUKURWEINI),DISTRICT ESTIMATES,4,MISS,-0.52123,37.06232,5b87402d-991c-49b1-8953-d4681bf4059d,4125758.59001736,-58023.8585213271
616,13,KINNA H C,858,EASTERN,ISIOLO,KINNA,KINNA,KINNA,DSA/DFH(MOH)-UNFPA REPORT,3,MOH,0.372175,38.1796,c6394ada-db76-4cf7-a02b-713264777121,4250133.63069087,41430.6228399113
617,39,RUNYENJES SUB-DISTRICT HOSPITAL,842,EASTERN,EMBU,RUNYENJES,RUNYENJES TOWN,KIGAA,DSA/DFH(MOH)-UNFPA REPORT,1,MOH,-0.424635,37.5698,ab518d61-11d0-489d-b292-6ae26797c319,4182251.00520513,-47270.5847139764
618,76,RAGATI DISP,483,CENTRAL,NYERI,MATHIRA,MAGUTU,RAGATI,1:50000 MAPS,4,MOH,-0.461712,37.13176,d8f344c8-8a97-4767-a5fe-63f35b801e82,4133488.61545805,-51398.1010154296
619,35,KAHURURA DISP,458,CENTRAL,NYERI,KIENI EAST,GAKAWA,KAHURURA,1:50000 MAPS,4,MOH,-0.052703,37.114415,7be450cb-4031-4596-be28-228bfb62e65d,4131557.77889024,-5866.87195060597
620,14,KIPSING DISP,2353,EASTERN,ISIOLO,OLDONYIRO,KIPSING,KIPSING,1:50000 MAPS,4,MOH,0.563212,37.253212,93b62fc5-9f2a-4590-bfd2-2f5f0853f9b8,4147008.59025388,62697.4827684932
621,0,ACK DISP,0,EASTERN,ISIOLO,CENTRAL,CENTRAL,BULLA PESA,DHMT,4,MISS,0.335795,37.574118,1ba33965-9367-4909-8517-63368447525c,4182731.68276638,37380.7424046897
622,77,RURUGUTI DISP,3155,CENTRAL,NYERI,OTHAYA,IRIA-INI,KIANDEMI,1:50000 MAPS,4,MOH,-0.568548,36.8974,5a8e139a-956d-44a1-a276-953998ee6346,4107399.77959574,-63291.5125435509
623,36,KAIRUTHI DISP,4372,CENTRAL,NYERI,OTHAYA,IRIA-INI,KAIRUTHI(IRIANI),1:50000 MAPS,4,MOH,-0.532433,36.882433,804da8ad-d508-446b-8f9a-89c0bcc122f1,4105733.66077703,-59271.0235003309
624,16,KORBESA DISP,859,EASTERN,ISIOLO,MERTI,KORBESA,MATA ARBA(ISIOLO),DSA/DFH(MOH)-UNFPA REPORT,4,MOH,1.19208,38.7662,89d89515-3daa-4043-a775-a200222b779a,4315433.6439902,132711.313565466
625,5,AIC CHRISTIAN COMMUNITY SERVICES DISP,0,EASTERN,ISIOLO,CENTRAL,ISIOLO EAST,WABERA(ISIOLO),MEDS,4,MISS,0.3623,37.58654,b69fabb4-c635-4652-a4d5-7e188b96aa0b,4184114.49348102,40331.32028642
626,78,SOUTH TETU DISP,3161,CENTRAL,NYERI,MUKURWE-INI,GIKONDI,KARINDI,1:50000 MAPS,4,MOH,-0.58243,37.006306,4d4d04fa-b5bc-484c-93c8-806942809856,4119523.14006007,-64836.9276728608
627,17,KULA MAWE DISP,860,EASTERN,ISIOLO,KINNA,KULAMAWE,KULAMAWE,DSA/DFH(MOH)-UNFPA REPORT,4,MOH,0.580342,38.176,70dab7ef-d3e8-4ae2-9658-b6fa74fcfd49,4249732.88052402,64604.4806093866
628,37,KAMBURAINI DISP,3149,CENTRAL,NYERI,KIENI EAST,GAKAWA,KAHURURA,1:50000 MAPS,4,MOH,-0.052703,37.114415,3f67cbe7-a95a-40a8-97f7-a5ae24e48381,4131557.77889024,-5866.87195060597
629,2,AL-FALLAH ISLAM DISP,845,EASTERN,ISIOLO,CENTRAL,ISIOLO EAST,WABERA(ISIOLO),ILRI MKT CENTRES,4,MISS,0.354493,37.585072,c5ac5c7e-38a0-4e5f-9869-478141a4c2ea,4183951.07646853,39462.2320185461
630,79,TAMBAYA DISP,3153,CENTRAL,NYERI,MUKURWE-INI,GAKINDU,RUTHANJI,1:50000 MAPS,4,MOH,-0.526577,37.017117,b35c3ae9-3725-4e94-b740-2e5174c30da3,4120726.61507504,-58619.1087230278
631,18,LONGOPITO DISP,861,EASTERN,ISIOLO,OLDONYIRO,KIPSING,LENGURUMA,DSA/DFH(MOH)-UNFPA REPORT,4,MOH,0.625596,37.2599,6f80b11e-d6d7-4cc4-aba9-b0843aa79e8e,4147753.0950083,69642.4119502145
632,38,KAMOKO SUB HEALTH CENTRE,459,CENTRAL,NYERI,OTHAYA,MAHIGA,KAMOKO,1:50000 MAPS,3,MOH,-0.514689,36.931145,7308efac-3f1e-4c58-bbb1-16a9e9252bd9,4111156.25581256,-57295.6879775779
633,0,ANTI POACHING UNIT,846,EASTERN,ISIOLO,CENTRAL,CENTRAL,BULLA PESA,DHMT,4,MOH,0.330212,37.571032,e67d347f-33cf-45e0-9ee0-6241998a6f65,4182388.15081779,36759.2351902956
634,80,THANGATHI DISP,484,CENTRAL,NYERI,MUKURWE-INI,RUTUNE,MUTUNDU,1:50000 MAPS,4,MOH,-0.604505,37.153604,aa11505e-8384-4ef8-9147-bab9be0802e6,4135920.27841494,-67294.4372760263
635,19,MALKA DAKA DISP,862,EASTERN,ISIOLO,GARBA TULLA,MALKA DAKA,MALKADAKA,DSA/DFH(MOH)-UNFPA REPORT,4,MOH,0.859105,38.5217,68828d74-039a-4fda-981e-46195fc10f8d,4288216.02849125,95638.7148891245
636,3,BILIKO DISP,4302,EASTERN,ISIOLO,MERTI,BISAN BILIKU,BISAN BILIKU,1:50000 MAPS,4,MOH,0.912321,38.332323,67011e11-0cea-4125-9be6-37b23d6c4a68,4267134.67728329,101563.401016979
637,39,KARABA DISP,460,CENTRAL,NYERI,MUKURWE-INI,GIKONDI,KARABA(NYERI),1:50000 MAPS,4,MOH,-0.628829,37.103604,02969ff0-6fa6-4041-9a0b-733ed32df358,4130354.30387528,-70002.329429151
638,81,TOWN HEALTH CENTRE,493,CENTRAL,NYERI,MUNICIPALITY,MUKARO,MAJENGO(NYERI),GPS,3,MOH,-0.41983,36.94906,f5352434-77ed-42c3-9917-74c521742f2d,4113150.54449012,-46735.680036011
639,4,BUSSELA DISP - BULESA,848,EASTERN,ISIOLO,MERTI,BULESA,BULESA,1:50000 MAPS,4,MOH,1.010123,38.462321,6df2adb7-ce6d-4bea-865c-a4d6e7d98269,4281605.98844744,112452.203471977
640,21,MERTI CATHOLIC MISSION DISP,2960,EASTERN,ISIOLO,MERTI,MERTI,MERTI NORTH,DSA/DFH(MOH)-UNFPA REPORT,4,MISS,1.10543,38.6332,351ec61d-daba-4d1a-b44c-22f0706ab890,4300628.1517147,123063.539704306
641,82,TUMUTUMU MISS. HOSPITAL,501,CENTRAL,NYERI,MATHIRA,KIRIMUKUYU,MBOGOINI,GPS,1,MISS,-0.48549,37.07946,ccae12f4-efc6-4318-9d62-38c56741cb83,4127666.60608956,-54045.146315746
642,40,KARATINA MISSION DISP,461,CENTRAL,NYERI,MATHIRA,KARATINA,MUTHUA,GPS,4,MISS,-0.47896,37.12141,6fc384c3-15f0-46cd-95f1-74986b843395,4132336.45872834,-53318.2042937828
643,0,DADACHASA DISP,4303,EASTERN,ISIOLO,MERTI,MALKAGALLA,MALKA GALLA,DHMT,4,MOH,1.472029,39.180705,d5932a19-27ec-40ce-ae09-7975b576db08,4361576.12952147,163883.54870217
644,83,UNJIRU DISP,485,CENTRAL,NYERI,TETU,KARUNDU,UNJIRU,DISTRICT ESTIMATES,4,MOH,-0.49213,36.97123,aae769ab-df7b-44cd-8011-790810b0e643,4115618.49760101,-54784.334635342
645,22,MERTI HEALTH CENTRE,872,EASTERN,ISIOLO,MERTI,MERTI,MERTI SOUTH,DSA/DFH(MOH)-UNFPA REPORT,3,MOH,1.06354,38.6421,0c67d69c-1351-4fee-bd21-235f34b6691d,4301618.89518276,118399.530685291
646,6,ELDERA DISP,849,EASTERN,ISIOLO,GARBA TULLA,GARBA TULLA,GARBA TULLA SOUTH,ILRI MKT CENTRES,4,MOH,0.526912,38.517536,76937f40-c03b-4af1-87f4-bae9131b3b87,4287752.49413159,58656.4023284489
647,84,WAMAGANA HEALTH CENTRE,494,CENTRAL,NYERI,TETU,KARUNDU,KIANJOGU(NYERI),1:50000 MAPS,3,MOH,-0.475806,36.9319,a06c7c8d-944e-4376-a8ce-c4588b68673d,4111240.30202811,-52967.0904325731
648,23,NGARE MARA CATHOLIC DISP,3580,EASTERN,ISIOLO,CENTRAL,NGARE MARA,NGARE MARA,DSA/DFH(MOH)-UNFPA REPORT,4,MISS,0.582152,37.6419,01e31286-41ed-4703-b1e5-c3ab8581b459,4190277.14049133,64805.9792562036
649,7,GAFARSA DISP,852,EASTERN,ISIOLO,GARBA TULLA,GAFARSA,GAFARSA,1:50000 MAPS,4,MOH,0.832321,38.572132,e4311e64-9b75-423e-afb9-a3727ca7e66b,4293830.09305094,92656.8087900326
650,85,WANDUMBI DISP,486,CENTRAL,NYERI,TETU,TETU,KARAIHU,1:50000 MAPS,4,MOH,-0.46819,36.8876,6e1d811c-6e16-48cc-8c39-f55765d7424f,4106308.84858597,-52119.2524216779
651,24,OLDONYIRO CATHOLIC MISSION DISP,4305,EASTERN,ISIOLO,OLDONYIRO,OL DONYIRO,LONKOPITO,DSA/DFH(MOH)-UNFPA REPORT,4,MISS,0.683521,36.9974,4b6fc482-7e20-472a-8c19-014613fba217,4118531.72867506,76091.0145357156
652,8,GARBATULLA DEV OFFICE DISP,4304,EASTERN,ISIOLO,GARBA TULLA,GARBA TULLA,GARBA TULLA SOUTH,ILRI MKT CENTRES,4,MISS,0.526912,38.517536,5b589e15-162f-46fe-880b-4e8f5d21d909,4287752.49413159,58656.4023284489
653,86,WARAZO HEALTH CENTRE,511,CENTRAL,NYERI,KIENI EAST,KABARU,KIRIMA(NYERI),1:50000 MAPS,3,MOH,-0.260355,37.11397,c16743bb-0c0d-4b35-8625-d01a235aaca7,4131508.24171684,-28982.6857667043
654,25,OLDONYIRO DISP,864,EASTERN,ISIOLO,OLDONYIRO,OL DONYIRO,LONKOPITO,DSA/DFH(MOH)-UNFPA REPORT,4,MOH,0.649128,36.9938,097b67f0-8b8b-43e3-af4d-adb92d0250de,4118130.97850821,72262.1443134817
655,0,IRESA-BORU DISP,0,EASTERN,ISIOLO,SERICHO,ERESA BORU,IRESA BORU,DHMT,4,MOH,0.979586,38.731175,4e83b3c5-1f20-4a85-9245-eff63aedffaa,4311534.67882518,109052.327638828
656,87,WATUKA DISP,3362,CENTRAL,NYERI,KIENI WEST,GATARAKWA,WATUKA,1:50000 MAPS,4,MOH,-0.27412,36.75123,f7433cd2-4d90-48ed-bb57-e6b94d522936,4091128.20962649,-30515.0152286732
657,0,PEPO LA TUMAINI DISP,0,EASTERN,ISIOLO,CENTRAL,CENTRAL,BULLA PESA,DHMT,4,NGO,0.333445,37.573016,525b0555-76e9-4481-875a-d6db3e387cd9,4182609.00868753,37119.1371398779
658,10,ISIOLO CATHOLIC DISP,856,EASTERN,ISIOLO,CENTRAL,ISIOLO EAST,KIWANJANI,MEDS,4,MISS,0.3426,37.58137,ccfd46e3-830d-4786-8ef9-b7931bb21092,4183538.97171361,38138.284815018
659,88,WENDIGA DISP,3869,CENTRAL,NYERI,KIENI WEST,ENDARASHA,CHARITY,1:50000 MAPS,4,MOH,-0.291235,36.80123,42d175df-9b74-4141-9988-043f2d9b4041,4096694.18416615,-32420.2715084992
660,27,SERICHO DISP,870,EASTERN,ISIOLO,SERICHO,SERICHO,SERICHO,DSA/DFH(MOH)-UNFPA REPORT,4,MOH,1.10357,39.1217,79a9b04c-606f-49f1-82fc-2d08dbf17d38,4355007.72296721,122856.446973854
661,11,ISIOLO DISTRICT HOSPITAL,873,EASTERN,ISIOLO,CENTRAL,CENTRAL,KAMPI ODHA,HD MAPS,1,MOH,0.3751,37.5812,020e5019-d01b-4e40-a3f3-94ef36ba1600,4183520.04740018,41756.2392740926
662,89,WITIMA DISP,487,CENTRAL,NYERI,OTHAYA,KARIMA,WITIMA,1:50000 MAPS,4,MOH,-0.545046,36.982883,c0c027d8-f44a-425b-be78-b581377d2689,4116915.70362722,-60675.1583114323
663,1,IKANGA HEALTH CENTRE,876,EASTERN,KITUI,MUTOMO,IKANGA,KATHUNGU,DSA/DFH(MOH)-UNFPA REPORT,3,MISS,-1.70245,38.0678,afe17d0b-ffce-471f-ae66-aa6e470e34c3,4237688.11162018,-189543.7600007
664,12,ISIOLO SAMBURU COMPLEX DISP,857,EASTERN,ISIOLO,CENTRAL,NGARE MARA,GOTU,DSA/DFH(MOH)-UNFPA REPORT,4,MOH,0.650937,37.7107,2633190c-6c6d-4b19-80f8-46f3b223656b,4197935.92145791,72463.5342330171
665,90,ZAINA DISP,488,CENTRAL,NYERI,OTHAYA,KARIMA,WITIMA,1:50000 MAPS,4,MOH,-0.548387,36.9785,fc797e9f-dedb-483f-86e6-d85903412dd5,4116427.79029907,-61047.0936624186
666,2,IKUTHA HEALTH CENTRE,918,EASTERN,KITUI,IKUTHA,IKUTHA,NDILI,DSA/DFH(MOH)-UNFPA REPORT,3,MOH,-2.07467,38.1845,a5afff0b-4f79-4685-8091-1345636b4be3,4250679.09619576,-231001.693173754
667,2,GACHEGE DISP,2420,CENTRAL,THIKA,KAMWANGI,GITHOBOKONI,GACHEGE,1:50000 MAPS,4,MOH,-0.903212,36.802321,89bad2e8-ffcb-42f5-90c6-5bfc028896d4,4096815.63373061,-100549.264494203
668,3,ILENGI DISP,877,EASTERN,KITUI,IKUTHA,MALUMA,MUAMBANI,DSA/DFH(MOH)-UNFPA REPORT,4,MOH,-1.90411,37.9377,bde347bf-f6e0-4183-8275-681a4ea6197a,4223205.44586798,-212003.583114297
669,4,ILIKA DISP,3096,EASTERN,KITUI,YATTA,YATTA,ILIKA,DSA/DFH(MOH)-UNFPA REPORT,4,MOH,-1.59297,37.8065,9de1f8b0-76d4-45d2-947f-879f59dd838f,4208600.3286759,-177351.458997388
670,3,GACIIKA DISP,2417,CENTRAL,THIKA,GATUNDU,KIGANJO,GACHIKA(THIKA),1:50000 MAPS,4,MOH,-0.972523,36.77253,d08e0035-02b5-4f55-b183-2d6da76da5c0,4093499.31478038,-108265.963974805
671,5,INYUU DISP,878,EASTERN,KITUI,CHULUNI,NZAMBANI,NGUNGI(CHULUNI),DSA/DFH(MOH)-UNFPA REPORT,4,MOH,-1.43073,38.15,37f89bad-fe54-4d7a-9b70-52ba6fb676b5,4246838.57376339,-159284.689539271
672,4,GAKOE HC,2425,CENTRAL,THIKA,KAMWANGI,GITHOBOKONI,GAKOE,DDP,3,MOH,-0.875356,36.7836,15fe22bc-dee0-4775-8c12-fc687b534dbf,4094731.62154346,-97447.9751862677
673,5,GATANGA DISP,307,CENTRAL,THIKA,GATANGA,KIHUMBUINI,MUKARARA,1:50000 MAPS,4,MOH,-0.93125,36.96123,5ee62d9e-d089-4a67-ba23-a6abca4d55e6,4114505.30269307,-103670.84039609
674,6,KALIKU DISP,3094,EASTERN,KITUI,MUTITU,KALIKU,KAVUTEI,DSA/DFH(MOH)-UNFPA REPORT,4,MOH,-1.30871,38.2979,6779a278-89cd-4921-ae97-bcfd1bef9ccd,4263302.72645171,-145697.600358293
675,6,GATANGA MISS. DISP,308,CENTRAL,THIKA,GATANGA,GATANGA,MUGUMOINI(THIKA),1:50000 MAPS,4,MISS,-0.938288,36.96981,476cd1dc-87dc-496f-ac6e-8da583929770,4115460.42392408,-104454.411253013
676,7,KALIMANI DISP,3946,EASTERN,KITUI,KABATI,KALIMANI,KAVUVUU,DSA/DFH(MOH)-UNFPA REPORT,4,MOH,-1.33962,37.9455,f0153fd9-dcd3-4748-ab62-2c0e65a00580,4224073.73789617,-149139.404988138
677,7,GATITU DISP,197,CENTRAL,THIKA,GATUNDU,KIGANJO,GATITU(THIKA),DDP,4,MISS,-0.988882,36.8126,704f3a39-daf2-453b-8381-5d7b945b7435,4097959.88677647,-110087.306327476
678,8,KAMANDIU DISP,3775,EASTERN,KITUI,CENTRAL,MIAMBANI,KAMANDIO MALILI,DSA/DFH(MOH)-UNFPA REPORT,4,MOH,-1.15647,38.1033,ebf5a013-94e7-49dd-96c5-00393bd1401d,4241639.95354335,-128746.393744017
679,8,GATUKUYU DISP,0,CENTRAL,THIKA,KAMWANGI,MANGU,GATUKUYU,DDP,4,MISS,-0.98662,36.9573,dc48adf1-0f5b-4763-8d07-b0ad3f965d20,4114067.81709425,-109835.464216401
680,9,KANYANGI DISP,879,EASTERN,KITUI,YATTA,KANYANGI,SYOMUNYU,DSA/DFH(MOH)-UNFPA REPORT,4,MOH,-1.7641,37.901,c6574870-c06e-4f9d-9db6-715ecf67b723,4219120.02055587,-196409.748385999
681,9,GATUNDU GENERAL SUB-DISTRICT HOSPITAL,250,CENTRAL,THIKA,GATUNDU,NGENDA,ITURU,1:50000 MAPS,1,MOH,-1.000232,36.902312,dff34c3e-955b-4397-93d8-2ebe2140685c,4107946.58093451,-111350.972923197
682,10,KANZIKO DISP,880,EASTERN,KITUI,IKUTHA,KANZIKU,KEUTUNDA,DSA/DFH(MOH)-UNFPA REPORT,4,MOH,-1.99356,38.3657,7b563040-6169-4b9d-b6cd-681bf19acb45,4270850.1879275,-221966.875410312
683,10,GATUNYU DISP,2711,CENTRAL,THIKA,GATANGA,GATANGA,MUGUMOINI(THIKA),1:50000 MAPS,4,MOH,-0.962413,36.99231,9445417a-71a2-4503-b087-5cf119c63e33,4117965.11246693,-107140.363459527
684,11,KASALA DISP,881,EASTERN,KITUI,IKUTHA,KASAALA,UYINI,DSA/DFH(MOH)-UNFPA REPORT,4,MOH,-2.14356,38.2701,1714fdbf-0bd5-4687-b493-328ba3ffd64a,4260208.04460767,-238675.692095955
685,11,GATURA HEALTH CENTRE,376,CENTRAL,THIKA,GATANGA,KARIARA,GATURA(THIKA),1:50000 MAPS,3,MOH,-0.853212,36.861235,0ea6611a-50b4-405b-905d-2f311fef7ea0,4103373.9102112,-94982.6358840436
686,12,KASYALA DISP,6160,EASTERN,KITUI,CENTRAL,KYANGWITHYA EAST,IVAINI,DSA/DFH(MOH)-UNFPA REPORT,4,MOH,-1.2887,38.0455,a4859737-14ab-4549-b21c-06970cc1d30f,4235205.6869755,-143469.524992301
687,12,GIATHANINI DISP,314,CENTRAL,THIKA,KAKUZI,ITHANGA,GIATHANINI,1:50000 MAPS,4,MOH,-0.94231,37.322321,de677513-ac5a-4cf6-b745-113288bbb883,4154701.76894311,-104902.198545272
688,13,KATILINI DISP,3777,EASTERN,KITUI,IKUTHA,KALIVU,KATILINI,1:50000 MAPS,4,MOH,-2.052321,37.963212,a74cd66c-d2ab-4361-8a5c-bc0b8f3ff170,4226045.4287171,-228512.199514983
689,13,GITARE DISP,3433,CENTRAL,THIKA,KAMWANGI,CHANIA,KIAMWANGI(KAMWANGI),1:50000 MAPS,4,MOH,-0.942312,36.892321,b65095b3-2530-4a70-9f81-83b380c78d7e,4106834.387902,-104902.421214366
690,14,KATULANI HEALTH CENTRE,919,EASTERN,KITUI,CENTRAL,KATULANI,KATULANI(KITUI),DSA/DFH(MOH)-UNFPA REPORT,3,MOH,-1.52074,37.9566,cdeacba9-a2e1-4953-84eb-0c3204086f6f,4225309.38424397,-169307.882416137
691,14,GITHURAI DISP,0,CENTRAL,THIKA,RUIRU,RUIRU,KIUU,DDP,4,MOH,-1.17885,37.0116,0484453b-b05c-40e9-8b99-b7e58afe49c1,4120112.46544433,-131238.241408595
692,15,KATUTU DISP,4702,EASTERN,KITUI,KABATI,KATUTU,KATUTU,1:50000 MAPS,4,MOH,-1.152321,37.812532,79058f9f-43ce-43b3-97aa-46978ce04091,4209271.80784437,-128284.435415646
693,16,KATYETHOKA DISP,883,EASTERN,KITUI,MUTOMO,MATHIMA,KIVYUNI,DSA/DFH(MOH)-UNFPA REPORT,4,MOH,-1.83467,38.3268,e23ee553-f695-4843-a6ea-ec2a30d4221f,4266519.85973564,-204269.440983177
694,15,IGEGANIA HEALTH CENTRE,258,CENTRAL,THIKA,KAMWANGI,CHANIA,MUIRIGO,DDP,3,MOH,-0.982097,36.9528,68f9e7a3-92af-4b61-ae71-1693f52e2fb0,4113566.87938568,-109331.891843374
695,17,KAUMA DISP,3084,EASTERN,KITUI,KABATI,KAUMA,MUSOSYA(KITUI),DSA/DFH(MOH)-UNFPA REPORT,4,MOH,-1.27073,38.0066,46da013d-ef84-4165-9d23-caea3028c736,4230875.35878364,-141468.614665268
696,16,ITHANGA DISP,324,CENTRAL,THIKA,KAKUZI,ITHANGA,KAGUKU,DDP,4,MOH,-0.991596,37.3513,0971313c-de05-4bf8-bc4d-5461d8f76c6b,4157927.6964668,-110389.472552879
697,18,KAUMU DISP,885,EASTERN,KITUI,MWITIKA,MWITIKA,KIKUU,DSA/DFH(MOH)-UNFPA REPORT,4,MOH,-1.52539,38.3145,073fab0c-45e9-4b7c-8c2a-43b2ed73478c,4265150.62999889,-169825.700990575
698,17,ITURAMIRA DISP,0,CENTRAL,THIKA,GATUNDU,KIGANJO,NDUNDU,DDP,4,MOH,-0.957674,36.7913,ae98634a-711b-4ef4-ae2e-9aa62c5ff29b,4095588.78162257,-106612.746327119
699,19,KAUWI HEALTH CENTRE,920,EASTERN,KITUI,KABATI,KAUWI,KAUWI,DSA/DFH(MOH)-UNFPA REPORT,3,MOH,-1.23961,37.9032,dff0139c-48ac-4be9-b1f2-3ac17785c936,4219364.92343561,-138003.520635702
700,18,JUJA FARM DISP,2429,CENTRAL,THIKA,RUIRU,JUJA,KOMO,1:50000 MAPS,4,MOH,-1.03231,36.992321,dc10438a-87af-4af6-80c4-e443f015553a,4117966.33698133,-114922.441392303
701,20,KAVISUNI DISP,0,EASTERN,KITUI,CENTRAL,MALIKU,KAVISUNI,ILRI MKT CENTRES,4,MISS,-1.674609,37.922276,92846ef6-a5da-45d9-b67a-8c831659614a,4221488.45404199,-186443.167685344
702,19,KALIMONI HEALTH CENTRE,234,CENTRAL,THIKA,RUIRU,JUJA,KALIMONI,DDP,3,MISS,-1.13724,37.0749,24a8b71d-f052-4b44-ab6f-c707f9177371,4127158.98921155,-126605.291017394
703,21,KISASI HEALTH CENTRE,411,EASTERN,KITUI,CHULUNI,KISASI,MASIMBINI,DSA/DFH(MOH)-UNFPA REPORT,3,MOH,-1.56242,38.0305,e5c09dd6-9ad3-4177-9b27-43ae61ceb41b,4233535.8946136,-173949.358807975
704,20,KAMUNYAKA DISP,0,CENTRAL,THIKA,KAMWANGI,GITHOBOKONI,GACHEGE,DDP,4,MOH,-0.897066,36.7972,b4b699e0-9014-449d-84c3-7ef042c91386,4096245.56661825,-99865.0104626614
705,22,KISAYANI DISP,3087,EASTERN,KITUI,MUTOMO,KIBWEA,KIBWEA,DSA/DFH(MOH)-UNFPA REPORT,4,MOH,-1.71245,38.2212,10c36272-c468-4f9d-877f-6d8e64436c6b,4254764.52150788,-190657.449394536
706,21,KARATU HEALTH CENTRE,236,CENTRAL,THIKA,GATUNDU,NDARUGU,MUNYUINI,DDP,3,MOH,-0.928727,36.7836,a70e10a0-3eb4-445f-bcf4-3023188579c8,4094731.62154346,-103389.944319578
707,23,KISEVENI DISP,3095,EASTERN,KITUI,KABATI,KATUTU,KATUTU,DSA/DFH(MOH)-UNFPA REPORT,4,MOH,-1.22183,37.8088,721368a0-d529-4fdc-91bc-1ac11275b104,4208856.36350473,-136023.8033828
708,22,KARINGA DISP,211,CENTRAL,THIKA,KAMWANGI,GITUAMBA,KANYONI,SUBLOC CENTROID,4,MISS,-0.906258,36.849113,c4cf7f6f-fce7-4c6a-94c8-1ca377f5d3b0,4102024.4953438,-100888.385941139
709,24,KITUI DISTRICT HOSPITAL,930,EASTERN,KITUI,CENTRAL,TOWNSHIP,TOWNSHIP(KITUI),HD MAPS,1,MOH,-1.3666,38.0163,8faad66f-b83c-40c6-9079-72cd03d3e7d7,4231955.15784433,-152143.642609396
710,23,KIARUTARA DISP,0,CENTRAL,THIKA,KAMWANGI,GITUAMBA,MATAARA,DDP,4,MOH,-0.856359,36.8085,8c4e1efa-b740-4b9c-b32d-fa1c9c403ec4,4097503.47686421,-95332.9973110791
711,24,KIGORO DISP,339,CENTRAL,THIKA,GATANGA,KIGORO,KIGORO,1:50000 MAPS,4,MOH,-0.853214,36.892312,2a4a97ac-5dd9-4aeb-a307-d0f7a373bfce,4106833.38602658,-94982.8585477192
712,25,KWA- VONZA DISP,4139,EASTERN,KITUI,YATTA,KWA VONZA,MIKUYUNI(KITUI),1:50000 MAPS,4,MOH,-1.37858,37.8262,db5b81ab-3d3f-482a-8347-68648d4d6053,4210793.32264453,-153477.632881885
713,26,KWA-MUTONGA DISP,889,EASTERN,KITUI,KABATI,KWA-MUTONGA,SYOKITHUMBI,DSA/DFH(MOH)-UNFPA REPORT,4,MOH,-1.31184,37.8343,df326f2e-a878-4426-b1c1-3218affb3fdf,4211695.01051996,-146046.121494198
714,25,KIHUMBUINI DISP,341,CENTRAL,THIKA,GATANGA,KIHUMBUINI,KIHUMBUINI,1:50000 MAPS,4,MOH,-0.922312,36.973212,91e05054-ac42-4b49-bcec-1edc5408dc49,4115839.13283176,-102675.736608281
715,27,KYANIKA DISP,4137,EASTERN,KITUI,CHULUNI,NZAMBANI,KYANIKA(KITUI),DSA/DFH(MOH)-UNFPA REPORT,4,MISS,-1.3835,38.0205,fc942ae6-8259-4f79-8d48-b25f611df9a6,4232422.69970566,-154025.483916526
716,26,KIHUMBUINI DISP,4596,CENTRAL,THIKA,GATANGA,KIHUMBUINI,KIHUMBUINI,DDP,4,MISS,-0.925561,36.9858,308c9991-e883-4eaa-9a4c-0a7938c32685,4117240.42258186,-103037.460664131
717,28,KYATUNE DISP,890,EASTERN,KITUI,MUTOMO,KYATUNE,KYATUNE,DSA/DFH(MOH)-UNFPA REPORT,4,MOH,-1.80088,38.1233,4b1152ce-9a67-440a-89ec-c86474cf9e84,4243866.34335921,-200506.061480288
718,27,KILIMAMBOGO MISS. HOSPITAL,254,CENTRAL,THIKA,MUNICIPALITY,GATUANYAGA,GATUANYAGA,DDP,1,MISS,-1.0712,37.2202,a887c094-1ffa-4ce1-be2a-dc7b2001c1de,4143333.7112238,-119252.38597033
719,29,MASAANI DISP,4141,EASTERN,KITUI,MUTOMO,VOO,KYANGINI,ILRI VILLAGES,4,MISS,-1.62,38.28,d780c066-1859-4b2c-94f2-367c4092657e,4261310.10756652,-180361.608005545
720,28,KIMAKIA FOREST DISP,3795,CENTRAL,THIKA,GATANGA,KARIARA,KIMAKIA,1:50000 MAPS,4,MOH,-0.771423,36.763212,689d0787-3558-4e8e-b4f4-8287014750aa,4092462.03976517,-85877.0101564576
721,30,MATINYANI DISP,892,EASTERN,KITUI,KABATI,MUSENGO,KAKUMUTI,DSA/DFH(MOH)-UNFPA REPORT,4,MOH,-1.2485,37.9933,c59893e6-dbb2-41fe-8ae4-ba3aa439c943,4229394.80955608,-138993.384235343
722,29,KINYANGI HEALTH CENTRE,380,CENTRAL,THIKA,KAKUZI,KAKUZI,KINYANGI,DDP,3,MOH,-1.00517,37.3083,6fd9e119-10fe-42f6-a730-4cd9005b6c76,4153140.95836269,-111900.752755971
723,31,MBITINI DISP,893,EASTERN,KITUI,CHULUNI,MBITINI,MBITINI,DSA/DFH(MOH)-UNFPA REPORT,4,MOH,-1.60853,38.12,e086aaff-6f1a-4815-baa2-97f56db4b875,4243498.9890396,-179084.266508527
724,31,KIRIKO DISP,218,CENTRAL,THIKA,KAMWANGI,GITUAMBA,KIRIKO(THIKA),DDP,4,MISS,-0.911087,36.8772,e4af12c6-8eb1-4d51-9a81-7b2671d4a0df,4105151.12588172,-101426.015372725
725,32,MIAMBANI HEALTH CENTRE,922,EASTERN,KITUI,CENTRAL,MIAMBANI,MUNGANGA,1:50000 MAPS,3,MOH,-1.26299,38.1134,18702a23-3202-44ba-b29d-c64a911f7672,4242764.28040036,-140606.791145601
726,32,KIRWARA HEALTH CENTRE,383,CENTRAL,THIKA,KAMWANGI,CHANIA,NGORONGO,1:50000 MAPS,3,MOH,-0.923212,36.90321,2d7ba388-73e8-4d3b-8279-93b41dda40aa,4108046.54583725,-102775.937144653
727,33,MISEWANI DISP,3912,EASTERN,KITUI,CENTRAL,KYANGWITHYA EAST,MISEWANI,1:50000 MAPS,4,MOH,-1.332321,38.032332,ab85587d-14ac-4c20-b9da-177221e2117d,4233739.83192073,-148326.663095942
728,33,KITITO DISP,346,CENTRAL,THIKA,KAKUZI,KAKUZI,KIRIMIRI,1:50000 MAPS,4,MISS,-0.915586,37.232252,89852a9d-6125-4deb-b935-3076b3c01704,4144675.33372685,-101926.905400378
729,34,MULANGO DISP,896,EASTERN,KITUI,CENTRAL,MULANGO,WIKILILYE,DSA/DFH(MOH)-UNFPA REPORT,4,MISS,-1.44573,38.0011,ab1460bb-8661-4e6f-a3b0-9d6fcf9d12ad,4230263.10158428,-160955.008114539
730,34,KIUNYU DISP,347,CENTRAL,THIKA,GATANGA,KIHUMBUINI,GITUAMBA/KIUNYU,DDP,4,MOH,-0.944557,37.0107,b8581d23-3ad8-407b-bd22-f78c05cfd60e,4120012.27790262,-105152.36735445
731,36,MULUTU DISP,0,EASTERN,KITUI,CENTRAL,KYANGWITHYA WEST,MULUTU,1:50000 MAPS,4,MISS,-1.36099,37.9499,a9bc5b02-542b-42cb-b3fc-b4f575660028,4224563.54365566,-151518.963312144
732,35,MAKWA KOLTING MISSION DISP,2421,CENTRAL,THIKA,KAMWANGI,CHANIA,MAKWA,SUBLOC CENTROID,4,MISS,-0.969116,36.961426,804f70fb-9a93-4ff3-923b-2c33612faad8,4114527.12131327,-107886.644019721
733,37,MUTHA DISP,899,EASTERN,KITUI,MUTOMO,MUTHA,NGAANI(KITUI),DSA/DFH(MOH)-UNFPA REPORT,4,MOH,-1.78689,38.4201,c8e15b83-4a63-4f69-82e4-c57939eb1339,4276905.96822666,-198947.938174963
734,36,MANGU DISPENSARY,241,CENTRAL,THIKA,KAMWANGI,MANGU,GATUKUYU,1:50000 MAPS,3,MISS,-0.987387,36.953603,75a4441a-a6df-4e19-a773-5b9ef43aa859,4113656.26893679,-109920.858936008
735,38,MUTHALE MISS HOSPITAL,3092,EASTERN,KITUI,KABATI,MUTONGUNI,KAIMU,HD MAPS,1,MISS,-1.17637,37.9969,53ac05f3-80ac-4844-bd11-6617573e1d31,4229795.55972294,-130962.110750126
736,37,MARY HELP OF THE SICK  MISSION HOSPITAL,0,CENTRAL,THIKA,MUNICIPALITY,THIKA MUNICIPALITY,KOMU,1:50000 MAPS,1,MISS,-1.046838,37.068919,a989b8dd-128f-452f-91c5-cb7a417d4a88,4126493.18733711,-116539.957198197
737,39,MUTITO HEALTH CENTRE,924,EASTERN,KITUI,MUTITU,MUTITU,KITOO(MUTITU),DSA/DFH(MOH)-UNFPA REPORT,3,MOH,-1.23648,38.2011,a0b8e327-230c-4bfa-86d0-dca6e463bef5,4252526.99974293,-137655.009271966
738,38,MATAARA DISP,387,CENTRAL,THIKA,KAMWANGI,GITUAMBA,MATAARA,DDP,4,MOH,-0.881236,36.8076,dc8eb77f-2100-4607-aaee-23a46100cb16,4097403.2893225,-98102.6107050396
739,40,MUTITO MISSION DISP,901,EASTERN,KITUI,MUTITU,MUTITU,KITOO(MUTITU),DSA/DFH(MOH)-UNFPA REPORT,4,MISS,-1.24426,38.2034,626848fa-4aa2-49f4-8d97-67791d38ba8a,4252783.03457175,-138521.277895497
740,39,MBICHI DISP,2455,CENTRAL,THIKA,KAMWANGI,GITHOBOKONI,GATEI(THIKA),1:50000 MAPS,4,MOH,-0.97027,36.895946,ef3b0825-d077-4337-917e-97dea6face79,4107237.92105612,-108015.125112286
741,41,MUTOMO DISP,4140,EASTERN,KITUI,MUTOMO,MUTOMO,KANDAE,DSA/DFH(MOH)-UNFPA REPORT,4,MOH,-1.85134,38.2011,2b2223c5-58f6-4a13-b5b7-a8cfcd735b88,4252526.99974293,-206126.09734482
742,40,MITUMBIRI DISP,2462,CENTRAL,THIKA,KAKUZI,MITUMBIRI,THUTHUA,1:50000 MAPS,4,MOH,-1.012321,37.082312,8b14ad3a-d781-49ee-9254-a0266589ac62,4127984.0892773,-112696.921825738
743,42,MUTOMO MISS HOSPITAL,902,EASTERN,KITUI,MUTOMO,MUTOMO,KANDAE,HD MAPS,1,MISS,-1.85566,38.1961,18394f89-38b8-4726-9729-5a2232b59e85,4251970.40228896,-206607.249286356
744,41,MUGUTHA HEALTH CENTRE,0,CENTRAL,THIKA,RUIRU,RUIRU,MUGUTHA,DDP,3,MOH,-1.14266,36.9686,44daf63a-b476-4eef-8e08-d7604a40cd75,4115325.72734022,-127208.762094609
745,43,MUTULU DISP,0,EASTERN,KITUI,CENTRAL,MIAMBANI,MUTULA,SUBLOC CENTROID,4,MISS,-1.306338,38.125592,e3a0d71f-c4e8-43e3-8e36-33edf38a705d,4244121.48763211,-145433.481755286
746,43,MUKARARA DISP,0,CENTRAL,THIKA,GATANGA,KIHUMBUINI,MUKARARA,DDP,4,MOH,-0.928727,36.9618,441141b3-d5eb-4618-ab99-add31af0c410,4114568.75480282,-103389.944319578
747,44,MUTUNE DISP,903,EASTERN,KITUI,CENTRAL,KYANGWITHYA EAST,MUTUNE,DSA/DFH(MOH)-UNFPA REPORT,4,MISS,-1.31515,38.0194,2d428a20-de36-436e-8ac1-88d5f9b3f134,4232300.24826579,-146414.685853487
748,44,MUKURWE DISP,4537,CENTRAL,THIKA,GATANGA,KIHUMBUINI,MUKURWE/THUITA,1:50000 MAPS,4,MOH,-0.902312,36.96321,284dab4c-3df2-462a-b361-4e494d94dac9,4114725.71528484,-100449.064515079
749,45,MUNYU HEALTH CENTRE,259,CENTRAL,THIKA,MUNICIPALITY,GATUANYAGA,MUNYU,DDP,3,MOH,-1.11553,37.1134,3e848625-cc41-4dd9-965d-0f1880cc20cd,4131444.78960709,-124188.077769026
750,46,MUNYUINI DISP,4746,CENTRAL,THIKA,GATUNDU,NDARUGU,MUNYUINI,1:50000 MAPS,4,MOH,-0.932312,36.782312,bd4ee16e-f25e-4b58-89b8-af0e127955a4,4094588.24203932,-103789.077330246
751,47,NDAKAINI DISP,0,CENTRAL,THIKA,GATANGA,KIGORO,NDAKAINI,DDP,4,MOH,-0.806607,36.8085,70c679ef-f841-49b1-868e-66df577f494d,4097503.47686421,-89794.0465855978
752,48,NDARUGU DISP,0,CENTRAL,THIKA,KAMWANGI,GITHOBOKONI,NJAHI,DDP,4,MOH,-0.929631,36.8234,498451ed-9818-4ff8-81c8-2848b5a9f09a,4099162.13727704,-103490.590373853
753,50,NDUNDU DISPENSARY,222,CENTRAL,THIKA,GATUNDU,KIGANJO,NDUNDU,DDP,4,MOH,-0.962196,36.785,de36aabb-8dca-4c80-986a-845e0c759d9b,4094887.46883057,-107116.203722556
754,51,NDUNDU MISSION HEALTH CENTRE,232,CENTRAL,THIKA,GATUNDU,KIGANJO,NDUNDU,SUBLOC CENTROID,3,MISS,-0.973651,36.797039,b8077259-98d7-4531-acdb-8449f9aeb21e,4096227.64418023,-108391.550472179
755,52,NDUNGU HEALTH CENTRE,2422,CENTRAL,THIKA,GATUNDU,NGENDA,KIRANGARI(THIKA),1:50000 MAPS,3,MISS,-1.009908,36.901789,227deedb-daa8-4856-9334-6c8d78875352,4107888.36084083,-112428.266062274
756,45,MWITIKA DISP,904,EASTERN,KITUI,MWITIKA,MWITIKA,KIKUU,DSA/DFH(MOH)-UNFPA REPORT,4,MOH,-1.47205,38.309,be561090-f444-4b6e-b66d-627a5f755760,4264538.37279952,-163885.887183217
757,53,NGELELYA DISP,2460,CENTRAL,THIKA,KAKUZI,ITHANGA,NGELELYA,DDP,4,MOH,-1.01964,37.3825,ad31f9be-8d8d-4239-a76b-9a5643c0bbe2,4161400.86457956,-113511.79728714
758,47,TIVA DISP,912,EASTERN,KITUI,CENTRAL,KYANGWITHYA WEST,UTOONI,DSA/DFH(MOH)-UNFPA REPORT,4,MOH,-1.43628,37.8899,399c6b02-55bb-470b-941c-81b2b0d2b5c4,4217884.37420806,-159902.706133092
759,54,NGENDA HEALTH CENTRE,242,CENTRAL,THIKA,GATUNDU,KIAMWANGI,GATHAGE,DDP,3,MOH,-1.03185,36.8944,06ac722e-74fd-400e-9cd6-827601a55b3e,4107065.82112336,-114871.226117723
760,48,VOO DISP,915,EASTERN,KITUI,MUTOMO,VOO,KASASI,DSA/DFH(MOH)-UNFPA REPORT,4,MOH,-1.66579,38.329,249dd2d2-9854-4ad8-b488-b17c02b542bc,4266764.76261539,-185461.023835994
761,49,YANZUU DISP,3778,EASTERN,KITUI,CHULUNI,NZAMBANI,MALUMA/ITHUMULA,DSA/DFH(MOH)-UNFPA REPORT,4,MOH,-1.43462,38.0683,85f12b66-22e6-4188-9797-096ed1899866,4237743.77136558,-159717.857769581
762,50,YATTA HEALTH CENTRE,929,EASTERN,KITUI,YATTA,YATTA,MAKUSYA,DSA/DFH(MOH)-UNFPA REPORT,3,MOH,-1.46519,37.8399,6be4898b-bf2c-4be3-b603-84ea19747557,4212318.3996684,-163121.984542875
763,51,ZOMBE  DISP,3099,EASTERN,KITUI,MUTITU,ZOMBE,THUA,DSA/DFH(MOH)-UNFPA REPORT,4,MISS,-1.46416,38.2434,99b217f8-e524-47a9-9b27-24f853ee2c59,4257235.81420349,-163007.287993016
764,1,BISHOP U. KIOKO CATHOLIC HOSPITAL,0,EASTERN,MACHAKOS,CENTRAL,MASAKU,EASTLEIGH,ILRI MKT CENTRES,1,MISS,-1.51643,37.26928,13d9ed62-4130-4b68-9969-6696e91f2f8c,4148797.27183194,-168827.926841376
765,2,COMBONI DISP,0,EASTERN,MACHAKOS,NDITHINI,NDITHINI,NDITHINI(NDITHINI),DSA/DFH(MOH)-UNFPA REPORT,4,MISS,-0.930548,37.3367,2eba092c-f73c-409b-95ff-468f351f3a26,4156302.43190122,-103592.683798151
766,3,FRANCISCAN CONVENT HOSPITAL,3890,EASTERN,MACHAKOS,KANGUNDO,KANGUNDO,MAIUNI,ILRI MKT CENTRES,1,MISS,-1.298303,37.359084,187f1ad9-d207-48c0-852e-31b6f9a4263c,4158794.20738314,-144538.798540106
767,5,IKALASA MISS. DISP,2872,EASTERN,MACHAKOS,MAVOKO,LUKENYA,MATHATANI,ILRI VILLAGES,4,MISS,-1.53,37.07,351c9946-3674-4392-8aab-7d42e8b94320,4126613.52370666,-170339.066316374
768,6,IKOMBE DISP,1776,EASTERN,MACHAKOS,YATTA,IKOMBE,IKOMBE,DSA/DFH(MOH)-UNFPA REPORT,4,MOH,-1.27874,37.6629,96ad3a1f-5b7a-487c-99cd-0648ae9b2e9c,4192614.84979799,-142360.504515474
769,7,ITHEANI DISP,939,EASTERN,MACHAKOS,KATHIANI,KAEWA,KAUTI(MACHAKOS),DSA/DFH(MOH)-UNFPA REPORT,4,MOH,-1.44712,37.3573,686e51fe-f9b6-4b49-b4d1-e8c3c2b5230d,4158595.61341157,-161109.791526157
770,8,ITUNDUIMUNI DISP,971,EASTERN,MACHAKOS,MASINGA,IKAATINI,IKAATINI,1:50000 MAPS,4,MOH,-1.071242,37.532362,78b07db0-7a8b-4631-8ff3-011498e91bfc,4178083.42610881,-119257.06220621
771,9,KAANI DISP,940,EASTERN,MACHAKOS,KATHIANI,IVETI,KAANI,DSA/DFH(MOH)-UNFPA REPORT,4,MOH,-1.50667,37.3638,22a7e28d-2aa6-4367-989c-d70efdaa4a29,4159319.19010172,-167741.07041406
772,10,KABAA MISSION DISP,941,EASTERN,MACHAKOS,MWALA,MBIUNI,KABAA,DSA/DFH(MOH)-UNFPA REPORT,4,MISS,-1.2286,37.4056,700cb5cb-c30c-4bcf-9e69-1de176fa04dc,4163972.34481688,-136777.60867825
773,11,KAKUYUNI DISP,943,EASTERN,MACHAKOS,KANGUNDO,KANZALU,KIKAMBUANI,DSA/DFH(MOH)-UNFPA REPORT,4,MOH,-1.3012,37.3853,b9b54bb8-3aab-44b9-bde8-238d9739dc4b,4161712.55915377,-144861.374101168
774,12,KAKUYUNI MISS. DISP,0,EASTERN,MACHAKOS,KANGUNDO,KAKUYUNI,KIVILINGUNI,ILRI MKT CENTRES,4,MISS,-1.362005,37.346832,604dacf7-234a-444f-9f62-851e576bcbae,4157430.32098194,-151631.984503175
775,13,KALALA DISP,4348,EASTERN,MACHAKOS,YATHUI,KIBAUNI,KILALA(MACHAKOS),1:50000 MAPS,4,MOH,-1.582363,37.652325,1cf22206-ce0d-40ca-8c9a-34f4dfa3181f,4191437.64618285,-176170.239689472
776,14,KALAMA DISP,944,EASTERN,MACHAKOS,KALAMA,KALAMA,NZIUNI,1:50000 MAPS,4,MOH,-1.602323,37.362323,fb73df03-1268-47df-a136-f670ffee4959,4159154.77121382,-178393.035097063
777,15,KALANDINI DISP,4267,EASTERN,MACHAKOS,MATUNGULU,KALANDINI,KALANDINI,1:50000 MAPS,4,MOH,-1.238,37.286,bb94ae18-5424-48e2-8c8a-aa91c479e996,4150658.533718,-137824.25435568
778,16,KAMBUSU DISP,4269,EASTERN,MACHAKOS,MATUNGULU,MATUNGULU,KAMBUSU,1:50000 MAPS,4,MOH,-1.232352,37.362325,9e078751-9170-4240-bffc-45f8ff9fee97,4159154.9938528,-137195.375743762
779,17,KANGUNDO HOSPITAL,1037,EASTERN,MACHAKOS,KANGUNDO,KANGUNDO,ISINGA,HD MAPS,1,MOH,-1.28944,37.3445,3e7e1053-325f-4e12-8987-9250b7094871,4157170.72392941,-143551.922268669
780,18,KANZALU (MISYANI) DISP,993,EASTERN,MACHAKOS,MWALA,MBIUNI,KATITU(MWALA),ILRI VILLAGES,4,MISS,-1.23,37.37,dd85e399-85f5-4e3d-a6e6-7085aab83ca4,4160009.37094464,-136933.491842937
781,19,KANZALU (MISYANI) MISSION HEALTH CENTRE,2579,EASTERN,MACHAKOS,KANGUNDO,KANZALU,MBILINI(KANGUNDO),ILRI VILLAGES,3,MISS,-1.28,37.37,4c04d9d6-1d60-43bb-a4d1-757b1646c246,4160009.37094464,-142500.802048177
782,20,KATANGI DISP,4270,EASTERN,MACHAKOS,YATTA,KATANGI,KATANGI,ILRI MKT CENTRES,4,MISS,-1.404542,37.688071,06a3bd16-b157-4926-b235-8475d59cd707,4195416.87270074,-156368.562126658
783,21,KATANGI HEALTH CENTRE,1021,EASTERN,MACHAKOS,YATTA,KATANGI,KATANGI,DSA/DFH(MOH)-UNFPA REPORT,3,MOH,-1.39932,37.6764,dc9cf223-069b-4985-8f52-b281b544f842,4194117.6629237,-155787.07768735
784,22,KATHEKA DISP,951,EASTERN,MACHAKOS,MWALA,MBIUNI,ULAANI,1:50000 MAPS,4,MOH,-1.176,37.353,91bdf14d-054b-4a9d-a81e-4e10d6418234,4158116.93960115,-130920.91385842
785,23,KATHIANI HOSPITAL,1038,EASTERN,MACHAKOS,KATHIANI,KATHIANI,KATHIANI(MACHAKOS),HD MAPS,1,MOH,-1.41667,37.3291,9558dcb6-7aa0-469c-b6f1-088e92c30677,4155456.40377119,-157719.05418011
786,24,KATULANI DISP,954,EASTERN,MACHAKOS,YATHUI,KIBAUNI,ITUMBULE,DSA/DFH(MOH)-UNFPA REPORT,4,MOH,-1.53005,37.6345,ab4dc940-f681-44c7-a661-801c80967965,4189453.37625946,-170344.634276057
787,25,KATUMANI DISP,3564,EASTERN,MACHAKOS,CENTRAL,KIIMA KIMWE,KATOLONI,1:50000 MAPS,4,MOH,-1.542321,37.253113,c949d7e1-be8f-4304-97c5-aa7507a12ebc,4146997.56962428,-171711.126876653
788,26,KAVIANI HEALTH CENTRE,1022,EASTERN,MACHAKOS,KATHIANI,IVETI,KALILUNI(MACHAKOS),DSA/DFH(MOH)-UNFPA REPORT,3,MOH,-1.4753,37.2992,68fefb44-815e-4383-812f-b65b715fa1ed,4152127.95099647,-164247.795230634
789,27,KIANZAVE DISP,956,EASTERN,MACHAKOS,MATUNGULU,KYANZAVI,KIANZABE,SUBLOC CENTROID,4,MISS,-1.183136,37.273559,f18f9979-3acd-46c7-9835-06ee2cbde7b9,4149273.60793304,-131715.458118626
790,28,KIKESA DISP,3563,EASTERN,MACHAKOS,YATTA,KINYAATA,MAKUTANO(MACHA),DSA/DFH(MOH)-UNFPA REPORT,4,MOH,-1.24798,37.6013,8d2b77ad-156b-415c-aa32-668df6f2dd4b,4185757.56916512,-138935.484360293
791,29,KIMITI DISP,4347,EASTERN,MACHAKOS,MATUNGULU,NGULUNI,NGULUNI(MACHAKOS),1:50000 MAPS,4,MOH,-1.283232,37.282325,920fe808-5b30-4462-a49f-1ea3436983c9,4150249.43458934,-142860.676669655
792,30,KIMUTWA SHC,1047,EASTERN,MACHAKOS,CENTRAL,KIMUTWA,KIMUTWA,1:50000 MAPS,3,MOH,-1.613212,37.263212,e26e4a8d-67bd-4e4f-b90f-40016625b945,4148121.78516181,-179605.670423737
793,31,KINANIE DISP,4463,EASTERN,MACHAKOS,MAVOKO,LUKENYA,KINANIE,1:50000 MAPS,4,MOH,-1.412133,37.061235,52832e7c-aa08-493b-94ea-14e4a9222660,4125637.80836986,-157213.843721251
794,32,KINYATA DISP,963,EASTERN,MACHAKOS,YATTA,KINYAATA,KINYAATA,DSA/DFH(MOH)-UNFPA REPORT,4,MOH,-1.33411,37.6395,773bacc7-ab81-4d1b-b138-062f4a3e66d1,4190009.97371343,-148525.867591817
795,33,KISIKI HEALTH CENTRE,966,EASTERN,MACHAKOS,YATTA,MAVOLONI,KWANDOLO,DSA/DFH(MOH)-UNFPA REPORT,3,MOH,-1.05604,37.4413,26b73e79-b8c3-42f6-94e5-9d4a879d008e,4167946.4506382,-117564.491660798
796,34,KITANGANI DISP,4701,EASTERN,MACHAKOS,CENTRAL,KATHEKA KAI,KITANGA,1:50000 MAPS,4,MOH,-1.512321,37.172321,8f36e6d8-0f43-4b29-a43e-9e25612d99ce,4138003.84532412,-168370.355235611
797,35,KITETA DISP,967,EASTERN,MACHAKOS,MASINGA,IKAATINI,ITUNDUIMUNI,ILRI VILLAGES,4,MISS,-1.05,37.53,f0f52d32-5df6-4ff0-806e-d1eb400ee2d6,4177820.48947156,-116892.008365148
798,36,KITHEUNI DISP,2411,EASTERN,MACHAKOS,YATTA,KINYAATA,MAKUTANO(MACHA),DSA/DFH(MOH)-UNFPA REPORT,4,MOH,-1.29104,37.5964,901df420-27f8-47f0-bf02-95a1e429d20e,4185212.10366024,-143730.078623799
799,37,KITHIMANI DISP,968,EASTERN,MACHAKOS,YATTA,KITHIMANI,KITHENDU,DSA/DFH(MOH)-UNFPA REPORT,4,MOH,-1.17214,37.4689,50cb73b9-7518-4489-b897-ec37b3c4ff1c,4171018.8685841,-130491.130394653
800,38,KITHIOKO HEALTH CENTRE,969,EASTERN,MACHAKOS,MASINGA,KITHYOKO,KITHYOKO,DSA/DFH(MOH)-UNFPA REPORT,3,MOH,-1.0745,37.7859,5385749c-cb2e-4582-a5f0-bf23a1c9cc16,4206307.14716556,-119619.804699706
801,55,NGORIBA HEALTH CENTRE,223,CENTRAL,THIKA,MUNICIPALITY,GATUANYAGA,NGOLIBA,DDP,3,MOH,-1.04723,37.2776,1b8f42ac-f3b3-43dc-a580-5748bbea0b17,4149723.44999534,-116583.601725842
802,56,NGORONGO HEALTH CENTRE,244,CENTRAL,THIKA,KAMWANGI,CHANIA,NGORONGO,DDP,3,MOH,-0.919681,36.9044,769e8423-73c3-411d-befc-112f57d8796c,4108179.01603129,-102382.817185504
803,57,NYS YATTA DISP,2434,CENTRAL,THIKA,MUNICIPALITY,GATUANYAGA,NGOLIBA,1:50000 MAPS,4,MOH,-1.041232,37.263212,4e3a8eed-9da5-448b-a177-a0e4d0cfea1b,4148121.78516181,-115915.796513596
804,58,OAKLANDS HOSPITAL,2406,CENTRAL,THIKA,RUIRU,RUIRU,MUGUTHA,1:50000 MAPS,1,MISS,-1.135135,36.964865,3f7b4cfd-592c-424d-8470-f65ccce3b90a,4114909.9490421,-126370.917408541
805,59,RUIRU HEALTH CENTRE,245,CENTRAL,THIKA,RUIRU,RUIRU,RUIRU(THIKA),DDP,3,MOH,-1.11779,36.9066,154478d7-01d4-476c-9512-9c0e2db1c448,4108423.91891103,-124439.707605814
806,60,ST LUKE'S HOSPITAL,4752,CENTRAL,THIKA,MUNICIPALITY,THIKA MUNICIPALITY,KOMU,ILRI TOWNS,1,MISS,-1.048742,37.079567,f662fd70-e2b5-4e28-aea1-f56898ede6b3,4127678.51727508,-116751.944955055
807,61,ST. MULUMBA CATHOLIC HOSPITAL,4754,CENTRAL,THIKA,MUNICIPALITY,THIKA MUNICIPALITY,MAJENGO(THIKA),DDP,1,MISS,-1.07798,37.1346,12554278-f470-490f-ba79-b38199197bd5,4133804.7628119,-120007.264880687
808,62,THIKA DISTRICT HOSPITAL,256,CENTRAL,THIKA,MUNICIPALITY,THIKA MUNICIPALITY,MAJENGO(THIKA),DDP,1,MOH,-1.03678,37.0776,cef9e088-6985-4b1d-936c-cea5f9671875,4127459.55183669,-115420.1206425
809,63,THUITA PCEA DISP,0,CENTRAL,THIKA,GATANGA,KIHUMBUINI,MUKURWE/THUITA,DDP,4,MISS,-0.910635,36.9876,672c62b0-9d45-40c5-b324-bcc2b6aeea72,4117440.79766529,-101375.692603953
810,1,AL-SULTAN DISP,513,COAST,KILIFI,KALOLENI,KALOLENI,KALOLENI/VISH/TSAKA,AMKENI,4,MISS,-3.82122,39.595692,8706e047-437b-432a-a70d-6b1a8dcff932,4407772.2710473,-425691.956994675
811,2,BAMBA HEALTH CENTRE,559,COAST,KILIFI,BAMBA,BAMBA,PAZIANI(KILIFI),DANIDA,3,MOH,-3.54541,39.523701,69daa1d8-3cad-4b97-8444-77b9b97bbe11,4399758.26958561,-394925.345861306
812,3,BOMANI DISP,0,COAST,KILIFI,KIKAMBALA,MTWAPA,KIDUTANI/MAWAMBA,DANIDA,4,MOH,-3.88427,39.749401,5bb44f0d-8d41-4be5-b7b6-24e2ac2c8872,4424883.07865764,-432726.549175282
813,4,BWAGAMOYO DISP,514,COAST,KILIFI,KALOLENI,RIBE,CHAURINGO,DANIDA,4,MOH,-3.92021,39.64452,cfca0853-a0d2-4017-82d2-884c2a19b934,4413207.77914376,-436736.668725606
814,5,CHASIMBA/MWELE DISP,519,COAST,KILIFI,CHONYI,CHASIMBA,CHASIMBA,KEMRI-KILIFI PROJECT,4,MOH,-3.73492,39.699951,93954882-bcf1-4946-87b7-8e11b451857b,4419378.32983792,-416064.160526035
815,8,DIDA DISP,523,COAST,KILIFI,VITENGENI,SOKOKE,DIDA,DANIDA,4,MOH,-3.42881,39.805408,e5470bd3-45b6-4d5b-a7ed-09ecc2ae816a,4431117.74937851,-381921.41429572
816,9,GANZE DISP,525,COAST,KILIFI,GANZE,GANZE,GANZE/TSANGALAWENI,DANIDA,4,MOH,-3.54244,39.671959,7946ea22-2a8f-4f1f-80c7-28ab60e108a6,4416262.27465163,-394594.09352079
817,10,GIRIAMA MISSION DISP,528,COAST,KILIFI,KALOLENI,KAYAFUNGO,MURIMANI,AMKENI,4,MISS,-3.814363,39.585923,ebc1661b-f5b0-43b5-8ebf-48b3b0094d55,4406684.79094174,-424926.941554796
818,11,GOTANI DISP,531,COAST,KILIFI,KALOLENI,KAYAFUNGO,MBALAMWENI,DANIDA,4,MOH,-3.78647,39.540619,65fdb030-f9e9-4b52-b231-5e23ce312807,4401641.57273084,-421815.06390621
819,12,JARIBUNI DISP,532,COAST,KILIFI,GANZE,KAUMA,VINAGONI,DANIDA,4,MOH,-3.63261,39.742729,5c702661-26ba-4d6e-8848-985383091731,4424140.35501507,-404651.481747556
820,13,JIBANA HEALTH CENTRE,560,COAST,KILIFI,KALOLENI,JIBANA,TSAGWA,DANIDA,3,MOH,-3.83107,39.686451,62b7f84b-5ec4-49de-84a3-341f5800a8b9,4417875.51671221,-426790.903397214
821,14,JUNJU DISP,534,COAST,KILIFI,KIKAMBALA,JUNJU,VIPINGO,DANIDA,4,MOH,-3.82987,39.761131,9b9f03cc-671d-4a97-be2a-51dd6869e25c,4426188.85628465,-426657.020925881
822,16,KILIFI DISTRICT HOSPITAL,565,COAST,KILIFI,BAHARI,KILIFI TOWNSHIP,HOSPITAL(KILIFI),DANIDA,1,MOH,-3.63205,39.85722,45a4bee7-3c4f-45f1-82de-a992012b5e59,4436885.43483548,-404589.017350424
823,17,KINARANI DISP,3762,COAST,KILIFI,KALOLENI,MWANAMWINGA,KIBWABWANI,AMKENI,4,MOH,-3.729553,39.579223,0f0ca7d1-9863-48ab-9833-15896b5db8a9,4405938.95035343,-415465.439021614
824,18,KIZINGO H C,3300,COAST,KILIFI,CHONYI,MWARAKAYA,KIZINGO(KILIFI),AMKENI,3,MOH,-3.782055,39.676958,0c2cd0c8-9d76-4a22-b31b-24aa1bff3631,4416818.76078611,-421322.514416164
825,19,KOMBENI DISP,540,COAST,KILIFI,KALOLENI,MWAWESA,MWAMUTSUNGA,DANIDA,4,MOH,-3.91277,39.58707,20cd4c0a-c1ee-4d6d-b3cf-944d085224dc,4406812.47439768,-435906.513019678
826,20,LENGA DISP,541,COAST,KILIFI,KALOLENI,KAMBE,PANGANI/MAERENI,DANIDA,4,MOH,-3.8669,39.661819,0ee4927b-3eab-4e61-ba6e-973d78e18aad,4415133.49501499,-430788.497620375
827,21,MARIAKANI HEALTH CENTRE,570,COAST,KILIFI,KALOLENI,MARIAKANI,KAWALA/KADZONZO,DANIDA,3,MOH,-3.85673,39.49386,1e7bcf8b-6f59-4e6c-b4e7-adc7d6b3bae0,4396436.38466084,-429653.80194199
828,22,MATSANGONI DISP,544,COAST,KILIFI,BAHARI,MATSANGONI,MATSANGONI,DANIDA,4,MOH,-3.3904,39.928551,a1ec6197-91d7-4536-85b8-4792f6850480,4444825.96543326,-377638.050470805
829,23,MGAMBONI DISP,546,COAST,KILIFI,KALOLENI,JIBANA,KWALE(KILIFI),DANIDA,4,MOH,-3.84524,39.663441,51c81e66-de2f-4e28-bbed-09257f49a091,4415314.05522905,-428371.846462064
830,24,MTWAPA DISP,545,COAST,KILIFI,KIKAMBALA,MTWAPA,KIDUTANI/MAWAMBA,DANIDA,4,MOH,-3.91792,39.738239,a01a259f-0f9d-4cf1-9f15-ed0cf15c3518,4423640.53050141,-436481.149583599
831,25,MURYACHWAKE DISP,547,COAST,KILIFI,VITENGENI,MRIMA WA NDEGE,MILORE,DANIDA,4,MOH,-3.28851,39.576759,0ace3378-a690-484f-a529-8e94bdf34e40,4405664.65912811,-366276.413309734
832,26,NGERENYA DISP,548,COAST,KILIFI,BAHARI,NGERENYA,NGERENYA,DANIDA,4,MOH,-3.51353,39.862282,f9bc7125-6214-4cec-96f7-778de4b4f614,4437448.93409788,-391369.736403931
833,27,PINGILIKANI DISP,550,COAST,KILIFI,CHONYI,BANDA RA SALAMA,PINGILIKANI,DANIDA,4,MOH,-3.77444,39.773449,43e4ecc1-527a-4fec-a09f-4a78c942a588,4427560.08977224,-420472.970057289
834,28,RABAI HEALTH CENTRE,571,COAST,KILIFI,KALOLENI,RABAI,BUNI/CHISIMANI,DANIDA,3,MOH,-3.93892,39.566319,1cc46dd9-f2be-4dff-b8a5-5dd3df9003a5,4404502.48364423,-438824.364476693
835,29,RIBE DISP,551,COAST,KILIFI,KALOLENI,RIBE,CHAURINGO,DANIDA,4,MOH,-3.8854,39.63147,d7be9810-de4f-4245-ba63-748f70e541cd,4411755.0597889,-432852.62990236
836,6,ST TERESA'S CATHOLIC DISP,3629,COAST,KILIFI,CHONYI,BANDA RA SALAMA,MWEMBE KATI,ILRI MKT CENTRES,4,MISS,-3.777286,39.705671,262d7c8e-1e96-4554-b090-5e32e6c4aef4,4420015.07732525,-420790.474535416
837,30,ST. LUKE'S KALOLENI HOSPITAL,2938,COAST,KILIFI,KALOLENI,KALOLENI,KALOLENI/VISH/TSAKA,KEMRI-KILIFI PROJECT,1,MISS,-3.8166,39.6334,9a67ca82-9a25-4349-8a4a-dddedc3074d0,4411969.90640613,-425176.516432328
838,15,SUN N SAND DISP,538,COAST,KILIFI,KIKAMBALA,MTWAPA,KIJIPWA,DSA/DFH(MOH)-UNFPA REPORT,4,MISS,-3.88018,39.779401,be1ced83-df3b-4035-9bf0-0ad3c173d004,4428222.66338144,-432270.205299858
839,32,TAKAUNGU DISP,554,COAST,KILIFI,KIKAMBALA,TAKAUNGU MAVUENI,TAKAUNGU,DANIDA,4,MOH,-3.68278,39.8592,91efa704-f5af-43bd-b544-ef41844822bd,4437105.84742725,-410247.780472258
840,33,TSANGATSINI DISP,556,COAST,KILIFI,KALOLENI,TSANGATSINI,TSANGATSINI,DANIDA,4,MOH,-3.71439,39.44978,0543e5da-9324-4cf0-8db2-544522fb0c1b,4391529.42150667,-413773.933852293
841,34,UNION MEDICAL DISP,0,COAST,KILIFI,KALOLENI,RURUMA,MIYUNI,AMKENI,4,MISS,-3.883313,39.594903,c621fdd9-6f4b-4181-9d4e-f2925fb5723f,4407684.43996907,-432619.77120483
842,35,VIPINGO HEALTH CENTRE,572,COAST,KILIFI,KIKAMBALA,JUNJU,VIPINGO,DANIDA,3,MOH,-3.81929,39.809422,79917228-8f4a-4a66-b389-a5757a84669a,4431564.58581455,-425476.631920177
843,36,VIPINGO SISAL ESTATE DISP,557,COAST,KILIFI,KIKAMBALA,JUNJU,VIPINGO,KEMRI-KILIFI PROJECT,4,MISS,-3.80758,39.8133,fbcb986b-a734-4cec-8eaa-6e7bd5a3dbc5,4431996.28279984,-424170.188084221
844,37,VITENGENI DISP,563,COAST,KILIFI,VITENGENI,VITENGENI,VITENGENI,DANIDA,4,MOH,-3.35909,39.707989,8bc1802f-e790-4023-8703-0dc1b3980bab,4420273.11590491,-374146.582518711
845,1,BOFU DISP,573,COAST,KWALE,KINANGO,MTAA,BOFU(KWALE),GPS,4,MOH,-3.98003,39.434,5f501de3-af88-4ab3-a74d-560633339f49,4389772.79994195,-443411.658073966
846,2,CATHOLIC DISP DIANI-UKUNDA,0,COAST,KWALE,MSAMBWENI,DIANI,UKUNDA,GPS,4,MISS,-4.28581,39.5752,648e1943-7e8f-4692-bb46-ffd2a6b4ee4e,4405491.11204197,-477539.721500212
847,3,DIANI DISP,574,COAST,KWALE,MSAMBWENI,DIANI,GOMBATO,GPS,4,MOH,-4.27433,39.5681,2c8dcae4-10e7-4b78-a147-0a7fd973172f,4404700.74365734,-476258.199777147
848,4,ESHU DISP,575,COAST,KWALE,MSAMBWENI,MIVUMONI,MIVUMONI,GPS,4,MOH,-4.41492,39.3469,0b5d5134-0a48-4c08-8e55-43db29afda51,4380076.87229386,-491953.713058018
849,5,IBN SINA DISP,3668,COAST,KWALE,MSAMBWENI,KINONDO,KINONDO,GPS,4,MISS,-4.33936,39.5344,5a43853d-93fb-4c69-8d59-9ab82cdd22ff,4400949.2768176,-483517.80656005
850,70,KAFUDINI DISP,3779,COAST,KWALE,SAMBURU,MWATATE,MWATATE(KWALE),GPS,4,MOH,-3.90842,39.4982,af95509d-5a74-4928-bef6-1c07e5e09bd9,4396919.51125088,-435421.143140421
851,6,KIBANDAONGO DISP,576,COAST,KWALE,KINANGO,GANDINI,KIBANDAONGO,GPS,4,MOH,-4.0449,39.3981,9937485d-0313-4689-abf2-7bd859b16619,4385776.43022248,-450650.697797916
852,7,KIBUYUNI DISP,577,COAST,KWALE,KUBO,MANGAWANI,MANGAWANI,GPS,4,MOH,-4.39594,39.31,162b47e8-ea6c-4f16-b58c-b3344eda5739,4375969.18308359,-489834.608168813
853,9,KICHAKA SIMBA MISSION DISP,578,COAST,KWALE,KUBO,MWALUVANGA,MANYATTA(KWALE),AMKENI,4,MISS,-4.34917,39.356837,e8f2130d-31ca-413a-a351-b7ca4e2c7eb0,4381183.05407387,-484612.997348196
854,10,KIKONENI H C,603,COAST,KWALE,MSAMBWENI,KIKONENI,BUMBANI,GPS,3,MOH,-4.44607,39.3135,145ddbe6-e366-49e4-a64d-903380b98b12,4376358.80130136,-495431.708260486
855,11,KILIMANGODO DISP,579,COAST,KWALE,MSAMBWENI,MWERENI,KILIMANGODO,GPS,4,MOH,-4.35192,39.0764,115e6015-cce7-42e0-b2eb-0581e4b81692,4349964.95003428,-484920.010575504
856,12,KINANGO SUB-DISTRICT HOSPITAL,609,COAST,KWALE,KINANGO,KINANGO,KINANGO,GPS,1,MOH,-4.13986,39.3132,26cd1d87-a4e0-4549-8cd0-a50af9f372d6,4376325.40545413,-461248.619568821
857,13,KINANGONI DISP,4131,COAST,KWALE,SAMBURU,SAMBURU,KINAGONI(KWALE),GPS,4,MOH,-3.86981,39.2324,ac8f75db-bc8d-425c-9cbb-07f85539a83a,4367330.79059803,-431113.177058334
858,14,KWALE SUB-DISTRICT HOSPITAL,610,COAST,KWALE,MATUGA,GOLINI,GOLINI,GPS,1,MOH,-4.17514,39.456,412315ff-11b9-4cdd-bc9b-31e97c622a2f,4392221.82873941,-465186.333248515
859,15,LUKORE DISP,580,COAST,KWALE,KUBO,LUKORE,LUKORE,GPS,4,MOH,-4.35608,39.3157,6d9fcdcd-d72f-46ad-99cc-fadda45bcad0,4376603.70418111,-485384.439989046
860,16,LUNGA LUNGA DISP,581,COAST,KWALE,MSAMBWENI,LUNGA LUNGA,SEGA(KWALE),GPS,4,MOH,-4.55366,39.1206,e36c8c3e-199e-4181-8c41-99d930a800e0,4354885.27152734,-507445.606674862
861,17,LUTSANGANI DISP,582,COAST,KWALE,SAMBURU,KASEMENI,CHIGATO,GPS,4,MOH,-3.95,39.5,2cea1e49-efe2-4af5-8cdd-53545d85c5ad,4397119.88633431,-440060.713098724
862,18,MACKINON DISP,583,COAST,KWALE,SAMBURU,MACKNNON RD,MACKINNON RD,GPS,4,MOH,-3.72904,39.0402,d431c92f-6ee7-403f-8eeb-b2638aaba16d,4345935.18446756,-415408.210941869
863,19,MAFISINI DISP,584,COAST,KWALE,MSAMBWENI,MIVUMONI,MIVUMONI,GPS,4,MOH,-4.44518,39.375,a41d88a6-66f0-4ab6-b3e7-3e6c7394baf3,4383204.94998515,-495332.334933546
864,20,MAGODZONI DISP,4132,COAST,KWALE,MATUGA,TIWI,SIMKUMBE,GPS,4,MOH,-4.21096,39.5563,7cc09505-3fb4-44cd-b70a-c024e2f1bd8e,4403387.17366598,-469184.499150299
865,21,MAJIMOTO DISP,3669,COAST,KWALE,MSAMBWENI,DZOMBO,MRIMA/MALAMBA,GPS,4,MOH,-4.40447,39.2944,da4e8acd-0b5d-47da-92cc-0755616c30fb,4374232.59902722,-490786.970535456
866,22,MAJORENI DISP,585,COAST,KWALE,MSAMBWENI,PONGWE/KIDIMU,MAJORENI,GPS,4,MOH,-4.57561,39.2762,bcdd2971-10f1-420b-ab90-bfc9c5c3f99e,4372206.58429478,-509896.844372616
867,23,MAKAMINI DISP,586,COAST,KWALE,SAMBURU,MAKAMINI,MAKAMINI,GPS,4,MOH,-3.98457,39.2454,2c331b1e-a6cf-4814-8320-627a28f24c09,4368777.94397835,-443918.271754662
868,25,MAMBA DISP,0,COAST,KWALE,MSAMBWENI,DZOMBO,MRIMA/MALAMBA,GPS,4,MOH,-4.45926,39.2438,73608314-6762-418c-a888-517142165584,4368599.83279308,-496904.457380137
869,26,MANDA DISP,596,COAST,KWALE,SAMBURU,MWAVUMBO,KALALANI,GPS,4,MOH,-3.88865,39.4334,c65f9656-3b69-4c61-b033-8127d5e3b460,4389706.00824748,-433215.252404068
870,27,MATUGA DISP,587,COAST,KWALE,MATUGA,WAA,MATUGA,GPS,4,MOH,-4.16819,39.571,1a5bb517-b600-4dc8-aa4e-a783d17d4a1d,4405023.57018063,-464410.607559533
871,28,MAZERAS DISP,588,COAST,KWALE,SAMBURU,KASEMENI,MAZERAS,GPS,4,MOH,-3.96716,39.54152,e78d7892-548a-4ae3-919a-9dc022a51eb4,4401741.87159205,-441975.523889803
872,29,MAZUMAALUME DISP,3299,COAST,KWALE,MATUGA,TSIMBA,MAZUMALUME,GPS,4,MOH,-4.24406,39.495,aec3f574-5c55-483d-955b-5e47876e8c9a,4396563.28888035,-472879.226971402
873,30,MBUANI DISP,589,COAST,KWALE,MSAMBWENI,DIANI,BONGWE,GPS,4,MOH,-4.29503,39.53,6edf482b-a5c6-4d93-8cc8-fd8a083e2bfb,4400459.47105811,-478568.97151883
874,31,MIVUMONI DISP,590,COAST,KWALE,MSAMBWENI,MIVUMONI,MIVUMONI,GPS,4,MISS,-4.42287,39.3962,9e2e8a5c-b4fc-4f61-b865-d0cf9be9b599,4385564.92318997,-492841.341577197
875,32,MKONGANI DISP,591,COAST,KWALE,KUBO,MKONGANI,MKOMBA,GPS,4,MOH,-4.29071,39.2675,89a22776-c7fa-4131-abe2-38626ab49e53,4371238.10472487,-478086.718336111
876,33,MKWIRO DISP,2897,COAST,KWALE,MSAMBWENI,PONGWE/KIDIMU,WASINI/MKWIRO,GPS,4,MOH,-4.66227,39.3968,9c904210-f7ee-4f0b-ab5d-7aef8803235e,4385631.71488445,-519575.224726274
877,34,MNYENZENI DISP,592,COAST,KWALE,SAMBURU,KASEMENI,MNYENZENI,GPS,4,MOH,-3.98765,39.4868,417461c2-18b8-4f4f-bcfe-aa5d4ee6da99,4395650.46905584,-444261.967209112
878,35,MRIMA DISP,593,COAST,KWALE,MSAMBWENI,DZOMBO,MRIMA/MALAMBA,GPS,4,MISS,-4.48888,39.2457,f437f2f0-dcab-484a-84c1-d8d9a905b4ca,4368811.33982558,-500211.819127762
879,36,MSAMBWENI DISTRICT HOSPITAL,611,COAST,KWALE,MSAMBWENI,MSAMBWENI,VINGUJINI,GPS,1,MOH,-4.48007,39.4708,471f2445-4bd6-458c-9448-8bb73602f300,4393869.35720315,-499228.082759685
880,37,MTAA DISP,3964,COAST,KWALE,KINANGO,MTAA,MTAA,GPS,4,MOH,-4.00308,39.3411,57469e30-2efa-4025-97f6-494f66d76348,4379431.21924726,-445983.811572839
881,39,MUHAKA DISP,594,COAST,KWALE,MSAMBWENI,KINONDO,KINONDO,GPS,4,MOH,-4.34114,39.5141,8952b09d-6340-43eb-8112-7d927184ad24,4398689.4911545,-483716.525135762
882,40,MWALUPHAMBA DISP,595,COAST,KWALE,KUBO,MWALUPHAMBA,MLAFYENI,GPS,4,MOH,-4.22579,39.3663,6c184215-3a3f-4f48-a543-b89d0b5d2f2a,4382236.47041526,-470839.851655766
883,41,MWALUVANGA DISP,0,COAST,KWALE,KUBO,MWALUVANGA,MWALUVANGA,AMKENI,4,MOH,-4.379162,39.363895,dd373d1b-2876-410b-8882-424012801580,4381968.7470399,-487961.400118082
884,43,MWAPALA DISP,3782,COAST,KWALE,KUBO,MAJIMBONI,MAJIMBONI,GPS,4,MOH,-4.34027,39.4527,b892cd22-5507-4d8a-a2db-5413885d044c,4391854.47441979,-483619.398582355
885,44,NDAVAYA DISP,597,COAST,KWALE,KINANGO,NDAVAYA,NDAVAYA,GPS,4,MOH,-4.25718,39.167,8861a67e-e27f-4a4d-b7d6-9abfea155f29,4360050.49590015,-474343.767082602
886,45,NG'OMBENI DISP,598,COAST,KWALE,MATUGA,NGOMBENI,NGOMBENI(KWALE),GPS,4,MOH,-4.128266,39.631603,d4edf5cc-376e-424f-a498-682fcd6df2c1,4411769.86528118,-459954.61451939
887,46,SAMBURU H C,604,COAST,KWALE,SAMBURU,SAMBURU,MATOPE,GPS,3,MOH,-3.79005,39.2698,ec27d9b6-9d4b-40ea-8743-b3c141f7c9e1,4371494.1395537,-422214.460353778
888,47,SHIMBA HILLS H C,605,COAST,KWALE,KUBO,MAJIMBONI,SHIMBA HILLS,GPS,3,MOH,-4.35774,39.4179,c5d47310-5662-40f3-8be9-0c8ec087a470,4387980.55614018,-485569.765904578
889,48,SHIMONI DISP,599,COAST,KWALE,MSAMBWENI,PONGWE/KIDIMU,SHIMONI,GPS,4,MOH,-4.645082,39.378825,08943617-015e-4784-8b2e-01036cdd543b,4383630.74703744,-517655.536692735
890,49,SILALONI DISP,0,COAST,KWALE,SAMBURU,CHENGONI,SILALONI,GPS,4,MOH,-3.62041,39.2822,ae6728e7-6125-492c-8ae3-4699c911ce06,4372874.50123954,-403290.659003994
891,50,TARU HEALTH CENTRE,606,COAST,KWALE,SAMBURU,TARU,TARU,GPS,3,MOH,-3.75431,39.1423,46cbe7e3-02b3-45b2-a060-dc005212714d,4357300.90447756,-418227.263545506
892,51,TIWI RURAL H T C,613,COAST,KWALE,MATUGA,TIWI,MKOYO,GPS,3,MOH,-4.24935,39.5869,74f05a5a-a37c-4469-836f-d9a952f28b0c,4406793.55008425,-473469.728331679
893,52,UKUNDA CATHOLIC DISP,0,COAST,KWALE,MSAMBWENI,DIANI,UKUNDA,AMKENI,4,MISS,-4.287945,39.576165,28662b6d-d9d5-4e3e-8041-4c313544e17f,4405598.53535058,-477778.055404647
894,53,VANGA H C,607,COAST,KWALE,MSAMBWENI,VANGA,VANGA,GPS,3,MOH,-4.660974,39.217396,29d50df2-f3a8-4336-9253-8654b6ee2e34,4365660.55295817,-519430.47584377
895,54,VIGURUNGANI DISP,600,COAST,KWALE,KINANGO,VIGURUNGANI,VIGURUNGANI,GPS,4,MOH,-4.04133,39.1633,266756c4-4bbc-4205-911c-f945df3c7e2f,4359638.61378422,-450252.295702936
896,55,VITSANGALAWENI DISP,601,COAST,KWALE,MSAMBWENI,DZOMBO,MRIMA/MALAMBA,GPS,4,MOH,-4.48469,39.2142,18c2dde6-41d5-43f5-b59e-c700f3f4fe5a,4365304.7758656,-499743.956651497
897,56,VYONGWANI DISP,2898,COAST,KWALE,MATUGA,GOLINI,GOLINI,GPS,4,MOH,-4.15284,39.4883,59027520-ad45-41c9-a8ac-91e84846262a,4395817.44829203,-462697.338413089
898,57,WAA DISP,602,COAST,KWALE,MATUGA,WAA,KITIVO,GPS,4,MOH,-4.1736,39.6026,15b17186-fd89-413a-88b7-d84971887d85,4408541.2660897,-465014.445237679
899,58,WASINI DISP,3783,COAST,KWALE,MSAMBWENI,PONGWE/KIDIMU,WASINI/MKWIRO,GPS,4,MOH,-4.65501,39.3629,bef6a9f4-309e-4d26-acfa-84b0a5408bc5,4381857.98414655,-518764.366370307
900,1,BAHARINI MISSION DISP,2446,COAST,LAMU,MPEKETONI,MPEKETONI,CENTRAL(LAMU),ILRI MKT CENTRES,4,MISS,-2.42,40.68,1999bebb-70ed-49ec-87a7-1e0b153f2c12,4528476.88547038,-269473.301299113
901,39,KITUNDU DISP,972,EASTERN,MACHAKOS,YATTA,MAVOLONI,KWANDOLO,ILRI VILLAGES,4,MISS,-1.07,37.48,07cf68b8-e50f-4a66-9dac-e68f0b8e44d1,4172254.5149319,-119118.77925781
902,40,KIVAA DISP,973,EASTERN,MACHAKOS,MASINGA,KIVAA,KIVAA,DSA/DFH(MOH)-UNFPA REPORT,4,MOH,-0.803821,37.6998,d6eb1f04-bb0e-43ce-9211-aa164bdaeb03,4196722.53900826,-89483.8798550369
903,41,KIVANI DISP,975,EASTERN,MACHAKOS,KANGUNDO,KAKUYUNI,KYEVALUKI,DSA/DFH(MOH)-UNFPA REPORT,4,MOH,-1.41624,37.357,e16d0a83-4fa8-4e07-9b03-72048ab094ad,4158562.21756432,-157671.172167848
904,42,KOLA DISP,976,EASTERN,MACHAKOS,KALAMA,KALAMA,KIITINI,GPS,4,MOH,-1.70429,37.35,63f959ab-cda3-4c1a-a9b9-09dc59df8d8a,4157782.98112878,-189748.678414453
905,43,KYAWALIA DISP,4462,EASTERN,MACHAKOS,KALAMA,LUMBWA,MUUMANDU,1:50000 MAPS,4,MOH,-1.672324,37.232312,7d6b6760-ac71-4c85-af57-4f92f96603e6,4144682.01289629,-186188.694113664
906,44,KYAWANGO HEALTH CENTRE,980,EASTERN,MACHAKOS,MWALA,MWALA,KYAWANGO(MWALA),DSA/DFH(MOH)-UNFPA REPORT,3,MOH,-1.30981,37.4961,35f74055-e51a-4c11-a7fd-6d1e01abb965,4174046.75873367,-145820.083774964
907,45,KYELENI DISP,981,EASTERN,MACHAKOS,MWALA,MWALA,KYAWANGO(MWALA),1:50000 MAPS,4,MOH,-1.312326,37.502321,e1097fd4-a075-4d8b-a348-dbc77c128728,4174739.2772859,-146100.236955655
908,46,KYONDONI DISP,4268,EASTERN,MACHAKOS,MASINGA,KIVAA,KYONDONI(MACHA),1:50000 MAPS,4,MOH,-0.841232,37.792326,23ddf7c6-4378-4ad6-8311-e8150816c981,4207022.4862134,-93648.8825720864
909,48,MACHAKOS APPROVED SCHOOL DISP,934,EASTERN,MACHAKOS,CENTRAL,MASAKU,MJINI(MACHAKOS),1:50000 MAPS,4,MOH,-1.513232,37.263212,194e6524-7c9b-4d9f-aeb4-b2a7b2e38614,4148121.78516181,-168471.802649919
910,49,MACHAKOS DISTRICT HOSPITAL,1040,EASTERN,MACHAKOS,CENTRAL,MUMBUNI,UPPER KIANDANI,1:50000 MAPS,1,MOH,-1.502321,37.263232,38fb803c-3ae3-4ab6-a562-184a63030a60,4148124.01155163,-167256.774996367
911,51,MANANJA DISP,248,EASTERN,MACHAKOS,NDITHINI,MANANJA,MANANJA,1:50000 MAPS,4,MOH,-0.853262,37.263235,b54f7661-531a-4252-9139-416f584d7480,4148124.3455101,-94988.2024758158
912,52,MANGO DISP,4324,EASTERN,MACHAKOS,MWALA,MWALA,MANGO(MACHAKOS),1:50000 MAPS,4,MOH,-1.39382,37.4256,38696c23-24b6-48bb-91f9-a3bafe1a5031,4166198.73463274,-155174.63856309
913,53,MASII HEALTH CENTRE,1025,EASTERN,MACHAKOS,MWALA,MASII,MBAANI,1:50000 MAPS,3,MOH,-1.45878,37.4409,19356414-9948-4f95-85b2-563f9785b9ac,4167901.92284188,-162408.194248506
914,54,MASINGA DISP,987,EASTERN,MACHAKOS,MASINGA,MASINGA,MUSUMAA,DSA/DFH(MOH)-UNFPA REPORT,4,MOH,-0.930548,37.6259,bbdc4f96-3f36-4182-8547-cf3ac97e8e2e,4188496.02863864,-103592.683798151
915,55,MATUNGULU DISP,988,EASTERN,MACHAKOS,MATUNGULU,TALA,KYAUME,1:50000 MAPS,4,MOH,-1.261233,37.332325,1a4a514f-bf04-42ee-a448-81f3a51a6be5,4155815.409129,-140411.155337729
916,56,MATUU MISSION DISP,3951,EASTERN,MACHAKOS,YATTA,MATUU,MATUU(YATTA),ILRI MKT CENTRES,4,MISS,-1.142871,37.546969,d970c1ce-a326-4b08-86df-cdc0838ecee9,4179709.46991083,-127232.25517983
917,57,MATUU RHDC,1044,EASTERN,MACHAKOS,YATTA,MATUU,MATUU(YATTA),DSA/DFH(MOH)-UNFPA REPORT,3,MOH,-1.13356,37.5545,37d2f93f-9ad6-4a48-820b-11733a0b211d,4180547.816996,-126195.554843691
918,58,MAVOLONI DISP,3627,EASTERN,MACHAKOS,YATTA,MAVOLONI,MAVOLONI,1:50000 MAPS,4,MISS,-1.078,37.417,d642fccf-3570-4fb5-9f01-b2e8d7cb5678,4165241.38701192,-120009.491664615
919,59,MBEMBANI DISP,2461,EASTERN,MACHAKOS,MASINGA,IKAATINI,ITUNDUIMUNI,DSA/DFH(MOH)-UNFPA REPORT,4,MOH,-1.00437,37.5582,e0bcd005-b2ff-4ef0-acf8-a34f31f8b7d0,4180959.69911193,-111811.683467927
920,60,MBIUNI SUB-HEALTH CENTRE,991,EASTERN,MACHAKOS,MWALA,MBIUNI,MBIUNI,DSA/DFH(MOH)-UNFPA REPORT,3,MOH,-1.24029,37.3933,cb71f3b5-c0dd-4109-8d14-c95d5f25b0ff,4162603.11508012,-138079.235619002
921,61,MILAANI DISP,4460,EASTERN,MACHAKOS,NDITHINI,NDITHINI,MILAANI,1:50000 MAPS,4,MOH,-0.882326,37.412326,885d307c-2d8d-40dd-946a-e51ea8d22541,4164721.07971196,-98223.963321003
922,62,MISYANI DISP,4707,EASTERN,MACHAKOS,KANGUNDO,KANZALU,MBILINI(KANGUNDO),DSA/DFH(MOH)-UNFPA REPORT,4,MISS,-1.27843,37.373,71c150dc-6f16-43bf-80b6-a6062448f037,4160343.32941702,-142325.986879095
923,63,MITABONI H C,1029,EASTERN,MACHAKOS,KATHIANI,MITABONI,MITABONI,1:50000 MAPS,3,MOH,-1.362324,37.232325,373638f6-5746-4b49-b4a4-47142467d39b,4144683.46004968,-151667.505458756
924,64,MITAMBONI CATHOLIC DISP,3626,EASTERN,MACHAKOS,YATHUI,MIU,UTITHINI(YATHUI),ILRI MKT CENTRES,4,MISS,-1.496457,37.52196,46ca148f-1cc9-434a-b281-890a5085953c,4176925.48076558,-166603.773917161
925,65,MIU DISP,994,EASTERN,MACHAKOS,YATHUI,MIU,KALAMBA(MACHAKOS),DSA/DFH(MOH)-UNFPA REPORT,4,MOH,-1.5362,37.5853,9be1f62e-7df5-4704-9a83-b88b0bd17dab,4183976.45731243,-171029.494308245
926,66,MIUMBUNI DISP,2439,EASTERN,MACHAKOS,KATHIANI,MITABONI,MIUMBUNI,DSA/DFH(MOH)-UNFPA REPORT,4,MOH,-1.35287,37.2869,cdc5e957-21a7-4bb4-8796-84a4a717ffd4,4150758.72125972,-150614.795493365
927,0, ,0, , , , , ,GPS,1,MISS,-1.7041,37.35278,32bc059b-d1df-4449-a724-c39fb7da6de9,4158092.44931318,-189727.518351793
928,67,MUA HILLS DISP,995,EASTERN,MACHAKOS,CENTRAL,MUA HILLS,MUA HILLS,1:50000 MAPS,4,MOH,-1.432321,37.212321,d1c58604-d4c2-4361-9a18-34177414442a,4142456.62495584,-159461.854143038
929,68,MULALA DISP,998,EASTERN,MACHAKOS,YATTA,KITHIMANI,KAMBI YA NDEKE,ILRI VILLAGES,4,MISS,-1.2,37.48,fc6c43f3-b89f-4216-8025-cd9be180fc0b,4172254.5149319,-133593.156061567
930,69,MUMBUNI HEALTH CENTRE,999,EASTERN,MACHAKOS,MWALA,MBIUNI,MUMBUNI(MACHAKOS),DSA/DFH(MOH)-UNFPA REPORT,3,MOH,-1.27536,37.4438,e88fa037-c234-4343-a045-3f470f64bcab,4168224.74936518,-141984.151156612
931,70,MUTHESYA DISP,3387,EASTERN,MACHAKOS,NDITHINI,MUTHESYA,MUTHESYA,1:50000 MAPS,4,MOH,-0.982325,37.392327,f1c4b4a7-8182-42fc-9b8c-d54a0c7c4a6e,4162494.80121558,-109357.276417144
932,71,MUTHETHENI CATHOLIC DISP,1000,EASTERN,MACHAKOS,YATHUI,MIU,UTITHINI(YATHUI),DSA/DFH(MOH)-UNFPA REPORT,4,MISS,-1.50483,37.5392,9a2e2202-0f60-4581-8e31-b1f776026fd1,4178844.62878686,-167536.171798053
933,72,MUTHETHENI HEALTH CENTRE,1030,EASTERN,MACHAKOS,YATHUI,MIU,UTITHINI(YATHUI),DSA/DFH(MOH)-UNFPA REPORT,3,MOH,-1.49991,37.5379,4e6fad77-5577-43b5-8f4d-3e4cae2e1c65,4178699.91344883,-166988.291564598
934,73,MUTITU DISP,1002,EASTERN,MACHAKOS,CENTRAL,MUTITUNI,MUTITUNI,1:50000 MAPS,4,MOH,-1.442132,37.253232,15f7d313-434c-4fa9-bc5c-cc0f34e1e06c,4147010.81664369,-160554.353363803
935,74,MUUSINI DISP,4459,EASTERN,MACHAKOS,KANGUNDO,KANGUNDO,MUISUNI,1:50000 MAPS,4,MOH,-1.312326,37.352321,d6b0a2c6-31c7-4239-8cb5-420c71453953,4158041.35366691,-146100.236955655
936,75,MWALA RHDC,1045,EASTERN,MACHAKOS,MWALA,MWALA,MATHUNTHINI,DSA/DFH(MOH)-UNFPA REPORT,3,MOH,-1.35103,37.4715,d3750c47-62f8-4607-8050-04b9824c09ee,4171308.29926016,-150409.910596043
937,76,NDALANI DISP,1005,EASTERN,MACHAKOS,YATTA,NDALANI,KIVINGONI,DSA/DFH(MOH)-UNFPA REPORT,4,MOH,-1.04497,37.5029,87cf9e0c-2cf1-49e4-9cb1-a2bdc71335a0,4174803.73127107,-116331.977738306
938,77,NDITHINI MISSION DISP,1006,EASTERN,MACHAKOS,NDITHINI,NDITHINI,NDITHINI(NDITHINI),DSA/DFH(MOH)-UNFPA REPORT,4,MISS,-0.921935,37.3306,2013c23c-e3ae-428f-98a0-11dae7a4e434,4155623.38300739,-102633.763724464
939,78,NDONYO SABUK DISP,1007,EASTERN,MACHAKOS,MATUNGULU,KYANZAVI,KIANZABE,1:50000 MAPS,4,MOH,-1.182325,37.263233,d232b321-edf7-4c39-ab21-09efe211bd3a,4148124.12287112,-131625.158773343
940,79,NGELANI AIC DISP,1009,EASTERN,MACHAKOS,KATHIANI,MITABONI,MITABONI,DSA/DFH(MOH)-UNFPA REPORT,4,MISS,-1.38609,37.2253,45c5f4ed-83ed-48ac-a350-052ae7e7aae5,4143901.44062685,-154313.885628791
941,80,NGOLENI DISP,2577,EASTERN,MACHAKOS,KATHIANI,KATHIANI,NGOLENI,DSA/DFH(MOH)-UNFPA REPORT,4,MOH,-1.39901,37.29,0c90d3b6-9d5d-4f6f-b35a-399c42692120,4151103.81168118,-155752.558353122
942,81,NGULUNI DISP,1010,EASTERN,MACHAKOS,MATUNGULU,NGULUNI,NGULUNI(MACHAKOS),1:50000 MAPS,4,MOH,-1.312325,37.282313,e8d66895-02fb-451b-b502-6927d6615c4a,4150248.09875545,-146100.125606958
943,82,NYS MAVOLONI DISP,0,EASTERN,MACHAKOS,YATTA,MAVOLONI,MAVOLONI,1:50000 MAPS,4,MOH,-1.093235,37.401235,27b72477-5fa9-42ed-81e0-a0b785a68380,4163486.43523957,-121705.74859064
944,83,NYS YATTA DISP,1018,EASTERN,MACHAKOS,YATTA,KITHIMANI,KITHIMANI,1:50000 MAPS,4,MOH,-1.162533,37.432326,6da0d4f6-61fc-4b14-ac8e-673411a202d2,4166947.46952782,-129421.46204636
945,84,SENGANI DISP,4266,EASTERN,MACHAKOS,MATUNGULU,TALA,SENGANI,1:50000 MAPS,4,MOH,-1.25663,37.3248,c732cd14-89e4-4e74-a4c1-382506b2820f,4154977.72996078,-139898.628004723
946,86,ST. THERESA THATHA DISP,1033,EASTERN,MACHAKOS,MASINGA,KITHYOKO,THATHA(MACHAKOS),ILRI MKT CENTRES,4,MISS,-1.019693,37.78443,f7ec6b16-afe3-4fbe-b77f-8a38047978ee,4206143.50751409,-113517.698154583
947,88,TALA (SDA) HOSPITAL,3418,EASTERN,MACHAKOS,MATUNGULU,TALA,KYAUME,ILRI MKT CENTRES,1,MISS,-1.266418,37.321387,032cb37a-454e-431b-9a14-48880014936f,4154597.79653871,-140988.487342917
948,89,THATHA DISP,3388,EASTERN,MACHAKOS,MASINGA,KITHYOKO,THATHA(MACHAKOS),DSA/DFH(MOH)-UNFPA REPORT,4,MISS,-1.02898,37.7736,9115b8ed-c2b3-4a58-97ee-28269ad2bce0,4204937.9174288,-114551.687506462
949,90,THINU H C,1034,EASTERN,MACHAKOS,KATHIANI,MITABONI,THINU,1:50000 MAPS,3,MOH,-1.421233,37.272132,9f4ea9e1-b3fb-4447-bf71-9c2e65d509c2,4149114.75501968,-158227.16082573
950,91,TULILA DISP,2502,EASTERN,MACHAKOS,YATHUI,KIBAUNI,KILALA(MACHAKOS),DSA/DFH(MOH)-UNFPA REPORT,4,MOH,-1.59588,37.6536,dc484ef5-86aa-4836-99a6-fb429f330a40,4191579.57853361,-177675.524184875
951,92,WAMUNYU HEALTH CENTRE,1017,EASTERN,MACHAKOS,YATHUI,WAMUNYU,KAMBITI(MACHAKOS),DSA/DFH(MOH)-UNFPA REPORT,3,MOH,-1.40332,37.5619,ecc7ef86-f201-4528-9229-d9b01c8aa10f,4181371.58122787,-156232.488861232
952,1,ATHI KAMUYUNI DISP,0,EASTERN,MAKUENI,KIBWEZI,MASONGALENI,ULILINZI,GPS,4,MOH,-2.50334,38.2614,f17342b1-44aa-417d-b401-de7df8446db0,4259239.56503776,-278759.237742409
953,1,GIGIRI DISP,4233,EASTERN,MAKUENI,MATILIKU,NZAUI,MATILIKU,SUBLOC CENTROID,4,MISS,-1.961957,37.536239,b9c492ac-bd3f-4985-939e-4925c7440e2c,4178515.01177463,-218446.748555913
954,2,IIANI DISP,0,EASTERN,MAKUENI,KATHONZWENI,KANTHUNI,KANTHUNI,GPS,4,MOH,-1.87324,37.87744,08120008-1bcc-4130-a63a-42a2d05527e5,4216497.33335278,-208565.282534452
955,3,IUANI DISP,0,EASTERN,MAKUENI,KAITI,KILALA,IUANI,HD MAPS,4,MOH,-1.74001,37.5161,06699983-f2ac-497a-8984-cdaefc7001b5,4176273.14854954,-193726.807544429
956,4,KAKO DISP,942,EASTERN,MAKUENI,WOTE,KAKO,KAKO(WOTE),GPS,4,MOH,-1.694532,37.64669,55884957-3933-4e07-843c-d33be6853231,4190810.36085223,-188661.944838549
957,5,KALAMBA  A I C DISP,945,EASTERN,MAKUENI,MATILIKU,KILILI,KILILI,HD MAPS,4,MISS,-1.91328,37.5847,c767ba49-511f-4798-8658-eeface440469,4183909.66561796,-213024.949527702
958,6,KALAWA HEALTH CENTRE,1020,EASTERN,MAKUENI,KALAWA,KALAWA,KALAWA,GPS,3,MOH,-1.64506,37.71162,914e09d7-1561-414c-90fc-3e5887bbe7fe,4198038.33538944,-183152.407248981
959,7,KALI DISP,0,EASTERN,MAKUENI,MBOONI,MBOONI,NZEVENI,GPS,4,MOH,-1.6308,37.391523,e7cc941a-8a90-46f4-84c1-0a1234cb9b65,4162405.30034498,-181564.342441601
960,8,KALII SUB H C,946,EASTERN,MAKUENI,MAKINDU,TWAANDU,KALII,GPS,3,MOH,-2.10167,37.76038,3236750c-6033-46ad-81f9-028f935a58f8,4203466.27376052,-234009.316700365
961,9,KALULINI SUB HEALTH CENTRE,4229,EASTERN,MAKUENI,KIBWEZI,KIKUMBULYU,NGANDANI,GPS,3,MOH,-2.34879,37.99387,772693f9-191b-4851-9e92-e3f2486e3309,4229458.26166584,-261539.370636605
962,149,KAMBU MISS DISPENSARY,949,EASTERN,MAKUENI,MTITO ANDEI,NZAMBANI,MUTHINGIINI,HD MAPS,4,MISS,-2.58517,38.0651,e35acf22-49f6-4897-aad7-7b761aaf4526,4237387.54899504,-287877.500941939
963,10,KAMUTHINI A B C DISP,0,EASTERN,MAKUENI,KILOME,KITAINGO,KIONGWANI,GPS,4,MISS,-1.87094,37.30416,a5a2002d-9a2b-49a0-b5a5-40ef65c959dd,4152680.09567081,-208309.110973518
964,11,KANYUNGU DISP,0,EASTERN,MAKUENI,KIBWEZI,KIKUMBULYU,KATHYAKA,GPS,4,MOH,-2.2884,38.07515,c383cf33-18c7-4410-9bd0-801ebc7cdc17,4238506.30987752,-254811.278106892
965,12,KANZOKEA COMMUNITY DISP,0,EASTERN,MAKUENI,KATHONZWENI,KITHUKI,KIMUNDI,GPS,4,MOH,-1.92433,37.7965,70563c1a-2c74-464f-9025-f2fe077c1100,4207487.13376797,-214255.720020169
966,13,KASIKEU DISP,950,EASTERN,MAKUENI,KASIKEU,KASIKEU,KASIKEU,GPS,4,MOH,-1.94467,37.38147,59c252cd-f819-4fe9-b539-fdac0593f721,4161286.20550404,-216521.249666448
967,14,KATHONZWENI MISSON DISP,2908,EASTERN,MAKUENI,KATHONZWENI,KATHONZWENI,ITUKA,GPS,4,MISS,-1.91107,37.73206,0f41d06e-9b33-4249-bbad-94dfc8b8d36e,4200313.70578125,-212778.79638219
968,15,KATHONZWENI SUB H C,952,EASTERN,MAKUENI,KATHONZWENI,KATHONZWENI,ITUKA,GPS,3,MOH,-1.91277,37.72884,73bc4f99-15b0-4cd1-91da-669757f36339,4199955.2570209,-212968.144927527
969,16,KATHULUMBI SUB H C,953,EASTERN,MAKUENI,KALAWA,KATHULUMBI,KATHULUMBI,GPS,3,MOH,-1.73039,37.78815,8d94c776-526d-488a-863b-99c183d0b8c1,4206557.61601984,-192655.422753802
970,17,KATHYAKA DISP,4693,EASTERN,MAKUENI,KIBWEZI,KIKUMBULYU,NGULU,GPS,4,MOH,-2.26236,37.98967,028590c8-9d46-445e-8ea9-faca7bd4e018,4228990.71980451,-251910.231203925
971,18,KATULYE CATHOLIC DISP,0,EASTERN,MAKUENI,KILUNGU,ILIMA,KYAMUOSO,HD MAPS,4,MISS,-1.84824,37.4502,02df3efd-c07f-4f5f-8110-5283f0594c36,4168937.19410626,-205780.826998471
972,19,KAUMBUU DISP,4691,EASTERN,MAKUENI,KALAWA,ATHI,MIANGENI(MAKUENI),DSA/DFH(MOH)-UNFPA REPORT,4,MOH,-1.62675,37.7586,a3cf0a0b-c701-4b25-b0e6-382beb9d8cd2,4203268.12506691,-181113.316273984
973,20,KIANGINI CHANDARIA DIS,4228,EASTERN,MAKUENI,KATHONZWENI,MBUVO,KIANGINI,GPS,4,MOH,-2.06983,37.76875,78b51ded-4287-43c4-84a7-de124d5c395f,4204398.01789846,-230462.554254333
974,21,KIBOKO DISP,253,EASTERN,MAKUENI,MAKINDU,KIBOKO,KAASUVI,GPS,4,MOH,-2.24791,37.72598,31ebcb64-f606-4d05-b476-998068476e82,4199636.88327723,-250300.417779175
975,22,KIBWEZI HEALTH CENTRE,1023,EASTERN,MAKUENI,KIBWEZI,KIKUMBULYU,MIKUYUNI(MAKUENI),GPS,3,MOH,-2.4096,37.96676,90900ff8-fa2e-41e1-97b2-5a1ece50e9af,4226440.39027044,-268314.54959849
976,23,KIBWEZI MISSION DISP,958,EASTERN,MAKUENI,KIBWEZI,KIKUMBULYU,MIKUYUNI(MAKUENI),HD MAPS,4,MISS,-2.37591,37.944,902b418a-32d9-4320-bb79-12d86978c516,4223906.75865998,-264560.923177323
977,24,KIKOKO MISSION HOSPITAL,1039,EASTERN,MAKUENI,KILUNGU,KIKOKO,KALONGO,GPS,1,MISS,-1.80375,37.39525,410e860d-b2b4-41e7-a761-538cc1474a46,4162820.18808717,-200825.706550382
978,25,KIKUMINI HEALTH CENTRE,959,EASTERN,MAKUENI,NGUU,ITHUMBA,KIKUMINI(ITHUMBA),GPS,3,MOH,-2.04329,37.57379,2e8549f9-f19f-40a9-aace-18b2bf20ba7d,4182695.1699734,-227506.230740981
979,26,KILALA DISP,960,EASTERN,MAKUENI,KAITI,KILALA,KILALA(MAKUENI),GPS,4,MOH,-1.76347,37.55475,6990b05e-219f-4e18-a35f-b96f10e25161,4180575.6468687,-196339.583863867
980,27,KILILI SHC,3524,EASTERN,MAKUENI,MATILIKU,KILILI,KILILI,GPS,4,MOH,-1.91461,37.59446,2bda6b54-f955-475f-9c11-0de109cf7d71,4184996.14384809,-213173.087093916
981,28,KILUNGU DISP,961,EASTERN,MAKUENI,KILUNGU,KITHEMBE,KAUTI(MAKUENI),ILRI MKT CENTRES,4,MISS,-1.792228,37.360804,8f23b7b1-c547-4f88-b140-d3be27742aa5,4158985.6769073,-199542.451580396
982,29,KISAU HEALTH CENTRE,965,EASTERN,MAKUENI,KISAU,KISAU,MANGANI,GPS,3,MOH,-1.62502,37.55719,2c63af69-d85b-4c0b-acb7-73684069a0ed,4180847.26642623,-180920.655989609
983,30,KISAYANI CCDP DISP,0,EASTERN,MAKUENI,KIBWEZI,KIKUMBULYU,KATHYAKA,GPS,4,NGO,-2.32084,38.01579,b2f13e67-72c4-45bd-905f-754994c00f5c,4231898.38490403,-258425.405702506
984,31,KITETA DISP,0,EASTERN,MAKUENI,KISAU,KITETA,KAKUSWI,HD MAPS,4,MOH,-1.55925,37.5373,a2a4c477-3bc6-444d-a5f1-ec822eb05885,4178633.12175436,-173596.345042558
985,32,KITHUKI DISP,970,EASTERN,MAKUENI,KATHONZWENI,KITHUKI,KITHUKI,GPS,4,MOH,-1.98943,37.85507,643ba2f7-6520-4298-b2bf-478258a89c40,4214007.11634373,-221506.848055106
986,33,KITHYULULU DISP,4323,EASTERN,MAKUENI,KIBWEZI,MASONGALENI,ULILINZI,GPS,4,MOH,-2.39693,38.17197,82bc177f-a9ad-464e-a262-189e382aee2e,4249284.26297612,-266902.890011041
987,34,KITISE HEALTH CENTRE,1024,EASTERN,MAKUENI,KATHONZWENI,KITISE,KITISE(MAKUENI),GPS,3,MOH,-2.05631,37.87693,4040ea06-bb1a-448a-9095-20e6483c5c96,4216440.56041248,-228956.538543301
988,35,KITUNDU SDA DISP,4236,EASTERN,MAKUENI,MBOONI,KITHUNGO,NGAI,HD MAPS,4,MISS,-1.73051,37.4886,29cb9fc7-6f1a-443e-8fac-adbbd1e495b5,4173211.86255272,-192668.787187508
989,36,KIU A I C DISP,4354,EASTERN,MAKUENI,KILOME,KIIMA-KIU,NGAAMBA,GPS,4,MISS,-1.89677,37.17254,bbfc223c-3a73-45ed-b853-f578c419024e,4138028.2242926,-211186.048375568
990,37,KWAKAVISI DISP,977,EASTERN,MAKUENI,KATHONZWENI,KATHONZWENI,KWAKAVISI,HD MAPS,4,MOH,-2.00468,37.7102,432208b9-61bc-4d19-bebe-dda2cdea79b1,4197880.26171251,-223205.502023967
991,38,KYAANI DISP,4454,EASTERN,MAKUENI,KIBWEZI,UTITHI,UTITHI,GPS,4,MOH,-2.55381,37.97803,2a3c81f7-07f1-4926-9ac0-096c692f9fca,4227694.96093167,-284383.008247857
992,39,KYALUMA DISP,0,EASTERN,MAKUENI,KALAWA,KALAWA,MBUKONI,DSA/DFH(MOH)-UNFPA REPORT,4,MOH,-1.6711,37.6718,831124c8-3f56-4380-9e06-25b49ea8264b,4193605.59326605,-186052.381040055
993,40,KYAMBEKE DISP,978,EASTERN,MAKUENI,KILUNGU,ILIMA,NDOLO,GPS,4,MOH,-1.84555,37.42121,18cba386-edd9-44eb-bfb8-17ad414b1408,4165710.04206816,-205481.221928392
994,41,KYUASINI DISP,4232,EASTERN,MAKUENI,KAITI,OKIA,KYUASINI,GPS,4,MOH,-1.78771,37.4701,607226e4-e77a-4dd5-ae5b-f5bd4f4784bc,4171152.45197305,-199039.264587873
995,42,MAKINDU CATHOLIC DISP,984,EASTERN,MAKUENI,MAKINDU,MAKINDU,MANYATTA(MAKUENI),GPS,4,MISS,-2.26251,37.82758,a73f1106-a779-4602-ae7e-016d14de4650,4210946.94354183,-251926.942153865
996,43,MAKINDU SUB-DISTRICT HOSPITAL,1041,EASTERN,MAKUENI,MAKINDU,MAKINDU,MANYATTA(MAKUENI),GPS,1,MOH,-2.28127,37.82413,9cc0dbcf-7f02-4552-a986-dddc37d12823,4210562.89129859,-254016.938622963
997,44,MAKUENI CATHOLIC DISP,985,EASTERN,MAKUENI,WOTE,WOTE,UNOA,DSA/DFH(MOH)-UNFPA REPORT,4,MISS,-1.82537,37.6139,05f233b2-6fc6-400a-9941-51384bb7fa1c,4187160.19474912,-203233.641424228
998,45,MAKUENI DISTRICT HOSPITAL,1042,EASTERN,MAKUENI,WOTE,WOTE,UNOA,GPS,1,MOH,-1.78103,37.62703,16c3de6a-9ac8-450c-ab9a-fc17063ade1d,4188621.81966323,-198295.289629447
999,46,MASONGALENI HEALTH CENTRE,1026,EASTERN,MAKUENI,KIBWEZI,MASONGALENI,MASIMBANI,GPS,3,MOH,-2.36843,38.12828,54f4af0f-30e9-47a5-8bf1-24d03047746a,4244420.71442336,-263727.53921912
1000,47,MASUMBA DISP,4234,EASTERN,MAKUENI,NGUU,ITHUMBA,MASUMBA,GPS,4,MOH,-2.02439,37.61894,74f4b658-e769-4f18-96d2-7d713dbc211c,4187721.24498272,-225400.966123747
1001,3,DABEL DISP,3377,EASTERN,MOYALE,GOLBO,DABEL,DABEL,DDP,4,MISS,3.104744,39.252721,73506d99-e37d-4ddd-99fd-3fa30df27b28,4369592.91397044,345787.787637183
1002,4,DAMBALA FACHANA DISP,1049,EASTERN,MOYALE,OBBU,DAMBALA FACHANA,DAMBALA FACHANA,1:50000 MAPS,4,MOH,3.42123,38.83231,44d236c1-413c-4e9a-862d-f1f00606f62b,4322792.97552655,381076.102688686
1003,48,MATILIKU CATHOLIC DISP,0,EASTERN,MAKUENI,MATILIKU,NZAUI,MATILIKU,HD MAPS,4,MISS,-1.98098,37.5495,0ae57e47-469f-41a2-9000-23db59b5ddfb,4179991.21954203,-220565.633445211
1004,107,PUMWANI DISP,47,NAIROBI,NAIROBI,PUMWANI,EASTLEIGH NORTH,EASTLEIGH NORTH,GPS,4,LA,-1.27777,36.84565,0b4fbde6-76ca-4ad1-90ba-ec5ddba776fc,4101638.99594718,-142252.497731662
1005,5,GODOMA DISP,1052,EASTERN,MOYALE,GOLBO,GODOMA,GODOMA DIDIGO,DDP,4,MOH,3.42103,39.277306,50046bc1-9825-4e64-be50-461ff5d2d816,4372329.7036516,381053.799042945
1006,109,RHODES AVENUE & CHEST & T. HEALTH CENTRE,48,NAIROBI,NAIROBI,CENTRAL,STAREHE,CITY SQUARE,GPS,3,LA,-1.28894,36.82251,f8d5cb83-9e70-49d7-9c67-1cc81acfe3f8,4099063.06293023,-143496.248430664
1007,6,GOLOLE DISP,3379,EASTERN,MOYALE,URAN,GOLOLE,GOLOLE,1:50000 MAPS,4,MOH,3.572321,38.57231,914697c3-5562-4eef-8d52-b7c97c6477f6,4293849.9079203,397926.852960452
1008,49,MATILIKU HEALTH CENTRE,1027,EASTERN,MAKUENI,MATILIKU,NZAUI,MATILIKU,GPS,3,MOH,-1.94649,37.53499,6538c8e9-38a1-493f-8f1a-e34a7ac2251a,4178375.97373062,-216723.968001941
1009,7,MOYALE DISTRICT HOSPITAL,1069,EASTERN,MOYALE,CENTRAL,BUTIYE,BUTIYE,DDP,1,MOH,3.499712,39.026077,0c091a5a-0b2c-4c6f-ad86-eb2631ed6ba5,4344363.01929909,389828.638335657
1010,110,RIRUTA CATHOLIC DISP,117,NAIROBI,NAIROBI,DAGORETTI,KAWANGWARE,KAWANGWARE,1:50000 MAPS,4,MISS,-1.27883,36.73649,eeb65be9-eb98-4112-a46b-db0cb4922be3,4089487.36033219,-142370.525765525
1011,8,SOLOLO MISS. HOSPITAL,1070,EASTERN,MOYALE,OBBU,SOLOLO MAKUTANO,SOLOLO MAKUTANO,DDP,1,MISS,3.288957,38.672035,9b76d683-5fb7-4fa8-b8a7-32176eb60a4e,4304951.24413966,366326.255205918
1012,50,MAVINDINI HEALTH CENTRE,989,EASTERN,MAKUENI,KATHONZWENI,MAVINDINI,MAVINDINI,GPS,3,MOH,-1.81798,37.78557,89b0bcc0-0f60-4d81-90cc-3f7d3ae1067d,4206270.4117336,-202410.574413693
1013,111,RIRUTA HEALTH CENTRE,144,NAIROBI,NAIROBI,DAGORETTI,KAWANGWARE,KAWANGWARE,GPS,3,LA,-1.28405,36.74052,e8631a64-5061-4df5-a5ca-b2a4cc276434,4089935.97788009,-142951.758870552
1014,9,TURBI DISP,4307,EASTERN,MOYALE,URAN,GOLOLE,KAR BURURI,ILRI VILLAGES,4,MISS,3.57,38.6,2303ae46-7b94-4264-ab19-22ca3ffa0d39,4296932.34462037,397667.977740275
1015,115,SHAURI MOYO DISP,51,NAIROBI,NAIROBI,PUMWANI,KAMUKUNJI,SHAURI MOYO,GPS,4,LA,-1.28729,36.84511,08196210-a9f1-47e3-a90c-a3093a653ea3,4101578.88342216,-143312.524842773
1016,51,MBENUU DISP,4235,EASTERN,MAKUENI,MBITINI,KYEMUNDU,KYEMUNDU,GPS,4,MOH,-1.96252,37.47643,d143c5f1-3ecd-4a12-8c69-8ca5d2786c55,4171857.10434977,-218509.458201482
1017,10,URAN DISP,1063,EASTERN,MOYALE,URAN,GOLOLE,KAR BURURI,DDP,4,MOH,3.610375,38.563988,922c8256-3900-4d11-ae55-c4f0b3fb2331,4292923.50711792,402171.340270899
1018,116,SHAURI MOYO SDA DISP NAIROBI,120,NAIROBI,NAIROBI,PUMWANI,KAMUKUNJI,SHAURI MOYO,DISTRICT ESTIMATES,4,MISS,-1.29,36.85,7543f0c1-994a-45df-9017-48c174e0efb5,4102123.23573214,-143614.27698022
1019,52,MBIITINI MISS DIS,990,EASTERN,MAKUENI,MBITINI,MULALA,ITETA,HD MAPS,4,MISS,-2.02343,37.4977,7529bcd1-a624-4fcc-b066-ce5752376d6b,4174224.86991894,-225294.03270497
1020,11,WALDA DISP,4306,EASTERN,MOYALE,URAN,URAN,LATAKA,DDP,4,MISS,3.604252,38.448367,1d91fc2b-eb24-420b-828d-18332bf3ddbf,4280052.63627291,401488.377878762
1021,118,SOWETO/KAYOLE DISP,3352,NAIROBI,NAIROBI,EMBAKASI,KAYOLE,KAYOLE,GPS,4,LA,-1.26916,36.91808,be27ac03-8510-47cc-8311-2cb2c0ebed2c,4109701.86666534,-141293.800125477
1022,53,MBOONI  SDH,1028,EASTERN,MAKUENI,MBOONI,MBOONI,MUTITU(MAKUENI),GPS,1,MOH,-1.65649,37.45319,54713737-57f1-4495-8ee7-102e7c002186,4169270.03938373,-184425.317315748
1023,119,SPECIAL STD DISP,122,NAIROBI,NAIROBI,CENTRAL,STAREHE,CITY CENTRE,GPS,4,MOH,-1.27904,36.82471,6c12e194-b5b5-42a7-ba7f-57abc5b966ff,4099307.96580997,-142393.908683675
1024,54,MBOONI A I C DISP,992,EASTERN,MAKUENI,TULIMANI,TULIMANI,MAVINDU,HD MAPS,4,MISS,-1.61115,37.4126,0a88a523-7f8d-405f-9149-2962db1a0ebe,4164751.58125243,-179376.03873546
1025,1,AIC KYOME DISP,3664,EASTERN,MWINGI,MIGWANI,KYOME,KYOME,DSA/DFH(MOH)-UNFPA REPORT,4,MISS,-1.06716,38.0502,7e2ae6a8-383d-4891-b1d4-ff75f9c1b545,4235728.88858223,-118802.576912965
1026,55,MBYANI CATHOLIC DISP,0,EASTERN,MAKUENI,MATILIKU,KITHUMBA,KITHUMBA,HD MAPS,4,MISS,-1.91376,37.4747,050de061-1711-4bff-93a5-4e2cbc8826f6,4171664.52163069,-213078.412696246
1027,124,STATE HOUSE DISP,124,NAIROBI,NAIROBI,WESTLANDS,KILIMANI,KILIMANI(NAIROBI),GPS,4,MOH,-1.28435,36.79915,b9fe4141-d8e3-4c79-adf5-80b7f39c13a7,4096462.6396253,-142985.163108009
1028,2,C.P.K. MWINGI DISP,0,EASTERN,MWINGI,CENTRAL,MWINGI,KYANIKA(MWINGI),ILRI MKT CENTRES,4,MISS,-0.926,38.06,dab0e64e-60c2-4426-96c7-121bcf371b6d,4236819.819592,-103086.336300631
1029,125,STATE HOUSE ROAD DISP,53,NAIROBI,NAIROBI,WESTLANDS,KILIMANI,KILIMANI(NAIROBI),GPS,4,LA,-1.27623,36.80337,0ca269a0-352e-497b-a92b-6fa36834943a,4096932.40787644,-142081.023127721
1030,3,ENZIU DISP,875,EASTERN,MWINGI,CENTRAL,MWINGI,ENZIU,1:50000 MAPS,4,MOH,-0.91254,38.16231,df5ff832-9fc7-4a2f-b1f4-b77c55d65dcc,4248208.91669506,-101587.783077074
1031,56,MERCY SISTERS  DISP,1014,EASTERN,MAKUENI,MTITO ANDEI,NZAMBANI,MUTHINGIINI,GPS,4,MISS,-2.59459,38.07439,0cf3af45-4204-45e7-85c2-0bec331a84b8,4238421.70706451,-288927.20274693
1032,126,UHURU AP CAMP DISP,3333,NAIROBI,NAIROBI,DAGORETTI,KENYATTA/GOLF COURSE,KENYATTA,GPS,4,MOH,-1.29582,36.80617,4f8e3df3-6acd-42b8-adad-cddd6e10ed09,4097244.10245067,-144262.321403135
1033,4,KALILUNI DISP,0,EASTERN,MWINGI,MIGWANI,MIGWANI,KALILUNI(MWINGI),DSA/DFH(MOH)-UNFPA REPORT,4,MOH,-1.08153,37.99,50a83b84-6ca8-4395-8b90-1001310063a4,4229027.45523647,-120402.519257208
1034,57,MTITO ANDEI HEALTH CENTRE,1001,EASTERN,MAKUENI,MTITO ANDEI,MTITO-ANDEI,KATHEKANI,GPS,3,MOH,-2.671688,38.16549,1b2b59cf-16f8-4714-ad77-343ff7dfd434,4248562.91267578,-297518.784787573
1035,127,ULINZI HOUSE MIR DISP,99,NAIROBI,NAIROBI,WESTLANDS,KILIMANI,KILIMANI(NAIROBI),GPS,4,MOH,-1.28994,36.79868,5d1dea1b-a9ee-4919-b4f1-b844bbff01b6,4096410.31946463,-143607.596117611
1036,5,KALISASI DISP,4585,EASTERN,MWINGI,CENTRAL,MWINGI,KAVUVWANI,DSA/DFH(MOH)-UNFPA REPORT,4,MOH,-0.979063,38.0525,d1740f9a-0795-479c-98b4-7efad6f714ac,4235984.92341105,-108994.099039556
1037,58,MUKAA  A I C SUB-HEALTH CENTRE,996,EASTERN,MAKUENI,KILOME,MUKAA,KILOME,GPS,3,MISS,-1.83217,37.32611,d628d65d-6a66-4da1-8525-5c6199fb8626,4155123.55849372,-203990.999713396
1038,6,KANYONGA DISP,3796,EASTERN,MWINGI,CENTRAL,KANZANZU,MATHYAKANI(CENTRAL),DSA/DFH(MOH)-UNFPA REPORT,4,MOH,-0.979063,38.1075,22d1eec5-2e4f-4b54-a7b6-5b531e979564,4242107.49540468,-108994.099039556
1039,128,UMOJA HEALTH CENTRE,145,NAIROBI,NAIROBI,EMBAKASI,UMOJA,UMOJA,GPS,3,LA,-1.27931,36.88726,d5a81beb-5c50-47d7-82ec-0e99e39a18e6,4106270.99995909,-142423.972438397
1040,59,MUKUYUNI HEALTH CENTRE,997,EASTERN,MAKUENI,KAITI,OKIA,MUKUNYUNI,GPS,3,MOH,-1.74542,37.45857,de62dd83-e20f-4080-b9a8-40699ac9f770,4169868.9382442,-194329.32467472
1041,7,KATALAWA DISP,3776,EASTERN,MWINGI,CENTRAL,MUMBUNI,KISOVO,DSA/DFH(MOH)-UNFPA REPORT,4,MOH,-1.06166,38.1163,87a71da7-eea6-4c09-9ae9-1277d3ae9515,4243087.10692366,-118190.214046461
1042,130,UTALII COLLEGE DISP,2641,NAIROBI,NAIROBI,KASARANI,RUARAKA,UTALII,GPS,4,MOH,-1.25503,36.85362,219eff62-7c10-44c1-9c01-74970753b014,4102526.21228881,-139720.474027252
1043,8,KATSE DISP,882,EASTERN,MWINGI,MUUMONI,KATSE,KAMATHITU,DSA/DFH(MOH)-UNFPA REPORT,4,MOH,-0.52534,38.0723,adadd1f8-b061-4f28-abc3-e69fd510c8aa,4238189.04932875,-58481.4007108322
1044,132,WAITHAKA HEALTH CENTRE,147,NAIROBI,NAIROBI,DAGORETTI,WAITHAKA,WAITHAKA,GPS,3,LA,-1.27885,36.71516,23c9fab4-03c4-49ff-b205-61a72ca42645,4087112.91559357,-142372.752710029
1045,2,CHUKA HOSPITAL,1179,EASTERN,SOUTH MERU,CHUKA,KIANG'ONDU,KIANG'ONDU,1:50000 MAPS,1,MOH,-0.32748,37.645496,bf371d65-ce0b-4057-9d72-b42223994b08,4190677.44538022,-36455.1053322169
1046,60,MULALA DISP,0,EASTERN,MAKUENI,MBITINI,MULALA,ITETA,ILRI VILLAGES,4,MISS,-2.02,37.48,19055134-ef2f-464c-a7de-f37f973ae32f,4172254.5149319,-224911.969027698
1047,9,KIMANGAO HEALTH CENTRE,921,EASTERN,MWINGI,KYUSO,KIMANGAO,KIMU,DSA/DFH(MOH)-UNFPA REPORT,3,MISS,-0.538555,38.1472,eb19eef8-0a08-4965-925f-0fc8162b48bd,4246526.87918917,-59952.5511888692
1048,133,WESTLANDS DISP,54,NAIROBI,NAIROBI,WESTLANDS,PARKLANDS,UPPER PARKLANDS,GPS,4,LA,-1.25851,36.79847,7b2c9561-427c-43cd-a59c-57f788446a13,4096386.94237156,-140107.95906771
1049,61,MUMBUNI DISP,4231,EASTERN,MAKUENI,WOTE,WOTE,ITAA,HD MAPS,4,MOH,-1.92721,37.6245,28485db4-070e-4ca1-b074-876c536d4e76,4188340.18135153,-214576.501330137
1050,3,ERUMA DISP - NGURUKI DISP,1075,EASTERN,SOUTH MERU,MWIMBI,MAARA,IRUMA,1:50000 MAPS,4,MISS,-0.21578,37.677928,8e5d688b-4db9-4d6d-8c27-f5faeda012b3,4194287.75910563,-24020.5765052508
1051,10,KITHUMULA CURRAN DISP,4587,EASTERN,MWINGI,MIGWANI,MIGWANI,MUIVU,ILRI VILLAGES,4,MISS,-1.15,38.01,7f2bf423-37ce-455c-86a1-3ff6886d6024,4231253.84505233,-128026.010720102
1052,135,WESTLANDS HEALTH CENTRE,148,NAIROBI,NAIROBI,WESTLANDS,PARKLANDS,UPPER PARKLANDS,GPS,3,LA,-1.260665,36.801751,a2acd2b1-9cc0-42a7-8396-594ad58d6cd8,4096752.18162085,-140347.910551608
1053,62,MUMO A I C  HEALTH CENTRE,3219,EASTERN,MAKUENI,KATHONZWENI,MBUVO,KITULUNI(MAKUENI),GPS,3,MISS,-2.00975,37.77224,ec640e79-1804-4d4d-ace8-137f2a2f6f8f,4204786.52292133,-223770.238350927
1054,4,GAATIA (PCEA) DISP,1076,EASTERN,SOUTH MERU,MWIMBI,CHOGORIA,CHOGORIA,ILRI MKT CENTRES,4,MISS,-0.227369,37.627467,7c8331aa-6934-4c2a-9052-8ed136ab7713,4188670.46628071,-25310.6677330745
1055,11,KITISE DISP,3093,EASTERN,MWINGI,NUU,KALITINI,KITISE(MWINGI),DSA/DFH(MOH)-UNFPA REPORT,4,MOH,-1.02311,38.243,d3c74a6a-5e6a-452a-8298-972fb10b7bfc,4257191.28640717,-113898.137304002
1056,136,WILSON AIRPORT DISP,3337,NAIROBI,NAIROBI,KIBERA,NAIROBI WEST,NAIROBI WEST,GPS,4,MOH,-1.30921,36.80738,840e75c0-25a6-4595-8fc9-64e167520c26,4097378.79903453,-145753.274631934
1057,63,MUTEMBUKU SUB HEALTH CENTRE,654,EASTERN,MAKUENI,KALAWA,KATHULUMBI,MUTEMBUKU,GPS,3,MOH,-1.69642,37.81112,2f4e5ebd-3217-4989-9458-b09c85903424,4209114.62472337,-188872.208090553
1058,6,IKUMBO (PCEA) DISP,2524,EASTERN,SOUTH MERU,MWIMBI,GANGA,MUGUMANGO,ILRI VILLAGES,4,MISS,-0.27,37.73,df7cd680-d063-4046-8ddc-3ed3f51f3ed3,4200084.38763022,-30056.373756076
1059,12,KITUI ROAD N.Y.S. DISP,0,EASTERN,MWINGI,NGUNI,UKASI,UKASI,1:50000 MAPS,4,MOH,-0.782321,38.48241,18fafed0-b836-456a-9b98-adfd6204bc16,4283842.28569799,-87090.2814946528
1060,137,WOODLEY DISP,55,NAIROBI,NAIROBI,DAGORETTI,KENYATTA/GOLF COURSE,WOODLEY,GPS,4,LA,-1.30227,36.77706,2f45b447-c164-4561-8dba-5d57ff87568e,4094003.59207368,-144980.516704423
1061,64,MUTYAMBUA SUB HEALTH CENTRE,1003,EASTERN,MAKUENI,MBITINI,MUTYAMBUA,MUTISWA,GPS,3,MOH,-1.94467,37.44551,c501e086-ceb3-403e-a59a-75e26e1369da,4168415.10569444,-216521.249666448
1062,7,IKUU DISP,3443,EASTERN,SOUTH MERU,MAGUMONI,KABUBONI,KANYAKINI,1:50000 MAPS,4,MISS,-0.372752,37.6561,33d3d760-375b-48ee-86ba-ed71531ef4ef,4191857.87726059,-41494.8555432985
1063,13,KONYU DISP,4196,EASTERN,MWINGI,MUUMONI,KATSE,KONYU,DSA/DFH(MOH)-UNFPA REPORT,4,MOH,-0.479087,38.0282,68832021-0c03-474d-b3c3-fb43c7e9f8ce,4233279.85978477,-53332.3423632227
1064,1,ABIDHA HC,1343,NYANZA,BONDO,RARIEDA,EAST ASEMBO,OMIA MWALO,GPS,3,MOH,-0.15902,34.41064,790a950a-9df5-43e6-be28-0c2719babc13,3830574.92267066,-17702.0481523478
1065,65,MUUA RURAL HEALTH CENTRE,0,EASTERN,MAKUENI,KILOME,KITAINGO,KIONGWANI,HD MAPS,3,MISS,-1.89966,37.3093,a3dbfd2f-0ca0-47cf-b531-af10d02dd34a,4153252.27785349,-211507.938341634
1066,8,IRIGA DISP,1085,EASTERN,SOUTH MERU,MUTHAMBI,MUTHAMBI,IRIGA,DHMT,4,MISS,-0.27,37.61,fc041521-56bd-4ed2-be22-faf578f381f0,4186726.04873503,-30056.373756076
1067,2,ANYUONGI DISP,0,NYANZA,BONDO,BONDO,SOUTH SAKWA,EAST MIGWENA,GPS,4,MOH,-0.17618,34.27613,178b56ff-4e2c-4cc4-b008-701b53b35321,3815601.33796406,-19612.2987941473
1068,66,MWANYANI HC,1004,EASTERN,MAKUENI,MBITINI,MULALA,MAATHA,GPS,4,MOH,-2.02779,37.51138,391656aa-c67d-4f5f-a010-f05be50ff9ee,4175747.72055299,-225779.689158135
1069,14,KYAENI DISP,4584,EASTERN,MWINGI,CENTRAL,KIOMO,KIOMO,1:50000 MAPS,4,MOH,-0.93231,37.98253,74e7b201-bc32-4ef0-a2ca-15690d133044,4228195.89864024,-103788.854661787
1070,9,ITUGURURU DISP,4129,EASTERN,SOUTH MERU,IGAMBANG'OMBE,ITUNGURURU,MBOGONI,1:50000 MAPS,4,MISS,-0.415323,37.7083,33da00cf-6dc8-4b03-9dc2-5f23c253f0e3,4197668.75468,-46233.9497659384
1071,3,ARO COMMUNITY HOSP.,0,NYANZA,BONDO,BONDO,NORTH SAKWA,BAR CHANDO,GPS,1,NGO,-0.06953,34.35579,516f99aa-d524-4668-98d2-c3c5c8fbd77a,3824469.04860065,-7740.04609457775
1072,67,MWEINI DISP,247,EASTERN,MAKUENI,NGUU,MWEINI,MWEINI,GPS,4,MOH,-2.06572,37.68008,a08436cb-5389-4c73-8615-42c8f4504f5e,4194527.31864982,-230004.733034646
1073,16,KYUSO G. K. PRISON DISP,0,EASTERN,MWINGI,KYUSO,KYUSO,GAI,1:50000 MAPS,4,MOH,-0.592321,38.192324,c9c24b11-64c6-42b3-9349-eb825696093a,4251550.05989173,-65938.0466187875
1074,10,KAANWA DISP,1088,EASTERN,SOUTH MERU,CHUKA,KARINGANI,KARONGONI,ILRI MKT CENTRES,4,MISS,-0.318921,37.716311,a2c1c684-ea66-44a9-bc7f-6f28838a673c,4198560.53512075,-35502.3066506884
1075,68,NGAI DISP,1008,EASTERN,MAKUENI,MBOONI,KITHUNGO,NGAI,HD MAPS,4,MOH,-1.7158,37.4947,c8d2be71-7f79-4435-acb8-b730b4831114,4173890.91144656,-191030.536639248
1076,4,BONDO DISTRICT HOSPITAL,1367,NYANZA,BONDO,BONDO,BONDO TOWNSHIP,NYAWITA(BONDO),GPS,1,MOH,-0.09021,34.2745,cc526e89-1a76-4704-be18-7ffa5a8aaec5,3815419.88719406,-10042.135413415
1077,11,KAARE CCM DISP,3621,EASTERN,SOUTH MERU,MWIMBI,KIERA,MAGUTUNI,DHMT,4,MISS,-0.17,37.77,78a7da03-52ff-4950-a4d8-47c4ec00e8af,4204537.16726195,-18924.3412014345
1078,17,KYUSO HEALTH CENTRE,891,EASTERN,MWINGI,KYUSO,KYUSO,GAI,DSA/DFH(MOH)-UNFPA REPORT,3,MISS,-0.569391,38.2176,76da9099-a060-4b87-b6fe-9caeefbab7c7,4254363.77134102,-63385.3595014989
1079,5,GOBEI DISP,2467,NYANZA,BONDO,BONDO,BONDO TOWNSHIP,NYAWITA(BONDO),GPS,4,MOH,-0.09021,34.2905,22e91078-025d-47df-9ef4-e79a4190fa30,3817200.99904675,-10042.135413415
1080,69,NGILUNI DISP,0,EASTERN,MAKUENI,MTITO ANDEI,MTITO-ANDEI,KATHEKANI,GPS,4,MOH,-2.66435,38.29079,7f45dd32-c1e7-48c5-9962-b95ccad9ad79,4262511.24487218,-296701.035934395
1081,12,KAARE PCEA DISP,1089,EASTERN,SOUTH MERU,MWIMBI,KIERA,MAGUTUNI,DHMT,4,MISS,-0.19,37.77,5f7cb8c6-d14b-445d-9ad7-2320332127fd,4204537.16726195,-21150.7420154393
1082,18,KYUSO SUB-DISTRICT HOSP,4204,EASTERN,MWINGI,KYUSO,KIMANGAO,KIMANGAO,1:50000 MAPS,1,MOH,-0.53231,38.16232,b3b66eb6-b6bb-4789-a265-34b0270eaa89,4248210.02988997,-59257.3306118805
1083,13,KAJIAMPAU DISP,1091,EASTERN,SOUTH MERU,IGAMBANG'OMBE,MUTINO,MUTINO,1:50000 MAPS,4,MISS,-0.311828,37.8508,fca73a0e-cf70-4656-be13-150590900e5d,4213531.78211804,-34712.7055405176
1084,70,NGWATA SUB HEALTH CENTRE,1011,EASTERN,MAKUENI,MTITO ANDEI,NGWATA,MUKANGE,GPS,3,MOH,-2.52758,38.04904,df700982-a1ba-4d18-9a91-f0d396e674e1,4235599.7579729,-281460.224848785
1085,6,GOT AGULU HEALTH CENTRE,1346,NYANZA,BONDO,USIGU,WEST YIMBO,GOT AGULU,GPS,3,MOH,-0.0341,34.0248,4f23ad9b-8747-48b9-bd48-a1f98ed12770,3787623.41034298,-3795.99486014519
1086,19,MASYUNGWA DISP,4580,EASTERN,MWINGI,TSEIKURU,MUSYUNGWA,KATHIANI(MWINGI),DSA/DFH(MOH)-UNFPA REPORT,4,MOH,-0.379401,38.3313,d53e9d21-ee31-4954-bc09-12b3d9d4ea5b,4267020.79744421,-42235.0347825605
1087,14,KAMBANDI DISP,1095,EASTERN,SOUTH MERU,CHUKA,MUIRU,MUIRU,1:50000 MAPS,4,MISS,-0.352703,37.668919,0e29b219-2121-4a35-8847-ce48a79ed640,4193284.88181308,-39262.9663353275
1088,71,NTHONGONI DISP,3523,EASTERN,MAKUENI,MTITO ANDEI,NTHONGONI,MANGELETE,GPS,4,MOH,-2.70281,38.04729,aed8badf-5741-4ac0-9f4c-0b23cd6fe3ac,4235404.94886401,-300987.083994844
1089,7,GOT MATAR DISP,1347,NYANZA,BONDO,USIGU,NORTH YIMBO,NYAMONYE,GPS,4,MOH,-0.0309,34.1315,5e43ead4-5b92-4daf-8c25-1188c5a1038b,3799501.20001063,-3439.77243225334
1090,15,KANJUKI HEALTH CENTRE,1092,EASTERN,SOUTH MERU,IGAMBANG'OMBE,KAJUKI,KAJUKI,1:50000 MAPS,3,MOH,-0.34231,37.83232,be7f42d1-46e9-4f88-8af6-ee32628c2409,4211474.59792818,-38106.0015860328
1091,20,MIGWANI SUB-DISTRICT HOSP,923,EASTERN,MWINGI,MIGWANI,MIGWANI,KALILUNI(MWINGI),DSA/DFH(MOH)-UNFPA REPORT,1,MOH,-1.08919,38.0062,a72b47ee-7054-4a88-8c68-4616cea70458,4230830.83098732,-121255.379573479
1092,72,NUNGUNI SDH,1031,EASTERN,MAKUENI,KILUNGU,KITHEMBE,NDUU(MAKUENI),GPS,1,MOH,-1.78343,37.35991,dd3c93eb-285b-4b36-a1c0-76a1fbb10c2e,4158886.15728254,-198562.585710734
1093,73,NZEENI LIONS DISP,0,EASTERN,MAKUENI,MBITINI,KYEMUNDU,MBELETU,HD MAPS,4,NGO,-1.97433,37.4947,135ff964-ca41-4d67-9036-62fee275b02c,4173890.91144656,-219824.917632243
1094,8,KAGWA DISP,2649,NYANZA,BONDO,MADIANY,WEST UYOMA,KAGWA(BONDO),GPS,4,MOH,-0.22851,34.25665,b2c8da8e-ae30-4de7-b6b9-f9463e84f532,3813432.8342834,-25437.684277207
1095,21,MIVUKONI DISP,894,EASTERN,MWINGI,KYUSO,MIVUKONI,KATUKA,DSA/DFH(MOH)-UNFPA REPORT,4,MOH,-0.407504,38.2154,ec17a392-57da-4a4a-a6b6-1fb3146b51cd,4254118.86846127,-45363.520227232
1096,16,KARIAKOMO MISSION DISP,1102,EASTERN,SOUTH MERU,MWIMBI,GANGA,KIRUMI,DHMT,4,MISS,-0.24,37.68,99cc6fa7-a5a5-4e49-97ab-9fd99645db2f,4194518.41309056,-26716.755919031
1097,9,KAGWA SDA HC,0,NYANZA,BONDO,MADIANY,WEST UYOMA,KAGWA(BONDO),GPS,3,MISS,-0.22469,34.25637,bc2c78a6-4b21-49ce-9303-d79d54754de0,3813401.66482598,-25012.4404966052
1098,74,NZEVENI SUB HEALTH CENTRE,3665,EASTERN,MAKUENI,MTITO ANDEI,NZAMBANI,MUTHINGIINI,GPS,3,MOH,-2.59171,37.99668,4dd1c91b-eb84-421c-a4d5-ea16ce2e999e,4229771.06943497,-288606.273977873
1099,18,KARIMBA DISP,1103,EASTERN,SOUTH MERU,MUTHAMBI,MITHERU,KARIMBA,1:50000 MAPS,4,MISS,-0.298835,37.69,09d01013-93f8-4547-9891-edb7f9469c58,4195631.60799849,-33266.3108557505
1100,22,MUI DISP,895,EASTERN,MWINGI,NUU,MUI,NGILUNI(MWINGI),DSA/DFH(MOH)-UNFPA REPORT,4,MOH,-1.11892,38.2066,b268f7a5-958b-423d-9795-955a2696a322,4253139.25694229,-124565.522596806
1101,75,NZIU SUB HEALTH CENTRE,1012,EASTERN,MAKUENI,MATILIKU,KALAMBA,NZIU,GPS,3,MOH,-1.81368,37.53664,0be1d568-769d-46bc-8c20-7c5ac4e7492a,4178559.65089043,-201931.66011342
1102,10,KAPIYO DISP,4250,NYANZA,BONDO,BONDO,S.W. SAKWA,UTONGA,GPS,4,MOH,-0.08601,34.17491,2fc4ac5a-3b1d-4a99-b66d-75c7ab333e33,3804333.57910596,-9574.59299913915
1103,20,KARONGONI CATHOLIC DISP,2728,EASTERN,SOUTH MERU,CHUKA,KARINGANI,KARONGONI,SUBLOC CENTROID,4,MISS,-0.330064,37.699153,9308cb44-316b-4b48-a06a-0846170e17a1,4196650.51529771,-36742.7596321456
1104,23,MUUMONI DISP,898,EASTERN,MWINGI,MUUMONI,KAKUYU,IKONGO,DSA/DFH(MOH)-UNFPA REPORT,4,MOH,-0.571593,37.9434,bb26e355-c4df-4a8d-aa72-5d917c582df7,4223839.9669655,-63630.4971717547
1105,21,KIAIRUGU DISP,2528,EASTERN,SOUTH MERU,MWIMBI,MAARA,THIGAA,DHMT,4,MISS,-0.23,37.71,0cc65f5c-184e-4f79-b230-d496ac55f790,4197857.99781435,-25603.5516462627
1106,24,MWINGI DISTRICT HOSPITAL,932,EASTERN,MWINGI,CENTRAL,MWINGI,KYANIKA(MWINGI),HD MAPS,1,MOH,-0.9334,38.0673,35a859f2-bf63-45d9-b210-1f3c61410689,4237632.45187479,-103910.208990924
1107,11,MADIANY HEALTH CENTRE,1368,NYANZA,BONDO,MADIANY,EAST UYOMA,WEST KATWENG'A,GPS,3,MOH,-0.28134,34.3224,7a263ac1-6f1f-4a12-b6e2-e2e52ba25d05,3820752.09080306,-31318.7513951464
1108,76,SALAMA  BAPTIST MEDICAL DISP,0,EASTERN,MAKUENI,KILOME,KIIMA-KIU,NGAAMBA,GPS,4,MISS,-1.85061,37.25772,bbb2bd94-a350-4139-8848-e5af7b43304d,4147510.41851837,-206044.791692815
1109,22,KIAMUCHAIRU DISP,3948,EASTERN,SOUTH MERU,MWIMBI,CHOGORIA,KIRARO,DHMT,4,MISS,-0.22,37.66,10bb3b77-91cb-4345-a207-772914bca6a8,4192292.02327469,-24490.3481534307
1110,25,NGOMENI DISP,905,EASTERN,MWINGI,NGOMENI,NGOMENI,IKIME,DSA/DFH(MOH)-UNFPA REPORT,4,MOH,-0.643176,38.4302,daeca9ba-ff7f-4ea4-92fe-092eff71f4d6,4278030.29508367,-71599.5285681633
1111,77,ST. MICHAELS DISP,0,EASTERN,MAKUENI,MATILIKU,NZAUI,MATILIKU,GPS,4,MISS,-1.94475,37.53555,42329b29-a07b-4b85-aaba-ad6e5d7ffedd,4178438.31264547,-216530.160357916
1112,12,MAGETA DISP,165,NYANZA,BONDO,USIGU,MAGETA ISLAND,MAHANGA(BONDO),GPS,4,MOH,-0.1325,34.0103,6e6632aa-cd74-41f4-8051-31147d2d0c91,3786009.27772648,-14749.8456769888
1113,23,KIAMURIUKI DISP,1109,EASTERN,SOUTH MERU,MT. KENYA FOREST,MT. KENYA FOREST,MT. KENYA FOREST(S),DHMT,4,MISS,-0.36,37.59,b307848a-7414-4758-8212-5803b6f0f392,4184499.65891916,-40075.2803712166
1114,26,NGUNGANI DISP,4581,EASTERN,MWINGI,MUUMONI,KAKUYU,MUSOSYA(MWINGI),DSA/DFH(MOH)-UNFPA REPORT,4,MOH,-0.593329,38.0364,98260bc0-5591-4b13-bd99-92229fc2b4a1,4234192.67960928,-66050.2626721054
1115,78,ST. MICHAELS DISP,0,EASTERN,MAKUENI,NGUU,NGUU,NTHUNGUI,GPS,4,MISS,-2.04195,37.64139,030663af-4ab0-4d84-9bdd-a5f957e2186e,4190220.36755103,-227356.967780165
1116,13,MAHAYA DISP,0,NYANZA,BONDO,RARIEDA,WEST  ASEMBO,MAHAYA,GPS,4,MOH,-0.16223,34.34066,7eedb03d-ab48-48ff-bf65-788abffc9032,3822784.78470495,-18059.3851220421
1117,169,SULEIMAN FARUK MEMORIAL MEDICAL CENTRE,0,EASTERN,MAKUENI,TSAVO WEST,TSAVO WEST,TSAVO WEST N. PARK,GPS,4,NGO,-2.69202,38.1663,85c6098b-2390-4d0f-acff-6c10d473098f,4248653.08146332,-299784.614350119
1118,27,NGUNI HEALTH CENTRE,925,EASTERN,MWINGI,NGUNI,NGUNI,MWASUMA,DSA/DFH(MOH)-UNFPA REPORT,3,MOH,-0.80286,38.309,4787f66e-836f-451f-85ae-8209fedf0125,4264538.37279952,-89376.8913082924
1119,14,MANGA BAPTIST CLINIC DISP,0,NYANZA,BONDO,MADIANY,SOUTH UYOMA,NDIGWA,GPS,4,MISS,-0.3353,34.3252,0c2c933b-828b-43cc-9f0d-64a75312efb2,3821063.78537728,-37325.6383117714
1120,24,KIANGONDU DISP,1110,EASTERN,SOUTH MERU,CHUKA,KIANG'ONDU,TOWNSHIP(MERU SOUTH),1:50000 MAPS,4,MISS,-0.3181,37.6156,691f5b8c-09c6-4fa1-bad1-3b2c1a60e64d,4187349.43788347,-35410.9119365619
1121,15,MANYUANDA HEALTH CENTRE,1350,NYANZA,BONDO,MADIANY,WEST UYOMA,KOKWIRI,GPS,3,MOH,-0.25252,34.27609,50479357-dda7-4e44-9b2a-2e571e814959,3815596.88518442,-28110.4888198805
1122,79,SULTAN HAMUD HEALTH CENTRE,1032,EASTERN,MAKUENI,KASIKEU,KIOU,SULTAN HAMUD(MAK),GPS,3,MOH,-2.01401,37.38714,7084eda2-4095-4d6b-a777-c939b0d72be8,4161917.38701684,-224244.751886528
1123,28,NUU CATHOLIC DISP/ PHC UNIT,906,EASTERN,MWINGI,NUU,NUU,NGAANI(MWINGI),DSA/DFH(MOH)-UNFPA REPORT,4,MISS,-1.05615,38.3608,9d6df50a-f9c2-4ef9-b20c-9cb34bb09b3b,4270304.72242261,-117576.738885229
1124,25,KIBUGUA DISP,1113,EASTERN,SOUTH MERU,MAGUMONI,THUITA,KATHATWA,1:50000 MAPS,4,MOH,-0.36982,37.62027,dfecf17d-1f8b-49a4-be9c-d0d8bdfb52db,4187869.29990547,-41168.4599431974
1125,80,SYUMILE DISP,695,EASTERN,MAKUENI,MAKINDU,NGUUMO,SYUMILE,GPS,4,MOH,-2.27925,37.92147,03fb61fe-1ca6-42b9-a4ea-50835e787c01,4221398.73053241,-253791.895053574
1126,16,MASALA DISP,3839,NYANZA,BONDO,MADIANY,CENTRAL UYOMA,MASALA,GPS,4,MOH,-0.20811,34.292727,443f0c5e-eea4-4d5c-b0a9-66f937f0f18d,3817448.90755275,-23166.7501685212
1127,29,NUU HEALTH CENTRE,926,EASTERN,MWINGI,NUU,NUU,NGAANI(MWINGI),DSA/DFH(MOH)-UNFPA REPORT,3,MOH,-1.06937,38.3641,337e2e34-dc0c-4933-9f3e-1ef199848542,4270672.07674223,-119048.635754665
1128,26,KIENI DISP,1114,EASTERN,SOUTH MERU,MWIMBI,MAARA,IRUMA,ILRI VILLAGES,4,MISS,-0.22,37.7,4d6b73e5-dc75-4c05-af0b-b658f1044644,4196744.80290642,-24490.3481534307
1129,81,TAWA DEMONSTRATION H C,1046,EASTERN,MAKUENI,KISAU,KITETA,KIAMBWA,GPS,3,MOH,-1.54532,37.46568,8c1e0ae8-03d7-40dc-8b65-f92b784d6c9c,4170660.41982374,-172045.095256037
1130,17,MISORI DISP,4251,NYANZA,BONDO,MADIANY,WEST UYOMA,NYABERA(BONDO),GPS,4,MOH,-0.31856,34.278,0a2255af-9478-4d9e-a032-74589e78f4f4,3815809.50541184,-35462.1196926652
1131,0,NYAANI DISP,4682,EASTERN,MWINGI,NUU,MUITANGOMBE,MUANGENI,ILRI MKT CENTRES,4,MOH,-1.149878,38.302053,8ca95d48-6dc8-41af-9978-d863fa6a570e,4263765.03629698,-128012.427006459
1132,27,KIERA WOMANS GUILD DISP,0,EASTERN,SOUTH MERU,MWIMBI,KIERA,MAGUTUNI,ILRI VILLAGES,4,MISS,-0.23,37.77,70845984-07f5-4242-bbdb-6f3bb25cb566,4204537.16726195,-25603.5516462627
1133,82,TULIMANI DISP,699,EASTERN,MAKUENI,TULIMANI,TULIMANI,KALAWANI,HD MAPS,4,MOH,-1.59196,37.4163,ec25f661-b0fb-4a67-9e3a-22f7ffb7b06c,4165163.46336837,-177238.982870973
1134,18,NAYA DISP,1353,NYANZA,BONDO,MADIANY,SOUTH UYOMA,NAYA,GPS,4,MOH,-0.36255,34.3121,595f1810-5d0d-4747-a215-4b1908ec73c4,3819605.50004789,-40359.1507158804
1135,30,NZAWA DISP,907,EASTERN,MWINGI,MIGWANI,NGUUTANI,NZAWA,DSA/DFH(MOH)-UNFPA REPORT,4,MOH,-1.11452,37.8983,02c07cfc-9cf3-4ec0-aa0f-c6b6eca5b401,4218819.45793073,-124075.623789429
1136,19,NDORI DISP,3569,NYANZA,BONDO,RARIEDA,CENTRAL ASEMBO,RAMBA NORTH,GPS,4,MISS,-0.06975,34.37752,469b59b8-c5be-4df4-9cd4-1fa7f0707813,3826888.02113558,-7764.53640064376
1137,31,NZELUNI DISP,909,EASTERN,MWINGI,MIGWANI,MIGWANI,MUIVU,DSA/DFH(MOH)-UNFPA REPORT,4,MOH,-1.11452,38.0315,84f1cdf6-5cab-486c-9d8a-5e3fa92fd4f2,4233647.21410439,-124075.623789429
1138,83,UKIA DISP,1015,EASTERN,MAKUENI,KAITI,OKIA,UTAATI,GPS,4,MOH,-1.75812,37.49809,367a5873-4cfb-45ce-bd44-a59d0482a1b2,4174268.28452035,-195743.743243521
1139,20,NYAGOKO DISP,35,NYANZA,BONDO,RARIEDA,SOUTH ASEMBO,NYAGOKO,GPS,4,MOH,-0.17535,34.29557,6d992f4a-5eb0-4830-a9d6-d0f43c50a9f3,3817765.38886508,-19519.9031820429
1140,32,TEI WA YESU PCEA HC,927,EASTERN,MWINGI,KYUSO,KYUSO,GAI,DSA/DFH(MOH)-UNFPA REPORT,3,MISS,-0.607935,38.1956,f6c452b3-1fad-47ac-8a68-a04174b8e034,4251914.74254357,-67676.2845027648
1141,21,NYANGUNDA SELF HELP DISP,0,NYANZA,BONDO,BONDO,SOUTH SAKWA,NYAGUDA,GPS,4,NGO,-0.21243,34.21883,dd6d1d6b-07ac-4954-bd9b-778a5844a04a,3809222.7311416,-23647.6536073028
1142,33,THANA NZAU DISP,4586,EASTERN,MWINGI,MIGWANI,THITANI,THAANA,1:50000 MAPS,4,MOH,-0.89232,37.86232,add01f26-21ac-4187-ae62-7094361bb6dc,4214814.18265199,-99336.6237399217
1143,34,THARAKA DISP,911,EASTERN,MWINGI,MUUMONI,THARAKA,GAKOMBE,DSA/DFH(MOH)-UNFPA REPORT,4,MOH,-0.311694,38.0172,1dd0c8f4-05f4-4b81-a441-e9f0b61445d4,4232055.34538605,-34697.7885079261
1144,22,ONGIELO DISP,1357,NYANZA,BONDO,RARIEDA,EAST ASEMBO,OMIA MALO,GPS,4,MOH,-0.16875,34.377777,83644c7d-6e12-43ce-b46b-7e8304cf8575,3826916.63024472,-18785.1912299332
1145,35,THITHA DISP,4582,EASTERN,MWINGI,CENTRAL,ENDUI,KATITIKA,DSA/DFH(MOH)-UNFPA REPORT,4,MOH,-0.832594,38.2121,62c66c01-caa1-4643-b550-97c244980ccb,4253751.51414166,-92687.2022189145
1146,23,SARADIDI HEALTH CENTRE,1385,NYANZA,BONDO,RARIEDA,CENTRAL ASEMBO,MEMBA,GPS,3,MOH,-0.11288,34.39692,6e9107f6-75fb-4d3e-9f25-5c6315440a9a,3829047.61925698,-12565.7522495346
1147,36,THITHANI DISP,3840,EASTERN,MWINGI,MIGWANI,THITANI,KAVAINI,DSA/DFH(MOH)-UNFPA REPORT,4,MISS,-1.04514,37.9291,05271f99-e1b7-48b9-bda3-1262ef38202e,4222248.09824716,-116350.905200089
1148,24,ST. CAMILUS DISPENSARY,0,NYANZA,BONDO,MADIANY,SOUTH UYOMA,NAYA,GPS,4,MISS,-0.382719,34.284311,c0ef3d74-6848-459d-96d0-0a5d4d5fe51e,3816512.04271823,-42604.4010220273
1149,37,TSEIKURU HEALTH CENTRE,928,EASTERN,MWINGI,TSEIKURU,TSEIKURU,NZIITU,DSA/DFH(MOH)-UNFPA REPORT,3,MOH,-0.319403,38.2011,0112417f-693b-44c1-8cc5-87ae6fb88eaa,4252526.99974293,-35555.9634777284
1150,25,ST. ELIZABETH LWAK MISS. HOSPITAL,0,NYANZA,BONDO,RARIEDA,CENTRAL ASEMBO,MEMBA,GPS,1,MISS,-0.13782,34.35698,fa650aee-fb3e-48d4-b265-ddb2ef5a66b7,3824601.51879469,-15342.0670160274
1151,38,TYAA KAMUTHALE DISP,913,EASTERN,MWINGI,MUUMONI,KAKUYU,TYAA,DSA/DFH(MOH)-UNFPA REPORT,4,MOH,-0.725749,37.9624,1234912a-7df8-46d8-a388-c89b1d521dd0,4225955.03729057,-80792.1696097146
1152,26,ST.ANNE NYANGOMA DISP AND MCH,2554,NYANZA,BONDO,BONDO,CENTRAL SAKWA,NYANG'OMA,GPS,4,MISS,-0.15277,34.19813,ecee8ccf-8dd8-49c6-aa97-4cbc51b2de71,3806918.41768218,-17006.2987591664
1153,39,UKASI DISP,3098,EASTERN,MWINGI,NGUNI,UKASI,UKASI,DSA/DFH(MOH)-UNFPA REPORT,4,MOH,-0.808366,38.5293,27709390-c2d3-42b2-a1a5-560e3e6e77d4,4289062.05662128,-89989.8770176177
1154,27,ULUNGO DISP,4480,NYANZA,BONDO,USIGU,NORTH YIMBO,BAR KANYANGO,GPS,4,MOH,0.01815,34.10807,0c4ad6f4-3af2-42f8-b665-548cd8655574,3796892.98434134,2020.44879169505
1155,40,USUENI DISP,914,EASTERN,MWINGI,TSEIKURU,MUSAVANI,USUENI,DSA/DFH(MOH)-UNFPA REPORT,4,MOH,-0.137693,38.2176,5e59c9fa-184e-4cb0-82a8-f661f8cfce91,4254363.77134102,-15327.9293998321
1156,28,USIGU DISP,1365,NYANZA,BONDO,USIGU,CENTRAL YIMBO,USIGU,GPS,4,MOH,-0.0568,34.0994,4a3dc90e-0fc1-47d8-8dfc-3152cf52ca92,3795927.84435616,-6322.94811271935
1157,41,WAITA DISP,916,EASTERN,MWINGI,CENTRAL,WAITA,WAITA,DSA/DFH(MOH)-UNFPA REPORT,4,MOH,-0.783305,38.1379,3c10bf7e-4b34-4be3-93ce-5ff5b8e94d29,4245491.60792479,-87199.8300980625
1158,29,UYAWI DISP,1366,NYANZA,BONDO,BONDO,CENTRAL SAKWA,UYAWI,GPS,4,MOH,-0.16139,34.16597,9ed59696-fa44-44b6-ae42-0cba6d747d2d,3803338.38285827,-17965.8763768748
1159,42,WINGEMI DSIPENSARY,4195,EASTERN,MWINGI,NUU,WINGEMI,MALAWA,DSA/DFH(MOH)-UNFPA REPORT,4,MOH,-1.05285,38.5073,af023adc-7542-44cb-b74a-9951076ff87e,4286613.02782383,-117209.322340644
1160,1,BOIGE DISP,4490,NYANZA,GUCHA,NYAMARAMBE,NYAKEMBENE,NYAKORERE,GPS,4,MOH,-0.83089,34.66809,e35c22ef-cf0d-4cc2-95ec-6f00e9750cae,3859234.12557539,-92497.4938180595
1161,43,WINZIEI DISP,917,EASTERN,MWINGI,MIGWANI,THITANI,WINZYIEEI,DSA/DFH(MOH)-UNFPA REPORT,4,MOH,-0.946025,37.9291,c643363c-8e0b-4b39-902c-bb396bb19a47,4222248.09824716,-105315.806610396
1162,2,CHIENGU SDA DISP,0,NYANZA,GUCHA,NYACHEKI,RIGENA,NYANTIRA,GPS,4,MISS,-0.88272,34.81434,213ca55a-e939-4c6f-bddc-4291bddc1102,3875514.6011039,-98267.8284037715
1163,1,AKACHIU H C (KANUNI H C),2516,EASTERN,NORTH MERU,IGEMBE S/WEST,AKACHIU,AUKI,1:50000 MAPS,3,MOH,0.20324,37.90234,f9aeacee-31c4-4840-97dc-e542fad92bcb,4219269.18867353,22624.6207552694
1164,3,EBEREGE DISP,0,NYANZA,GUCHA,KENYENYA,MAGENCHE,MOKUBO,GPS,4,MOH,-0.9121,34.72132,5938890f-5d0f-400a-83f5-ced94573987d,3865159.66207031,-101538.796291161
1165,84,UPETE DISP,1016,EASTERN,MAKUENI,KILOME,KITAINGO,KITAINGO,GPS,4,MOH,-1.85439,37.34901,335c5dd3-a7e8-4e87-8bd9-a66509c04af1,4157672.77483289,-206465.799403914
1166,4,ETAGO DISP,1232,NYANZA,GUCHA,ETAGO,GETENGA,NYARAMBA(GUCHA),GPS,4,MOH,-0.902367,34.6593,adbaaab9-ea3e-44ad-af7f-6a1d1d6d405f,3858255.62725131,-100455.187846429
1167,42,AMATU DISP,1071,EASTERN,NORTH MERU,TIGANIA WEST,KIANJAI,KIANJAI,DHMT,4,MISS,0.157514,37.749496,12d52c64-2b42-4961-9b42-05dc4bc83b24,4202254.67242273,17534.4003596268
1168,0,AMUGAA DISP,4695,EASTERN,NORTH MERU,TIGANIA EAST,ANKAMIA,AMUGAA,DHMT,4,MOH,0.163418,37.889069,9f095ca0-cb17-4e1e-bcb7-6956bbb7080d,4217791.86771121,18191.6332111252
1169,5,GESABAKWA DISP,3768,NYANZA,GUCHA,NYACHEKI,BASSI BOGETAORIO,NYANGUSO,GPS,4,MOH,-0.89926,34.82809,079ec4bd-76fe-4bae-99ee-f4c38c8a8c00,3877045.24410231,-100109.275436957
1170,2,AMUNGENTI DISP,1072,EASTERN,NORTH MERU,IGEMBE SOUTH,KABULINE,AMUNG'ENTI,SUBLOC CENTROID,4,MISS,0.174839,37.991665,b97354cd-3eea-4183-bd74-ffc4434f8476,4229212.80218864,19463.0186566282
1171,6,KENYENYA HC,1238,NYANZA,GUCHA,KENYENYA,MAJOGE MASABA,KENYENYA,GPS,3,MOH,-0.886333,34.7289,6824d905-313c-437f-840d-0e29ad1cc98e,3866003.46381053,-98670.0736564288
1172,3,ANGILI DISP,1073,EASTERN,NORTH MERU,TIGANIA NORTH,KARAMA,URRU,DHMT,4,MISS,0.229768,37.807005,0571acf6-7eb3-4c7c-9453-9f2f2752741c,4208656.54501875,25577.7253165294
1173,7,KENYENYA SDA DISP,1489,NYANZA,GUCHA,OGEMBO,SENGERA,BOSOTI,1:50000 MAPS,4,MISS,-0.88964,34.725225,3b150a15-4129-4650-9b52-192e196805eb,3865594.36468186,-99038.2514292298
1174,4,ANTUBETWE NJOUNE DISP,2931,EASTERN,NORTH MERU,IGEMBE EAST,KIENGU,ANTUBETWE NJOUNE,SUBLOC CENTROID,4,MISS,0.266706,37.952832,0fe5d2cb-4225-473f-92d2-6ff285fc4c42,4224889.93240266,29689.6833314174
1175,85,WATHINI ACK HC,0,EASTERN,MAKUENI,KASIKEU,KASIKEU,UVALENI,GPS,3,MISS,-1.88054,37.35324,c87d1b3e-81f2-4bbd-a5e5-55440a1e86fc,4158143.65627894,-209378.351022827
1176,46,KENYERERE  DISP,4762,NYANZA,GUCHA,SAMETA,MOKWERERO,KENYERERE,GPS,4,MOH,-0.782267,34.7811,c439b0ea-1682-4245-a3b3-3acd3084c0fd,3871814.34122993,-87084.2696817912
1177,5,ATHIRU GAITI DISP (KIRAONE DISP),2517,EASTERN,NORTH MERU,IGEMBE S/EAST,KIRIMAMPIO,BWETHAA,ILRI VILLAGES,4,MISS,0.22,37.97,1cb5a4ff-44b4-4a8f-a774-ed35d4776cdc,4226801.0654206,24490.3481534354
1178,28,KIERENI DISP,1115,EASTERN,SOUTH MERU,CHUKA,MUGWE,MUGIRIRWA,1:50000 MAPS,4,MISS,-0.344086,37.6443,416fc4d3-4f87-43ed-b1a1-f1da8e2a4025,4190544.30726923,-38303.7085484758
1179,8,KIONYO DISP,3570,NYANZA,GUCHA,NYAMACHE,BASSI MASIGE EAST,TURWA,GPS,4,MOH,-0.814067,34.7763,1a93dfb5-53cc-4bf5-9596-bc675702d17b,3871280.00767413,-90624.5730494928
1180,0,CCS DISP,0,EASTERN,NORTH MERU,IGEMBE CENTRAL,MAUA,KAIBU,DHMT,4,MISS,0.240598,37.940797,5bd66cc3-0d10-4eb2-a949-51d755c7dd29,4223550.20233097,26783.3255600039
1181,0,CHARURU DISP,0,EASTERN,NORTH MERU,TIGANIA NORTH,MUTHARA,KITHARENE,DHMT,4,MOH,0.192156,37.825027,63a7393b-174a-4780-8d97-a093cbfc4b7f,4210662.74488183,21390.7481722688
1182,9,MAGENA DISP,1241,NYANZA,GUCHA,KENYENYA,MAJOGE BORABU,KIANGO,GPS,4,MOH,-0.90464,34.7966,36cbd51b-23d6-47d0-81f1-c3a42dd4cdaf,3873539.79333723,-100708.248512014
1183,1,BALESA DISP,3372,EASTERN,MARSABIT,NORTH HORR,BALESA RIRIBA,BALESA,DHMT,4,MOH,3.62,37.32,2b12c3a5-1a2b-4ed9-82d2-e267389ce939,4154443.39640498,403244.926755162
1184,10,MAGENCHE DISP,1242,NYANZA,GUCHA,KENYENYA,MAGENCHE,MAGENCHE,GPS,4,MOH,-0.94649,34.72318,a66a1be1-3fb1-484e-8e7c-25b697f42502,3865366.71632319,-105367.57723381
1185,29,KIGOGO DISP,3295,EASTERN,SOUTH MERU,CHUKA,GITARENI,KIAMUCII,1:50000 MAPS,4,MISS,-0.38,37.7,bbeb1fbf-0da7-41fa-b4d6-bd04288e2ec9,4196744.80290642,-42301.7166217847
1186,9,KANGETA DISP,0,EASTERN,NORTH MERU,IGEMBE NORTH,MUKULULU,LIBURU,1:50000 MAPS,4,MISS,0.274775,37.88378,7978086c-0b28-4b50-b98e-270992b3bdbe,4217203.09892441,30587.9303316431
1187,0,BUBISA DISP,1048,EASTERN,MARSABIT,MAIKONA,BUBISA,BUBISA,DHMT,4,MOH,2.59,38.11,191978ec-6f59-4ac1-949d-99945fa1e362,4242385.79413166,288415.722866786
1188,11,MAKARA BAPTIST M. CENTRE,0,NYANZA,GUCHA,ETAGO,GETENGA,NYARAMBA(GUCHA),GPS,4,MISS,-0.88877,34.65434,9bab4fc5-c9ca-4bc5-a8df-20c097002549,3857703.48257698,-98941.3918078376
1189,30,KIINI DISP,2720,EASTERN,SOUTH MERU,MUTHAMBI,MITHERU,GATUA,1:50000 MAPS,4,MOH,-0.290323,37.6393,206687ce-a565-45c4-8d01-d709e28b224a,4189987.70981527,-32318.7468254531
1190,8,KANGETA H C,1096,EASTERN,NORTH MERU,IGEMBE NORTH,MUKULULU,LIBURU,1:50000 MAPS,4,MOH,0.266577,37.8746,78d3e5a8-c40a-47ed-bcc5-71eb4ae4b477,4216181.18599892,29675.3229615996
1191,2,DIRIB GOMBO DISP,1050,EASTERN,MARSABIT,GADAMOJI,DIRIB GOMBO,DIRIB GOMBO,DDP,4,MISS,2.27459,38.0804,d1dc6529-84ce-4313-b34a-ac1a13e17469,4239090.73720418,253272.736340167
1192,12,METABURO DISP,4763,NYANZA,GUCHA,ETAGO,GETENGA,NYARAMBA(GUCHA),GPS,4,MISS,-0.901017,34.648,1083ffc9-78c8-4fb2-9753-443f48fa7dd7,3856997.71700535,-100304.887921944
1193,31,KIRIANI DISP,1123,EASTERN,SOUTH MERU,MWIMBI,MURUGI,MURUGI(SMERU),DHMT,4,MISS,-0.26,37.627,f4b7314c-8fe4-46b4-be2b-fdb3007222ce,4188618.48007851,-28943.1669400269
1194,0,KANTHIARI DISP,0,EASTERN,NORTH MERU,IGEMBE CENTRAL,KANTIHIARI,KINYANKA,DHMT,4,MOH,0.213503,37.910418,9d960d8a-82bb-4b6d-a239-50c2dae77b1a,4220168.42752016,23767.1002460665
1195,4,DUKANA DISP,1051,EASTERN,MARSABIT,NORTH HORR,DUKANA,DUKANA,1:50000 MAPS,4,MOH,3.932321,37.242123,b0625744-7bf9-4322-bcb8-86b982bfb2e9,4145774.16842047,438088.030735253
1196,13,MISESI DISP,3770,NYANZA,GUCHA,OGEMBO,MAJOGE CHACHE,MISESI,GPS,4,MOH,-0.74101,34.68447,cfb9fe1f-5196-4723-959f-cad81497a6cb,3861057.53883458,-82491.1555403038
1197,0,KIROO DISP,3585,EASTERN,SOUTH MERU,MWIMBI,MAARA,KIROO,SUBLOC CENTROID,4,MISS,-0.21,37.71,4a99027a-0b90-4893-9952-ac20ef6e93eb,4197857.99781435,-23377.1454066235
1198,12,KIEGOI DISP,3804,EASTERN,NORTH MERU,IGEMBE CENTRAL,KANTIHIARI,GITUUMI,ILRI VILLAGES,4,MOH,0.23,37.92,5c4aa1f3-a5ad-455c-b1e1-226eefda73fa,4221235.09088094,25603.5516462742
1199,0,GAS DISP,3374,EASTERN,MARSABIT,NORTH HORR,GALAS,GALAS,DHMT,4,MOH,3.22,36.71,8519afa4-09bd-41a1-abb9-8a291fc508cc,4086538.50702108,358637.596622308
1200,14,MONIANKU HEALTH CENTRE,1243,NYANZA,GUCHA,ETAGO,S. MUGIRANGO BORABU,MONIANKU,GPS,3,MISS,-0.967,34.6828,d5062730-728a-4c22-ae31-aff82f856ab5,3860871.63528495,-107651.058351899
1201,32,KIRUMI DISP,810,EASTERN,SOUTH MERU,MWIMBI,GANGA,KIRUMI,1:50000 MAPS,4,MOH,-0.23964,37.702703,af3543f6-c62f-4ab4-9252-03ef80c48bf1,4197045.69949003,-26676.6805512931
1202,13,KIENGU DISP,0,EASTERN,NORTH MERU,IGEMBE EAST,KIENGU,ANTUBETWE NJOUNE,ILRI VILLAGES,4,MISS,0.27,37.97,15daa4d2-27c4-4d3c-8035-dca1de7e011f,4226801.0654206,30056.3737560878
1203,15,MOTICHO DISP,3287,NYANZA,GUCHA,ETAGO,GETENGA,NYABERA(GUCHA),GPS,4,MOH,-0.886617,34.6315,ec572ac3-fc28-45a4-aee9-99d3932844c8,3855160.94540726,-98701.6921761539
1204,5,GATAB AIC DISP,1064,EASTERN,MARSABIT,LOIYANGALANI,MT KULAL,MT. KULAL,ILRI MKT CENTRES,4,MISS,2.565737,36.951122,e236776e-3d6a-436f-bf25-99dfa81b82b2,4113380.08528013,285712.041963694
1205,0,MAGENKA DISP,0,EASTERN,SOUTH MERU,MAGUMONI,MUKUUNI,KINORU,DHMT,4,MISS,-0.41,37.66,0195eaba-4b11-4407-bb30-3e2a58254bc9,4192292.02327469,-45641.3807470913
1206,0,KIMACHIA DISP,0,EASTERN,NORTH MERU,URINGU,KIMACHIA,NTOMBO,DHMT,4,MOH,0.097733,37.777405,2bd9c668-1a41-4d7e-9228-c3054b47e1d0,4205361.48809127,10879.5930696321
1207,6,HURI HILLS DISP,0,EASTERN,MARSABIT,MAIKONA,HURRI HILLS,HURRI HILLS,DDP,4,MOH,3.48922,37.8293,be0c71ef-43a8-4798-b252-e191b94988e4,4211138.41306599,388658.49858434
1208,16,NDURU HEALTH CENTRE,1271,NYANZA,GUCHA,NYAMARAMBE,S. MUGIRANGO CENTRAL,BOMONYAMA,GPS,3,MOH,-0.80782,34.62814,dbc8d2a9-c192-4085-92d8-ffe9a64e4775,3854786.91191819,-89929.0905299292
1209,33,MAGUNDU DISPENSARY,2683,EASTERN,SOUTH MERU,MUTHAMBI,MITHERU,KARIMBA,ILRI VILLAGES,4,MISS,-0.3,37.68,0bbce66e-0b61-4235-9e1d-8a46b02d4f9f,4194518.41309056,-33395.9998333755
1210,14,KINA DISP,1119,EASTERN,NORTH MERU,NDOLELI,KAWIRU,BAIBARIU,DHMT,4,MOH,0.290141,38.129882,4fac0b63-cde7-46a7-8468-80608969625d,4244599.04824761,32298.4864182067
1211,17,NYACHEKI HEALTH CENTRE,1246,NYANZA,GUCHA,NYACHEKI,BASSI BORABU,ISENA,GPS,3,MOH,-0.89071,34.8772,ebce3e49-ded1-49b5-87ed-3cfcfeda9fcd,3882512.14429517,-99157.3776615792
1212,7,ILLAUT DISP,4321,EASTERN,MARSABIT,LAISAMIS,ILLAUT/NGURUNIT,ILLAUT(MARSABIT),SUBLOC CENTROID,4,MISS,1.927378,37.249495,03af3992-6116-47b3-8752-cf7c6f4045f4,4146594.81570659,214595.213589968
1213,34,MAGUTUNI SUB-DISTRICT HOSPITAL,1126,EASTERN,SOUTH MERU,MWIMBI,KIERA,MAGUTUNI,1:50000 MAPS,1,MOH,-0.23523,37.751235,54401ade-6a1d-4625-baee-bd66465d3ae5,4202448.25701721,-26185.7573814855
1214,0,KITHEO DISP,0,EASTERN,NORTH MERU,AKITHI,KITHEO,KITHEO(AKITHI),DHMT,4,MOH,0.145355,37.815995,4727eebf-d1f9-4076-91f2-24255c0a6ad3,4209657.30724098,16180.8619408873
1215,8,ILLERET SUB HEALTH CENTRE,1053,EASTERN,MARSABIT,NORTH HORR,ILLERET,ILLERET,DDP,3,MOH,4.04737,36.4309,9ee3001b-7744-47b0-b7b3-83d448a1bf73,4055469.23714068,450926.343972195
1216,18,NYAKEYO S.D.A DISP,4818,NYANZA,GUCHA,ETAGO,GETENGA,NYATARO,GPS,4,MISS,-0.86685,34.64843,d19dcde8-5d99-49ac-be6b-239eda88240d,3857045.58438639,-96500.9821501333
1217,0,MINUGU DISP,0,EASTERN,SOUTH MERU,MUTHAMBI,MITHERU,GATUA,DHMT,4,MISS,-0.3,37.64,c9e81f36-3419-4d16-8706-a296fefd0a09,4190065.63345882,-33395.9998333755
1218,0,KUNATI DISP,0,EASTERN,NORTH MERU,TIGANIA EAST,THANKATHA,KUNATI,DHMT,4,MOH,0.085417,37.930123,f1b8b36f-d53e-402c-8fee-349c36bac285,4222361.97808624,9508.58046724633
1219,9,KALACHA DISP,1054,EASTERN,MARSABIT,MAIKONA,KALACHA,KALACHA,DDP,4,MISS,3.17081,37.4235,cff8eceb-6ed9-4578-907e-8f3a1fe71667,4165964.96370208,353153.263867373
1220,35,MPUKONI HEALTH CENTRE,1175,EASTERN,SOUTH MERU,MAGUMONI,KABUBONI,KANYAKINI,1:50000 MAPS,3,MOH,-0.380376,37.6608,29da337a-1846-455e-bc9f-e51f276b7a86,4192381.07886732,-42343.5736718111
1221,19,NYAMACHE HEALTH CENTRE,1259,NYANZA,GUCHA,NYAMACHE,BASSI CENTRAL,NYOERA,GPS,3,MOH,-0.85352,34.82805,b14a0e55-ed4c-4e00-af47-e2479347d8e3,3877040.79132268,-95016.9260904832
1222,17,KUNENE DISP,1125,EASTERN,NORTH MERU,URINGU,NKOMO,KUNENE,1:50000 MAPS,4,MOH,0.13256,37.71242,3d810b35-85ce-4818-95cd-9ab90690174c,4198127.39098207,14756.5248643176
1223,36,MUKUI DISP,1143,EASTERN,SOUTH MERU,MWIMBI,GANGA,MUGUMANGO,1:50000 MAPS,4,MOH,-0.257658,37.711171,3bf1b307-c375-4c07-a639-f5078cff18e1,4197988.35293807,-28682.4540323828
1224,10,KARARE DISP,1055,EASTERN,MARSABIT,CENTRAL,KARARE,KARARE,DHMT,4,MISS,2.22,37.9,52145131-afac-4a2f-8d40-12bf26eb5871,4219008.70106507,247191.127672813
1225,20,NYAMAGWA HEALTH CENTRE,1260,NYANZA,GUCHA,SAMETA,BASSI BOINTANGARE,NYAMAGWA(GUCHA),GPS,3,MISS,-0.79123,34.80025,7249e878-3925-4fb2-aee6-5dae6a4aa218,3873946.10947863,-88082.1203496915
1226,18,LAARE HEALTH CENTRE,1169,EASTERN,NORTH MERU,LAARE,ANTUAMBUI,ANTUAMBUI,1:50000 MAPS,3,MOH,0.33692,37.9391,941ac240-3895-4fb2-9a42-cf80ea3173ae,4223361.29315509,37505.9789898567
1227,37,MUKUUNI DISP,1144,EASTERN,SOUTH MERU,MAGUMONI,MUKUUNI,MUKUUNI,1:50000 MAPS,4,MISS,-0.387097,37.651,ed8e1f8c-0763-4d8d-9080-40c102887ba4,4191290.14785755,-43091.7687503298
1228,11,KARGI DISP,1056,EASTERN,MARSABIT,LOIYANGALANI,KARGI,KARGI,DDP,4,MISS,2.49874,37.4018,63a437be-0967-4c7c-a7e9-2be7eff7b549,4163549.33075186,278246.679837172
1229,0,LIMAURU DISP,0,EASTERN,NORTH MERU,URINGU,NKOMO,LIMAURU,DHMT,4,MOH,0.152893,37.689346,abc9ad01-056f-4580-9e93-0175762f5e01,4195558.80505151,17019.9911052547
1230,21,NYANSAKIA DISP,3571,NYANZA,GUCHA,SAMETA,BASSI CHACHE,BOGETAORIO,GPS,4,MOH,-0.75958,34.74936,078e0ecb-8f87-412b-8807-a866fd35b77d,3868281.06059215,-84558.5357502228
1231,38,MUMBUNI DISP,3950,EASTERN,SOUTH MERU,MUTHAMBI,GITINJE,KANDUNGU,DHMT,4,MOH,-0.28,37.76,aeda7fdb-8e31-4146-a647-6339f724fec7,4203423.97235402,-31169.5814877146
1232,13,KORR DISP,3136,EASTERN,MARSABIT,LAISAMIS,KORR,KORR,DDP,4,MISS,2.06362,37.496,3abc9748-fc67-4e8c-991f-af3c9c9b1cb4,4174035.62678459,229770.810241119
1233,0,LIMORO DISP,0,EASTERN,NORTH MERU,AKITHI,AKITHI,ATHWANA(AKITHI),DHMT,4,MOH,0.256089,37.707853,4db6b5a4-b20a-4335-a1ea-8a76ff40e232,4197618.99486762,28507.7919959927
1234,22,NYATIKE DISP,3381,NYANZA,GUCHA,NYAMARAMBE,S. MUGIRANGO CHACHE,BOMONYARA,GPS,4,MOH,-0.74203,34.63857,65fa86f2-9a93-46eb-ae40-30e8b1912975,3855947.97420717,-82604.7109307289
1235,39,MURAMBANI DISP,2739,EASTERN,SOUTH MERU,MUTHAMBI,GITINJE,KANDUNGU,DHMT,4,MISS,-0.28,37.73,9029b80f-9fe6-4ca4-9531-c30c223cd02a,4200084.38763022,-31169.5814877146
1236,14,KOYA DISP,3376,EASTERN,MARSABIT,LAISAMIS,LAISAMIS,KOYA,DDP,4,MOH,1.59324,38.2785,698c93d5-27e3-4a4a-b452-b0cc7ab33183,4261143.12833033,177381.52688211
1237,19,MAUA METHODIST HOSPITAL,1180,EASTERN,NORTH MERU,IGEMBE CENTRAL,MAUA,KAIBU,HD MAPS,1,MISS,0.2332,37.9335,15e1aec1-577f-4d71-82d0-dd9afd1e6b78,4222737.90400665,25959.7769270796
1238,23,OGEMBO DISTRICT HOSPITAL,1261,NYANZA,GUCHA,OGEMBO,MAJOGE CHACHE,NYANSAKIA,GPS,1,MOH,-0.793983,34.725517,25b4b670-60f6-4918-b501-bc79f39d34b4,3865626.86997317,-88388.6122338276
1239,40,MUTHAMBI CATHOLIC DISP,1146,EASTERN,SOUTH MERU,MUTHAMBI,GITINJE,CHAMUNGA,DHMT,4,MISS,-0.27,37.69,96375085-2b14-4837-9e30-9840201801f0,4195631.60799849,-30056.373756076
1240,15,"LAISAMIS MISS. HOSPITAL, DIOCESE OF MARSABIT",1067,EASTERN,MARSABIT,LAISAMIS,LAISAMIS,LAISAMIS,DDP,1,MISS,1.6001,37.8004,815b7f66-f4a4-4e7a-912c-0ef601b4ea7e,4207921.27978206,178145.475202932
1241,24,OMOREMBE HEALTH CENTRE,169,NYANZA,GUCHA,OGEMBO,SENGERA,NYAISERO,GPS,3,MISS,-0.84779,34.72154,b6d57310-4521-4365-bee8-d6704e327057,3865184.15235829,-94378.9951011668
1242,41,MUTHAMBI HEALTH CENTRE,3296,EASTERN,SOUTH MERU,MUTHAMBI,GITINJE,CHAMUNGA,DHMT,3,MOH,-0.28,37.68,17611971-8ad1-450b-9bac-decf10752b88,4194518.41309056,-31169.5814877146
1243,20,MBARANGA MISSION DISP,1132,EASTERN,NORTH MERU,TIGANIA NORTH,KARAMA,MBARANGA,SUBLOC CENTROID,4,MISS,0.216919,37.835769,742064b6-71b3-4745-8fe9-ec72c9ce359a,4211858.53885193,24147.3703092097
1244,16,LOGOLOGO DISP,1058,EASTERN,MARSABIT,LAISAMIS,LOGOLOGO,LOGOLOGO,DHMT,4,MISS,1.98,37.89,dab46eff-edaa-448a-8b09-2d1b3abade3e,4217895.50615714,220456.475138843
1245,42,MUTINDWA DISP,1148,EASTERN,SOUTH MERU,MWIMBI,MURUGI,MURUGI(SMERU),1:50000 MAPS,4,MISS,-0.238288,37.60048,e7f14933-337a-4ef3-aff3-a7f19cb178b0,4185666.28718267,-26526.175290735
1246,21,MBEU RURAL DEMONSTRATION UNIT,3431,EASTERN,NORTH MERU,URINGU,MBEU,MBEU(NMERU),1:50000 MAPS,3,MOH,0.08231,37.80232,a5e93352-facb-4cd1-8f14-622a00964a30,4208135.01320439,9162.71043881224
1247,25,RIOKINDO SDA HEALTH CENTRE,3015,NYANZA,GUCHA,KENYENYA,MAJOGE MASABA,KENYENYA,GPS,3,MISS,-0.88487,34.7322,77ca6d5d-1df0-44ef-8f7a-15faa76b8729,3866370.81813014,-98507.1937850968
1248,17,LOIYANGALANI DISP,1065,EASTERN,MARSABIT,LOIYANGALANI,LOIYANGALANI,LOIYANGALANI,DDP,4,MISS,3.04149,36.4454,049a449a-8c71-4a02-94e9-6bbdb1384173,4057083.36975718,338736.243621367
1249,44,NGERU DISP,1152,EASTERN,SOUTH MERU,MWIMBI,GANGA,MUGUMANGO,ILRI MKT CENTRES,4,MISS,-0.244,37.671,016409a5-be32-457d-97d6-36e6de56b39b,4193516.53767341,-27162.0378541207
1250,18,MAIKONA DISP,2386,EASTERN,MARSABIT,MAIKONA,MAIKONA,MAIKONA,1:50000 MAPS,4,MOH,2.812325,37.762325,4b8feda8-c24f-41ee-8571-19da49ee93c7,4203682.79017011,313192.373118785
1251,26,RITUMBE HEALTH CENTRE,1252,NYANZA,GUCHA,NYACHEKI,BASSI BOGETAORIO,NYANGUSO,GPS,3,MISS,-0.91962,34.84671,16f7e611-0a64-4f18-8d03-7d954271e093,3879118.01302088,-102376.025821745
1252,22,MIATHENE SUB-DISTRICT HOSPITAL,1172,EASTERN,NORTH MERU,TIGANIA WEST,MIATHENE,MIATHENE,HD MAPS,1,MOH,0.14875,37.7912,8d22cfab-f9c2-4950-a604-09e6e6df22e7,4206897.14046677,16558.7928569363
1253,46,NYANGANI DISP,2749,EASTERN,SOUTH MERU,MUTHAMBI,MUTHAMBI,IRIGA,DHMT,4,MISS,-0.28,37.62,787c13c7-277f-4e34-a104-e0bdae1fc071,4187839.24364296,-31169.5814877146
1254,19,MAIKONA DISP,1059,EASTERN,MARSABIT,MAIKONA,MAIKONA,MAIKONA,DDP,4,MISS,3.12833,37.8945,c36cbaf9-2db3-4d5f-af5f-aa4ef919f267,4218396.44386571,348417.258099296
1255,27,STELA MARIS SENGERA HEALTH CENTRE,1263,NYANZA,GUCHA,OGEMBO,SENGERA,BOSOTI,GPS,3,MISS,-0.86201,34.71967,d465d174-3d06-4fd9-944b-c512e75204ea,3864975.9849105,-95962.1344888829
1256,23,MIKINDURI COTTAGE HOSPITAL,0,EASTERN,NORTH MERU,TIGANIA CENTRAL,MIKINDURI WEST,ANJUKI,ILRI MKT CENTRES,1,MISS,0.126174,37.834147,a356abd8-73ad-4f3f-959d-0f533ea56fc5,4211677.97863786,14045.6367836812
1257,47,P.C.E.A. CHOGORIA MISS. HOSP,1178,EASTERN,SOUTH MERU,MWIMBI,CHOGORIA,CHOGORIA,1:50000 MAPS,1,MISS,-0.21121,37.6065,3c49631d-64b1-4a45-9c86-60fedf488fc4,4186336.43051725,-23511.8429004391
1258,0,MANYATTA JILLO DISP,4686,EASTERN,MARSABIT,GADAMOJI,QILTA,QILTA,DHMT,4,MOH,2.44,38.09,eca5083f-a0f4-470e-9fc8-497db5e30d67,4240159.40431579,271701.694971234
1259,24,MIKINDURI DISP,1136,EASTERN,NORTH MERU,TIGANIA CENTRAL,MIKINDURI WEST,ANJUKI,1:50000 MAPS,4,MOH,0.123208,37.836,0dcc7548-a9fc-4089-a64e-70800242fa37,4211884.25365431,13715.4623920736
1260,28,TABAKA MISSION HOSPITAL,1266,NYANZA,GUCHA,NYAMARAMBE,S. MUGIRANGO CHACHE,TABAKA,GPS,1,MISS,-0.744517,34.6665,52eabe7e-0722-434e-9748-1578102e8f32,3859057.12758502,-82881.5858013304
1261,49,THINDIGWA DISP,0,EASTERN,SOUTH MERU,MWIMBI,CHOGORIA,CHOGORIA,ILRI VILLAGES,4,MISS,-0.23,37.63,077471de-a9dd-43bd-bd95-4d059de88ba3,4188952.43855089,-25603.5516462627
1262,20,MARSABIT CATHOLIC DISP,1060,EASTERN,MARSABIT,CENTRAL,MOUNTAIN,MARSABIT TOWNSHIP,ILRI MKT CENTRES,4,MISS,2.331,37.983,e14fb528-33b1-45f4-854a-64972d7fbb37,4228248.21880092,259557.344292022
1263,0,MITUNTU DISP,0,EASTERN,NORTH MERU,TIGANIA WEST,MITUNTU,THAU,DHMT,4,MOH,0.186778,37.677007,3c585cda-79e3-4937-9a42-2a81f725fcc0,4194185.23385461,20792.0686772613
1264,1,ASUMBI MISS H C,1438,NYANZA,HOMA BAY,RANGWE,GEM CENTRAL,KAJULU,HD MAPS,3,MISS,-0.625835,34.6296,9303b1a3-59bf-4f74-acf7-f03b83c4c9a1,3854949.43837475,-69669.0188951121
1265,50,WERU DISP,1164,EASTERN,SOUTH MERU,CHUKA,KITHANGANI,KITHANGANI,1:50000 MAPS,4,MISS,-0.363351,37.7133,f6e4c2d7-b7f0-4656-9d2e-57f290dc64ab,4198225.35213397,-40448.3194170923
1266,21,MARSABIT DISTRICT HOSPITAL,1068,EASTERN,MARSABIT,CENTRAL,NAGAYO,MAJENGO(MARSABIT),DHMT,1,MOH,2.324839,37.985249,ace6d233-a6cf-4340-9d18-4517b85e673d,4228498.57633571,258870.938432417
1267,2,FULL GOSPEL DISP,0,NYANZA,HOMA BAY,ASEGO,EAST KANYADA,KOBWOLA-KOGWANG,HD MAPS,4,MISS,-0.52066,34.49,8392f73e-29a0-4182-839c-8487c1a9ebbb,3839409.23746001,-57960.4037887508
1268,25,MUCII MUKURU DISP,1135,EASTERN,NORTH MERU,TIGANIA CENTRAL,MICII MIKURU,MICII MIKURU,SUBLOC CENTROID,4,MISS,0.191672,37.860084,c48a1cf4-6319-4f20-b2bc-247c437f118f,4214565.27227057,21336.8692364782
1269,2,CHIAKARIGA HEALTH CENTRE,1165,EASTERN,THARAKA,SOUTH THARAKA,CHIAKARIGA,CHIAKARIGA,DHMT,3,MOH,-0.28,37.92,7a97bba2-3479-41fe-a4e0-e09215d12b44,4221235.09088094,-31169.5814877146
1270,24,MERILLE DISP,4322,EASTERN,MARSABIT,LAISAMIS,MERILLE,MERILLE,1:50000 MAPS,4,MOH,1.492321,37.782325,804bef69-2988-453a-a7f5-7eefdfb1fca3,4205909.17998598,166143.199854405
1271,3,GOT KOJOWI H C,385,NYANZA,HOMA BAY,NYARONGI,EAST KWAMBWAI,KAWANGA,HD MAPS,3,MOH,-0.752199,34.2553,f870d92e-c9a5-4490-bdd0-5e2cac810d37,3813282.55297083,-83736.8150793426
1272,26,MUTHARA DISP,1145,EASTERN,NORTH MERU,TIGANIA NORTH,MUTHARA,KITHARENE,1:50000 MAPS,4,MOH,0.227599,37.7975,0ddaf2be-5ca2-449c-9b74-636609934d26,4207598.45325877,25336.2714177713
1273,25,NGURUNIT DISP,1061,EASTERN,MARSABIT,LAISAMIS,ILLAUT/NGURUNIT,NGURUNIT,DHMT,4,MISS,1.75,37.38,8c84c785-767a-4bf9-8343-0b5e064eaaef,4161122.56585257,194839.405226764
1274,3,GATUNGA MISSION DISP,1078,EASTERN,THARAKA,CENTRAL THARAKA,NKONDI,RUKURINI,SUBLOC CENTROID,4,MISS,-0.097054,38.000418,fe0f3b32-64e4-407b-941e-6c3b7766c722,4230187.18169155,-10804.0070261711
1275,4,GOT KOKECH FULL GOSPEL DISP,3858,NYANZA,HOMA BAY,ASEGO,EAST KANYADA,KOTHIDHA,ILRI MKT CENTRES,4,MISS,-0.50646,34.493117,310eba78-f65a-48ce-990d-ab4d8cdea633,3839756.22031281,-56379.6035143437
1276,27,MUTIONJURI DISP,4205,EASTERN,NORTH MERU,TIGANIA WEST,KIANJAI,KIANJAI,1:50000 MAPS,4,MOH,0.17241,37.74123,131882ab-0154-4245-9216-061e2f8056d3,4201334.50551182,19192.6223719752
1277,5,KAMANYAKI DISP,1093,EASTERN,THARAKA,SOUTH THARAKA,KAMANYAKI,KAMANYAKI,DHMT,4,MOH,-0.32,37.97,924eab1e-aa25-4b9b-abe1-02a9236e61f6,4226801.0654206,-35622.4222483127
1278,26,NORTH HORR HEALTH CENTRE,1066,EASTERN,MARSABIT,NORTH HORR,NORTH HORR,NORTH HORR,DDP,3,MISS,3.39515,37.0757,854036ab-1fb9-47de-8145-e11b83929402,4127248.04480418,378167.746451165
1279,28,MUTUATI DISP,3045,EASTERN,NORTH MERU,MUTUATI,KABACHI,AMWATHI 1,1:50000 MAPS,4,MISS,0.38513,37.99369,1cbe8a58-7177-463f-bba8-ff66b478ca24,4229438.2241575,42872.7983398587
1280,5,HOMA BAY DISTRICT HOSPITAL,1470,NYANZA,HOMA BAY,ASEGO,HOMA BAY TOWN,TOWN(HOMABAY),HD MAPS,1,MOH,-0.52474,34.4599,88c51691-2fa7-4340-b409-cde79ea0572e,3836058.52078713,-58414.6062119074
1281,27,SAGANTE DISP,3375,EASTERN,MARSABIT,GADAMOJI,SAGANTE,SAGANTE,SUBLOC CENTROID,4,MOH,2.328398,38.089029,0926af3b-964d-4656-bc36-9261dca3c559,4240051.31309023,259267.451368492
1282,6,KANYURU DISP,746,EASTERN,THARAKA,CENTRAL THARAKA,NTUGI,KANYURU,SUBLOC CENTROID,4,MOH,-0.149053,37.90093,8a281467-44bf-4035-be3b-ba9e9adc3485,4219112.22819151,-16592.5227765361
1283,29,MUTUATI H C,1149,EASTERN,NORTH MERU,MUTUATI,KABACHI,AMWATHI 1,1:50000 MAPS,3,MOH,0.385305,37.9798,f89c4bf2-a9f6-4984-8c71-608ec5938d4e,4227891.99643038,42892.2796910547
1284,6,KAMRERI (COG) DISP,2099,NYANZA,HOMA BAY,RANGWE,WEST KOCHIA,KOWILI,ILRI MKT CENTRES,4,MISS,-0.541582,34.530727,3e4a0da2-cd0a-43df-b3ab-047d89fe7c08,3843942.94636155,-60289.5302575484
1285,30,SONGA DISP,1062,EASTERN,MARSABIT,CENTRAL,SONGA,SONGA,DDP,4,MOH,2.21373,38.0581,1d9fd682-d0bd-4afa-a282-b467a88d58e0,4236608.31255949,246492.631692416
1286,30,MWERAO-NKANGA DISP,2742,EASTERN,NORTH MERU,AKITHI,AKITHI,THINYAINE,DHMT,4,MOH,0.243768,37.656957,a1f9a01d-487e-4a6b-bb7c-f8f7a68314b5,4191953.2780642,27136.2114982973
1287,7,KATHAGACHINI  DISP,759,EASTERN,THARAKA,NORTH THARAKA,KATHANGACHINI,KATHANGACHINI,DHMT,4,MOH,-0.12,38.13,3e757782-440c-4295-bfdc-28e27e5f7c6f,4244612.18394753,-13358.3486612357
1288,7,KANYAMKAGO OBER DISP,3331,NYANZA,HOMA BAY,RIANA,CENTRAL KABUOCH,KAWERE/KAWUOR,GPS,4,MOH,-0.69557,34.51781,fb9040f2-dc80-4c42-95eb-e62a64d56035,3842505.03249897,-77432.4002229558
1289,31,TURBI DISP,3380,EASTERN,MARSABIT,MAIKONA,TURBI,TURBI,SUBLOC CENTROID,4,MOH,2.997043,38.355247,d70a1998-1997-4fae-a78f-80ab84e664f0,4269686.56529024,333781.548375804
1290,8,KIRANDA DISP,3224,NYANZA,HOMA BAY,RANGWE,EAST KAGAN,KANYARUANDA,ILRI MKT CENTRES,4,MISS,-0.464907,34.591528,6d42ce1e-ad4b-478a-8c97-5ccc1ada2c15,3850711.28272127,-51753.7784169839
1291,31,NKINYANGA DISP,3805,EASTERN,NORTH MERU,TIGANIA NORTH,ANTUANDURU,ANTUANDURU,DHMT,4,MISS,0.269916,37.842063,3aa3a896-60bf-4d6d-9679-886a4db80bc8,4212559.18372698,30047.0228150653
1292,10,MATERI GIRLS SCH DISP,3447,EASTERN,THARAKA,SOUTH THARAKA,TUNYAI,KITHINO,DHMT,4,MISS,-0.193403,37.8041,3b4469e1-e70c-485e-889b-3f34e65a0ed6,4208333.161898,-21529.5643630305
1293,2,GACABARI DISP,3391,EASTERN,MBEERE,GACHOKA,KIAMBERE,GACABARI,1:50000 MAPS,4,MOH,-0.672321,37.82321,1f6a0cad-f36f-4b49-9466-74f356a73e6d,4210460.47736706,-74844.1489603037
1294,9,LAMBWE FOREST DISP,1399,NYANZA,HOMA BAY,NDHIWA,WEST KANYAMWA,KAYAMBO,HD MAPS,4,MOH,-0.67757,34.307,b49b6e10-d96f-4acb-b768-423d090f0700,3819037.77064484,-75428.5055124705
1295,11,MATIRI MISSION HOSPITAL,3556,EASTERN,THARAKA,SOUTH THARAKA,CHIAKARIGA,CHIAKARIGA,DHMT,1,MISS,-0.31234,37.91243,e5da781b-70e3-4784-9421-de3be580aa26,4220392.40233563,-34769.7019653066
1296,0,NTHAMBIRO CATHOLIC DISP,0,EASTERN,NORTH MERU,IGEMBE EAST,NGUYUYU,NTHAMBIRO,DHMT,4,MISS,0.241231,38.035183,57adabae-07bd-4351-b2f5-43ec2563e54a,4234057.20378898,26853.7914205908
1297,4,IRIAMURAI DISP,806,EASTERN,MBEERE,GACHOKA,MAVURIA,MAVURIA,DSA/DFH(MOH)-UNFPA REPORT,4,MISS,-0.712575,37.661,a0e7a8d7-42c2-4277-96d6-2613412ed797,4192403.34276548,-79325.5311045576
1298,12,MUKOTHIMA H C,2705,EASTERN,THARAKA,NORTH THARAKA,THITI,THITI,DHMT,3,MISS,0.03,37.93,66de261f-9568-4227-96d6-979cd2ffb945,4222348.28578887,3339.58487639469
1299,10,MAGINA H C,1401,NYANZA,HOMA BAY,RIANA,CENTRAL KABUOCH,KAWERE/KAWUOR,HD MAPS,3,MOH,-0.69035,34.5158,0ed133dc-1a2f-4b3d-a2f1-2d94eec11c07,3842281.28032248,-76851.2699788238
1300,32,NTHAMBIRO DISP,3807,EASTERN,NORTH MERU,IGEMBE EAST,NGUYUYU,NTHAMBIRO,SUBLOC CENTROID,4,MOH,0.246372,38.043906,33703b60-06f7-4ff2-bba1-730e1e27d2ef,4235028.24370717,27426.090104027
1301,5,ISHIARA SUB-DISTRICT HOSPITAL,841,EASTERN,MBEERE,EVURORE,ISHIARA,EVURORE,HD MAPS,1,MOH,-0.452179,37.7833,6667d032-4c60-4fa0-85ce-752f84fb32e1,4206017.7164895,-50336.8585590857
1302,11,MALELA DISP,1403,NYANZA,HOMA BAY,ASEGO,HOMA BAY TOWN,TOWN(HOMABAY),ILRI MKT CENTRES,4,MISS,-0.528492,34.459601,e21faa49-1682-4519-a10b-bbe13dfc3e8b,3836025.23625939,-58832.2945840228
1303,14,NKONDI DISP,1156,EASTERN,THARAKA,CENTRAL THARAKA,NKONDI,NKONDI,DDP,4,MOH,-0.04053,37.956,59282b57-3840-4e26-bf0b-5885058d343e,4225242.5925495,-4511.77933811853
1304,33,NYAMBENE DISTRICT HOSPITAL,4423,EASTERN,NORTH MERU,IGEMBE CENTRAL,MAUA,KAIBU,1:50000 MAPS,1,MOH,0.242123,37.93232,a624bec6-8c72-4aae-b29e-6fc3cad8fdb3,4222606.54700751,26953.089289736
1305,6,KABUGURI DISP,3420,EASTERN,MBEERE,GACHOKA,MAVURIA,GICHICHE(MBEERE),DSA/DFH(MOH)-UNFPA REPORT,4,MOH,-0.728532,37.7055,2380f766-189f-411e-871f-23e59587aba9,4197357.06010578,-81101.9967028795
1306,12,MALELA DISP,1100,NYANZA,HOMA BAY,NDHIWA,NORTH KANYAMWA,KAKAETA,GPS,4,MOH,-0.58486,34.39193,93118e58-c60a-4a91-ba10-10d13dac30e0,3828492.13499792,-65107.4480707069
1307,0,ST JOHN'S DISP,0,EASTERN,NORTH MERU,URINGU,MBEU,KIMEREI,DHMT,4,MISS,0.074744,37.770015,05424e3e-fb9f-4692-8fd3-8095f83a4ca0,4204538.83705431,8320.46637981473
1308,16,RUUNGU DISP,4127,EASTERN,THARAKA,CENTRAL THARAKA,KAROCHO,KAROCHO,DHMT,4,MISS,-0.1,37.88,c4d9965d-9a6d-4aeb-9982-3b2745bfab0e,4216782.31124921,-11131.9547309709
1309,0,KAMBORA DISP,0,EASTERN,MBEERE,SIAKAGO,NTHAWA,RIANDU,DHMT,4,MISS,-0.53,37.59,f4ce437a-28dc-4b8d-81c5-c211ae8fa73c,4184499.65891916,-59000.1715380381
1310,34,ST. JOHN CATHOLIC DISP,0,EASTERN,NORTH MERU,IGEMBE SOUTH,KABULINE,AMUNG'ENTI,DHMT,4,MISS,0.169265,37.998695,ce8c269f-523f-463e-9feb-aaa615883231,4229995.37820892,18842.5210171152
1311,9,THARAKA DISTRICT HOSPITAL,1170,EASTERN,THARAKA,CENTRAL THARAKA,MARIMANTI,KIRANGARE,DHMT,1,MOH,-0.16,37.97,22bc10aa-9137-40d0-a75d-9da8179f57ea,4226801.0654206,-17811.1416760934
1312,13,MANYATTA S D A HOSPITAL,3128,NYANZA,HOMA BAY,RANGWE,EAST KAGAN,KOMENYA,HD MAPS,1,MISS,-0.4932,34.6169,f5a4ddc8-b467-422a-a622-104614d42126,3853535.68084168,-54903.4508939752
1313,8,KAMUMU DISP,808,EASTERN,MBEERE,EVURORE,KIANGOMBE,KATHERA(MBEERE),DSA/DFH(MOH)-UNFPA REPORT,4,MOH,-0.500292,37.7249,fc2d2afc-fcda-445e-a5e9-d63aaba8f039,4199516.65822717,-55692.9583951988
1314,35,ST. JOSEPH DISP (NYAMBENE),3949,EASTERN,NORTH MERU,IGEMBE NORTH,MUKULULU,LIBURU,DHMT,4,MISS,0.255214,37.883342,d9ad970e-ef5a-49be-bb67-c4d38866b781,4217154.34098744,28410.3864719214
1315,18,TUNYAI DISP,1160,EASTERN,THARAKA,NORTH THARAKA,GATUE,GATUNGA,DHMT,4,MOH,-0.17,38.04,3a7bab5b-bbf8-419b-aec2-0e4bbaf4fc01,4234593.42977613,-18924.3412014345
1316,14,MARINDI DISP,1404,NYANZA,HOMA BAY,ASEGO,EAST KANYADA,KALANYA KANYANGO,HD MAPS,4,MOH,-0.663833,34.5061,32a041c0-eae6-4a95-8eb8-5d98e13a0469,3841201.48126178,-73899.2048855156
1317,10,KANYUAMBORA DISP,812,EASTERN,MBEERE,EVURORE,KANYUOMBORA,NGURA,DSA/DFH(MOH)-UNFPA REPORT,4,MOH,-0.466099,37.7169,7f310a16-1412-44e0-a171-4f608c2759d8,4198626.10230083,-51886.4756295591
1318,19,USUENI DISP,4128,EASTERN,THARAKA,NORTH THARAKA,KATHANGACHINI,KATHANGACHINI,DHMT,4,MOH,-0.13,38.2,e4354950-2057-46ff-8b4e-f0eb9ceac3c9,4252404.54830306,-14471.5462197945
1319,36,TIGANIA CATHOLIC HOSPITAL,1183,EASTERN,NORTH MERU,TIGANIA NORTH,MUTHARA,ATHANJA,DHMT,1,MISS,0.20715,37.783821,9ac817d1-027f-4dc9-9031-771bfa575950,4206075.7139442,23059.8827556704
1320,16,MIROGI MISS H C,1453,NYANZA,HOMA BAY,NDHIWA,WEST KANYAMWA,KAYAMBO,HD MAPS,3,MISS,-0.68961,34.3364,8d34c5ae-0d1a-41db-8a94-3a7f198a00c4,3822310.56367416,-76768.887582162
1321,11,KARABA DISP,813,EASTERN,MBEERE,MWEA,KARABA,KARABA(MBEERE),DSA/DFH(MOH)-UNFPA REPORT,4,MOH,-0.776973,37.3704,f29bd051-057c-4ca7-9680-8645caaacd88,4160053.89874096,-86494.8897366976
1322,1,ALIJUGUR DISP,1187,N. EASTERN,GARISSA,JARAJILA,FAFI,FAFI,1:50000 MAPS,4,MOH,-0.41064,40.5711,c85f2cc9-cc55-4980-88ec-175ce935cc2c,4516354.19292299,-45712.6270481625
1323,37,TIIRA DISP,3808,EASTERN,NORTH MERU,IGEMBE S/WEST,NDUGUTO,TIIRA,SUBLOC CENTROID,4,MISS,0.143445,37.943294,74cfa082-f14d-41c2-91ee-f833a8e1ab8a,4223828.16709948,15968.241038212
1324,17,NDHIWA H C,1455,NYANZA,HOMA BAY,NDHIWA,WEST KANYAMWA,KWAMO,HD MAPS,3,MOH,-0.732657,34.3322,8bf77225-8116-4748-af07-a8bd69b2b51f,3821843.02181283,-81561.2269362932
1325,0,KARABA WANGO DISP,0,EASTERN,MBEERE,MWEA,KARABA,KARABA(MBEERE),DHMT,4,MISS,-0.79,37.38,7d6566ec-b936-4d25-96a2-c9d48b55fa1d,4161122.56585257,-87945.184339379
1326,0,URINGU DISP,4694,EASTERN,NORTH MERU,URINGU,NKOMO,KILENCHUNE,DHMT,4,MOH,0.145962,37.734072,3bcaf1f0-827c-47b9-8b2f-af28770e8dfe,4200537.68059673,16248.4330901529
1327,18,NDIRU H C,1456,NYANZA,HOMA BAY,RANGWE,WEST KAGAN,KANYIRIEMA,HD MAPS,3,MOH,-0.50254,34.5812,4f92718d-305f-43ba-b240-9231fab8c90f,3849561.57502035,-55943.214193541
1328,2,BENANE DISP,1189,N. EASTERN,GARISSA,BENANE,TOKOJO,TOKOJO,1:50000 MAPS,4,MOH,0.42712,38.831,58f62145-197e-4cdd-b93c-fd983e027fd2,4322647.14699361,47547.2212905357
1329,19,NYAGORO H C,1412,NYANZA,HOMA BAY,RANGWE,EAST KOCHIA,KORAYO,HD MAPS,3,MOH,-0.507608,34.5293,6795600c-ef2f-4906-bde0-ffca3e389acb,3843784.09344818,-56507.4032938781
1330,0,BARAGU DISP,0,EASTERN,SOUTH MERU,MWIMBI,GANGA,KIRUMI,DHMT,4,MOH,-0.24,37.67,4cf71778-ebcc-4a06-a42b-3c1ff6c77e0a,4193405.21818262,-26716.755919031
1331,3,KATHANJE DISP,2520,EASTERN,MBEERE,SIAKAGO,MUMINJI,GANGARA,1:50000 MAPS,4,MOH,-0.621172,37.70991,953880f0-163d-4044-b745-323e00e2eb91,4197847.97906018,-69149.9053724626
1332,3,BODHAI DISP,0,N. EASTERN,GARISSA,IJARA,BODHAI,BODHAI,1:50000 MAPS,4,MOH,-1.84772,40.526,cf3c4ed0-f81e-42e9-8a13-70b70f2de494,4511333.68388821,-205722.910741371
1333,20,NYAGWETHE DISP,3479,NYANZA,HOMA BAY,RANGWE,GEM WEST,KANYANJWA,ILRI VILLAGES,4,MISS,-0.65,34.57,7bd2dc28-c20a-4a9d-8fe9-4e0d010696e5,3848314.79672347,-72359.2211479353
1334,0,CHEERA DISP,2685,EASTERN,SOUTH MERU,CHUKA,KITHANGANI,KITHANGANI,DHMT,4,MISS,-0.35,37.71,f145790f-0e5e-4993-9dbc-e48f7c321e8a,4197857.99781435,-38962.0640940828
1335,13,KIAMBERE HEALTH CENTRE,836,EASTERN,MBEERE,GACHOKA,KIAMBERE,KIAMBERE,DSA/DFH(MOH)-UNFPA REPORT,3,MOH,-0.691489,37.8007,ec5eb676-2a74-4907-882f-3a925e18e271,4207954.6756293,-76978.0720981981
1336,1,CHUKA CONSOLATA COTTAGE HOSPITAL,1166,EASTERN,SOUTH MERU,CHUKA,KIANG'ONDU,KIANG'ONDU,ILRI MKT CENTRES,1,MISS,-0.32926,37.648978,7678c98b-a09b-4cd1-a096-ea111d63e5ad,4191065.05984717,-36653.2572800713
1337,4,BULA IFTIN DISP,0,N. EASTERN,GARISSA,CENTRAL,IFTIN,IFTIN,SUBLOC CENTROID,4,NGO,-0.48067,39.660428,8d6affcc-0081-4e94-98b3-45522e53110e,4414978.64960329,-53508.5672980638
1338,21,NYARONGI DISP,686,NYANZA,HOMA BAY,NYARONGI,WEST KWAMBWAI,KASIRIME,GPS,4,MOH,-0.75899,34.26434,84a6600b-49b6-4f53-8fe1-788004684871,3814288.8811676,-84492.8514831263
1339,14,KIAMURINGA DISP,818,EASTERN,MBEERE,GACHOKA,MBETI SOUTH,KIAMURINGA,DSA/DFH(MOH)-UNFPA REPORT,4,MOH,-0.571812,37.5288,2e850962-b210-4714-9020-c90cf6385525,4177686.90608261,-63654.8773539039
1340,22,OBER KABUOCH DISP,4361,NYANZA,HOMA BAY,RIANA,WEST KABUOCH,KACHIENG WEST,HD MAPS,4,MOH,-0.75021,34.4258,29140efb-1e05-469a-9d52-f0c596279c98,3832262.52615108,-83515.3815804125
1341,5,BULLAMEDINA DISP,0,N. EASTERN,GARISSA,CENTRAL,TOWNSHIP,MEDINA,SUBLOC CENTROID,4,MOH,-0.349028,39.724797,b6b9b5d8-0e90-4128-a218-1db9f8b38451,4422144.17390617,-38853.8595357799
1342,23,OBERA HEALTH CENTRE,0,NYANZA,HOMA BAY,RIANA,WEST KABUOCH,KACHIENG EAST,DDP,3,MOH,-0.69451,34.4844,ac956995-cde4-45d6-9bf0-9723a72b6c42,3838785.84831157,-77314.3928801487
1343,6,BURA DISP,1190,N. EASTERN,GARISSA,BURA,BURA,BURA(GARISSA),1:50000 MAPS,4,MOH,-1.0164,39.9782,d7b51f7e-49b8-4963-80ad-c4e7bdd7a577,4450352.86683166,-113151.065197812
1344,15,KIRIE DISP,820,EASTERN,MBEERE,SIAKAGO,MUTITU,KIRIE,DSA/DFH(MOH)-UNFPA REPORT,4,MOH,-0.573522,37.7739,516534b4-70ce-4760-ac49-3612640d347d,4204971.31327604,-63845.2431917213
1345,24,OGANDE C P K DISP,2952,NYANZA,HOMA BAY,ASEGO,EAST KANYADA,KANYACH KACHAR,HD MAPS,4,MISS,-0.58438,34.5003,5ee2f79c-6914-41c3-b18e-e6c0131e3ff1,3840555.82821518,-65054.0119334725
1346,7,DAADAB SUB- HEALTH CENTRE,1191,N. EASTERN,GARISSA,JARAJILA,YUMBIS,YUMBIS,1:50000 MAPS,3,MOH,-0.08411,40.212,39fadf41-ab02-4593-a8e7-f0ad29502293,4476379.36377912,-9363.08573354723
1347,16,KIRITIRI HEALTH CENTRE,839,EASTERN,MBEERE,GACHOKA,KIANJIRU,NYANGWA,DSA/DFH(MOH)-UNFPA REPORT,3,MOH,-0.678952,37.6411,8ef13103-725b-4e0a-9b97-cd979cc89e3a,4190188.0848987,-75582.3598288545
1348,21,KITOLOLONI CATHOLIC DISP,0,EASTERN,MBEERE,MWEA,MAKIMA,MWEA,1:50000 MAPS,4,MISS,-0.754054,37.51126,6238521c-4dae-4626-89c0-94818c38239f,4175734.3622141,-83943.3305752698
1349,8,DAGAHALEY HOSPITAL,2512,N. EASTERN,GARISSA,DADAAB,DAGAHALEY,DAGAHALEY(GARISSA),ILRI MKT CENTRES,1,MISS,0.150541,40.342856,20852510-6f43-4c03-83cb-8a172d75f8f0,4490946.18706637,16758.1667449701
1350,9,GALMAGALLA DISP,1192,N. EASTERN,GARISSA,HULUGHO,GALMAGALA,KORANHINDI,1:50000 MAPS,4,MOH,-1.23551,40.816,ded783d0-af80-4b04-8564-6b96c29c6336,4543616.33621826,-137547.00423631
1351,0,LIVIERO DISP,0,EASTERN,MBEERE,GACHOKA,MBETI SOUTH,GACHOKA,DHMT,4,MISS,-0.64,37.55,0074d9e2-cb18-4a6e-aece-e87b1549efa5,4180046.87928743,-71245.9556981212
1352,17,MACHANGA DISP,822,EASTERN,MBEERE,GACHOKA,MAVURIA,MAVURIA,DSA/DFH(MOH)-UNFPA REPORT,4,MOH,-0.777543,37.6599,9eb2563b-3ee4-4974-9829-44c00adf8a8b,4192280.89132561,-86558.3476854009
1353,10,GARISSA DISP (MCH/FP),1200,N. EASTERN,GARISSA,CENTRAL,TOWNSHIP,TOWNSHIP(GARISSA),ILRI MKT CENTRES,4,MOH,-0.448781,39.649818,7961e656-d9c2-41d4-a5ef-f9800a462942,4413797.54980598,-49958.5832375093
1354,18,MAKIMA DISP,824,EASTERN,MBEERE,MWEA,MAKIMA,MAKIMA,DSA/DFH(MOH)-UNFPA REPORT,4,MOH,-0.766714,37.5773,36688d45-acc2-439b-b266-a83c9888ae98,4183085.90138608,-85352.7594474986
1355,11,GARISSA PROVINCIAL GENERAL HOSPITAL,1209,N. EASTERN,GARISSA,CENTRAL,WABERI,WABERI,1:50000 MAPS,2,MOH,-0.334012,39.7739,ff2425ed-3d8f-499f-afc8-3abf9fd7e117,4427610.29486259,-37182.2563618611
1356,20,MASHAMBA DISP,4258,EASTERN,MBEERE,MWEA,MAKIMA,MAKIMA,1:50000 MAPS,4,MISS,-0.762324,37.572321,281314d3-bf69-48b7-a8e4-ffdf1f24f580,4182531.64164142,-84864.0233747833
1357,12,HAGADERA HOSPITAL,2513,N. EASTERN,GARISSA,JARAJILA,WELMERER,WELMERER,ILRI MKT CENTRES,1,MISS,0.01613,40.371544,1ea063bc-136d-498d-b24b-9ee4a2b777cd,4494139.72061824,1795.58341021576
1358,22,MBEERE DISTRICT HOSP,843,EASTERN,MBEERE,SIAKAGO,NTHAWA,SIAKAGO,1:50000 MAPS,1,MOH,-0.575225,37.640991,af950f23-e6cc-42f4-a6d8-7f3c5cf16696,4190175.9510742,-64034.829810699
1359,13,HORA DISP,0,N. EASTERN,GARISSA,MASALANI,HARA,HARA(GARISSA),DDP,4,MOH,-1.83404,40.2083,05cdbf2e-51df-479d-8b58-5c042da63894,4475967.48166319,-204199.273746535
1360,23,MBONDONI DISP,3421,EASTERN,MBEERE,MWEA,MAKIMA,MWEA,DSA/DFH(MOH)-UNFPA REPORT,4,MOH,-0.817921,37.5315,de23f56e-1108-4afd-9fd6-5c05253fb8f3,4177987.46870775,-91053.6418800175
1361,14,HULUGHO SUB HEALTH CENTRE,1194,N. EASTERN,GARISSA,HULUGHO,HADI,HADI,1:50000 MAPS,3,MOH,-1.57508,41.5061,ebe8226b-8cb6-42fb-a8d7-5d13962c77dc,4620437.9168147,-175359.191976453
1362,15,IFO HOSPITAL,2511,N. EASTERN,GARISSA,DADAAB,DADAAB,DADAAB,ILRI MKT CENTRES,1,MISS,0.07,40.32,7f3e71e3-15d8-41f3-9623-89be5ba8c766,4488401.8687848,7792.36629404765
1363,24,MOTHER MAZERERO MISSION DISP,825,EASTERN,MBEERE,GACHOKA,MBETI SOUTH,GACHOKA,SUBLOC CENTROID,4,MISS,-0.639417,37.535814,762ebcfa-31cd-423e-9a52-1f32491c858b,4178467.70099104,-71181.0523896886
1364,16,IFTIN HEALTH CENTRE,4709,N. EASTERN,GARISSA,CENTRAL,BOUR-ALGI,BOUR-ALGI,TOWN PLAN(1:5000),3,MISS,-0.52509,39.7138,1b7021e3-19fb-444d-8c68-7519d5ae96ac,4420919.99346591,-58453.5696688359
1365,25,MUTHATHARA DISP,3760,EASTERN,MBEERE,EVURORE,ISHIARA,KAMARANDI(MBEERE),DSA/DFH(MOH)-UNFPA REPORT,4,MOH,-0.431906,37.8879,5b4b847e-d3ac-40ea-9208-36e132d542ba,4217661.73522648,-48080.0113439497
1366,17,IJARA DISP,1195,N. EASTERN,GARISSA,IJARA,SANGOLE,BULLA-WACHA,1:50000 MAPS,4,MOH,-1.54577,40.6083,29c6f763-0f20-4443-8647-b5b9f82cfbf3,4520495.2779805,-172095.2072576
1367,51,MWEA COTTAGE HOSPITAL,0,EASTERN,MBEERE,MWEA,MAKIMA,MWEA,ILRI VILLAGES,1,MISS,-0.75,37.48,c5d63f37-5617-441f-bb8a-a0bf3f0a4f67,4172254.5149319,-83492.0024838433
1368,18,ISLAMIC AFRICAN RELIEF AGENCY DISP,1196,N. EASTERN,GARISSA,CENTRAL,WABERI,WABERI,TOWN PLAN(1:5000),4,MISS,-0.374338,39.7138,52e9c4bb-9c02-42f3-8249-2e5374b07013,4420919.99346591,-41671.4120079637
1369,26,NGANDURI DISP,828,EASTERN,MBEERE,GACHOKA,KIANJIRU,KIRIMA(MBEERE),DSA/DFH(MOH)-UNFPA REPORT,4,MOH,-0.698898,37.5972,ef3e9e40-3bb0-454a-a287-74071fd04603,4185301.15925287,-77802.8989207235
1370,19,KORA KORA DISP,1197,N. EASTERN,GARISSA,CENTRAL,KORAKORA,KORAKORA,1:50000 MAPS,4,MOH,-0.5653,39.7849,f12c34b1-8a10-49be-a936-fd37da3366cf,4428834.80926132,-62929.929137159
1371,27,RIACHINA DISP,2866,EASTERN,MBEERE,GACHOKA,KIAMBERE,RIACHINA,DSA/DFH(MOH)-UNFPA REPORT,4,MOH,-0.78951,37.8331,51a7daa7-2ad8-48ee-88f6-7cdba749a4a4,4211561.427131,-87890.6326067237
1372,28,RIAKANAU DISP,831,EASTERN,MBEERE,MWEA,RIAKANAU,RIAKANAU,DSA/DFH(MOH)-UNFPA REPORT,4,MOH,-0.841058,37.4046,9c14704a-d235-416c-8ee7-c2df2b7f5552,4163861.02532609,-93629.5108931948
1373,20,KOTILE DISP,0,N. EASTERN,GARISSA,MASALANI,KOTILE,BULLA WARADE,1:50000 MAPS,4,MOH,-1.91216,40.2489,49af1b55-e59a-41ae-9d2c-e7518ad7e2b2,4480487.05298939,-212900.202192627
1374,29,RIANDU DISP,2282,EASTERN,MBEERE,SIAKAGO,NTHAWA,RIANDU,DSA/DFH(MOH)-UNFPA REPORT,4,MOH,-0.526221,37.5887,ffa19c9b-081b-4668-9438-af88ac66fe45,4184354.94358113,-58579.4773117073
1375,21,LIBOI HEALTH CENTRE,1205,N. EASTERN,GARISSA,LIBOI,LIBOI,LIBOI,1:50000 MAPS,3,MOH,0.34724,40.8309,3ffa8435-b529-4a67-92cb-5f685e2b237f,4545274.99663108,38654.8166120388
1376,30,RWIKA DISP,832,EASTERN,MBEERE,GACHOKA,MBETI SOUTH,KIAMURINGA,DSA/DFH(MOH)-UNFPA REPORT,4,MOH,-0.600877,37.4826,589df342-26e6-49a3-922d-68e6c5069a6a,4172543.94560796,-66890.5478187572
1377,22,MASABUBU DISP,1198,N. EASTERN,GARISSA,BURA,MANSABUBU,MANSABUBU,1:50000 MAPS,4,MOH,-1.23551,40.0427,e4e23373-ecef-4587-977c-55aad8904a49,4457532.97398782,-137547.00423631
1378,31,SIAKAGO DISP (DON BOSCO),833,EASTERN,MBEERE,SIAKAGO,NTHAWA,SIAKAGO,DSA/DFH(MOH)-UNFPA REPORT,4,MISS,-0.574662,37.6451,1b5b0201-ac77-4bec-a5ea-69ce93d153eb,4190633.36286187,-63972.1537818474
1379,23,MASALANI HEALTH CENTRE,1207,N. EASTERN,GARISSA,MASALANI,MASALANI,MUHUMED DAHIR,1:50000 MAPS,3,MOH,-1.6501,40.2964,3068f8ae-9f08-425f-843a-5f87e8ad76d7,4485774.72880208,-183713.689526131
1380,0,ST JOHN BAPTIST DISP,0,EASTERN,MBEERE,SIAKAGO,MUTITU,KIRIE,DHMT,4,MISS,-0.57,37.78,2f501edd-ac58-42a7-a5ae-ab2dce8a8a52,4205650.36216988,-63453.1564227191
1381,24,MBALAMBALA DISP,1199,N. EASTERN,GARISSA,BALAMBALA,BALAMBALA,BALAMBALA,1:50000 MAPS,4,MOH,0.00824,39.0759,67e85c9f-c8e3-401a-9b6b-0b834090b839,4349909.29028888,917.272607305173
1382,25,MODOGASHE HEALTH CENTRE,1208,N. EASTERN,GARISSA,MODOGASHE,MODOGASHE,MODOGASHE,1:50000 MAPS,3,MOH,0.66606,39.143,a2ff59ab-3326-4360-9d43-728758011dc5,4357378.82812111,74147.1300876001
1383,35,WACHORO DISP,834,EASTERN,MBEERE,MWEA,KARABA,WACHORO,DSA/DFH(MOH)-UNFPA REPORT,4,MOH,-0.759876,37.3105,22014615-745c-43cf-a7d0-068a5c32aa27,4153385.86124244,-84591.4892164114
1384,26,NANIGHI DISP,1201,N. EASTERN,GARISSA,BURA,KAMUTHE,KAMUTHE,1:50000 MAPS,4,MOH,-0.68774,39.8558,cb7c9fd8-45eb-4a00-8947-47e882711778,4436727.36115856,-76560.7050962924
1385,2,BORI DISP,3378,EASTERN,MOYALE,CENTRAL,BORI,BORI,1:50000 MAPS,4,MOH,3.44123,39.00012,7bf34da2-2d79-4643-847f-9d465e34053c,4341473.49927657,383306.490812889
1386,27,SAKA DISP,1202,N. EASTERN,GARISSA,SANKURI,SAKA,SAKA,1:50000 MAPS,4,MOH,-0.10131,39.366,397b5f90-4046-4f2b-8964-8e9a0c771f1f,4382203.07456801,-11277.7834889413
1387,28,SANGAILU DISP,2500,N. EASTERN,GARISSA,SANGAILU,SANGAILU,MATTA-ARBA,1:50000 MAPS,4,MOH,-1.39017,40.8289,3f44259a-c22a-468a-922f-af259d6539b0,4545052.35764949,-154768.202479708
1388,29,SANKURI DISP,1203,N. EASTERN,GARISSA,SANKURI,SANKURI,BALICH,1:50000 MAPS,4,MOH,-0.16575,39.4755,776bd1f3-6db9-40f0-8882-7acb46c9d723,4394392.55880988,-18451.2313346923
1389,30,SHANTABAK DISP.,3480,N. EASTERN,GARISSA,SHANT-ABAK,GOREALE,GOREALE,1:50000 MAPS,4,MOH,0.24409,39.6306,ac294a70-5601-4c63-8280-69156e12268f,4411658.21183192,27172.0566991796
1390,31,Y.M.A. DISP,1204,N. EASTERN,GARISSA,CENTRAL,BOUR-ALGI,BOUR-ALGI,TOWN PLAN(1:5000),4,MISS,-0.499716,39.6983,77574fa9-8959-479c-9297-b36a2d76e213,4419194.54135862,-55628.83592688
1391,3,ARABIA DISP,1210,N. EASTERN,MANDERA,FINO,ARABIA,ARABIA,DDP,4,MOH,3.537979,41.582429,e4cdae25-fcfc-4bd9-a843-fec043760e65,4628934.82222746,394096.547810489
1392,4,AS-HABITO DISP,4375,N. EASTERN,MANDERA,ASHABITO,ASHABITO,ASHABITO,DDP,4,MOH,3.33798,40.867,497607b4-e5d8-4e6b-b318-be8bbcfc0b4c,4549293.63024872,371792.609106936
1393,5,BANISA DISP,1211,N. EASTERN,MANDERA,BANISA,BANISA,BANISA,DDP,4,MOH,3.911244,40.35221,63b9804b-1fda-4bf5-ae9c-4a832fd77c58,4491987.46958325,435736.242747598
1394,6,DANDU DISP,4376,N. EASTERN,MANDERA,DANDU,DANDU,DANDU,DDP,4,MOH,3.42234,39.862221,b9d740c6-c799-4e87-8784-828af8bfe860,4437442.14360894,381199.888007152
1395,7,ELWAK HEALTH CENTRE,1212,N. EASTERN,MANDERA,ELWAK,ELWAK SOUTH,ELWAK SOUTH,DDP,3,MOH,2.784906,40.935457,adb0297e-259e-4a42-9196-f00a81a9b5ba,4556914.22862995,310136.459236327
1396,8,KALALIYO DISP,2532,N. EASTERN,MANDERA,KHALALIO,KHALALIO,KHALALIO,SUBLOC CENTROID,4,MOH,3.950161,41.619151,6ae141de-d1a4-4429-b485-4d293e9bb5ce,4633022.69656837,440078.678213824
1397,9,KUTULO DISP,3395,N. EASTERN,MANDERA,KOTULO,KOTULO,KOTULO(MANDERA),DDP,4,MOH,2.37357,40.7295,15688f98-a9c1-4936-abdb-8da56c6cfd18,4533987.20026464,264300.211668435
1398,10,LIBEHIA DISP,3955,N. EASTERN,MANDERA,LIBEHIA,LIBEHIA,LIBEHIA,DDP,4,MOH,3.801036,41.490197,cf33d9e9-f07c-40aa-8085-e8e7b9df7318,4618667.60295262,423440.10458425
1399,11,MALKA MARI DISP,0,N. EASTERN,MANDERA,MALKAMARI,MALKAMARI,MALKAMARI,DDP,4,MOH,4.277132,40.766331,423bcb75-73d9-439b-b776-65278085b920,4538087.20843005,476570.987540321
1400,12,MANDERA DISTRICT HOSPITAL,1215,N. EASTERN,MANDERA,CENTRAL,BULLA JAMHURIA,BULLA POWER,DDP,1,MOH,3.954424,41.861814,e1ab5a28-2b77-4efc-b2c0-a70705adabab,4660035.81816273,440554.364486289
1401,18,MASENO MISS. HOSPITAL,1327,NYANZA,KISUMU,MASENO,N.W. KISUMU,EAST KARATENG,MEDS,1,MISS,0.00348,34.61018,d94e17b1-2a69-4dbc-91f8-ebcc7d7c5ad9,3852787.61386355,387.391828200627
1402,19,MIGOSI DISP,1320,NYANZA,KISUMU,WINAM,CENTRAL KOLWA,KASULE,DDP,4,LA,-0.069119,34.7892,36cb6302-59bb-4f57-bfc8-ab5d88d6a508,3872716.02910536,-7694.29375037314
1403,20,MIRANGA DISP,1321,NYANZA,KISUMU,MASENO,OTWENYA,EAST KOLUNJE,DDP,4,MOH,-0.059824,34.579,fcf386f2-2d46-4468-90c6-c2cb325ef700,3849316.67214061,-6659.57842725421
1404,21,MOSQUE DISP,1297,NYANZA,KISUMU,WINAM,TOWNSHIP,KALOLENI(KISUMU),SUBLOC CENTROID,4,LA,-0.096339,34.767528,fa2d16eb-a962-4fbc-9ce6-9847e78eb483,3870303.51310088,-10724.4134769012
1405,22,NDURU KADERO DISP,85,NYANZA,KISUMU,KOMBEWA,S.C. SEME,WEST KANYADWERA,DDP,4,MOH,-0.076558,34.4409,2dc30c0d-7c54-499a-b146-39e890b7609e,3833943.45046206,-8522.40011213327
1406,23,NYAHERA HC,1322,NYANZA,KISUMU,WINAM,NORTH KISUMU,NYAHERA,SUBLOC CENTROID,3,MOH,-0.031469,34.714786,7496590b-18bd-4710-9c26-52a4cda713c9,3864432.30051747,-3503.11323189459
1407,24,NYALENDA SUB-HEALTH CENTRE,3566,NYANZA,KISUMU,WINAM,WEST KOLWA,NYALENDA 'B',DDP,3,MOH,-0.136876,34.7475,607ac8ce-da70-412d-a9a0-bd7119e1c4e4,3868074.00633928,-15236.9811147814
1408,25,NYANZA PROVINCIAL GENERAL HOSP,1328,NYANZA,KISUMU,WINAM,S.W KISUMU,OJOLLA,HD MAPS,2,MOH,-0.0919,34.6732,0202f992-7159-410e-b3c4-e2db7dc44649,3859802.96817334,-10230.2655904308
1409,26,OBER KAMOTH HEALTH CENTRE,1323,NYANZA,KISUMU,WINAM,S.W KISUMU,OSIRI,DDP,3,LA,-0.131256,34.625,ac919e0f-ee40-40c3-8f26-fbfd206ef2fd,3854437.3687171,-14611.3638636127
1410,7,MBITA HEALTH CENTRE,1450,NYANZA,SUBA,MBITA,GEMBE WEST,MBITA TOWNSHIP,1:50000 MAPS,3,MOH,-0.467294,34.2043,3786aa55-2a7a-4e29-9213-287b527fdd48,3807605.25894037,-52019.5068341709
1411,13,RHAMU HEALTH CENTRE,1213,N. EASTERN,MANDERA,RHAMU,RHAMU,RHAMU,DDP,3,MOH,3.935952,41.203319,044aaa79-de02-462e-b1f8-6803af8ea9f9,4586732.49007282,438493.186524146
1412,27,OGEN DISP,3774,NYANZA,KISUMU,WINAM,S.W KISUMU,OJOLLA,SUBLOC CENTROID,4,MOH,-0.079079,34.656448,5bb10930-2671-47ca-8924-dd7338c363cf,3857938.14406357,-8803.03680728893
1413,8,NYADENDA DISP,1121,NYANZA,SUBA,CENTRAL,RUMA,NYADENDA,HD MAPS,4,MOH,-0.58124,34.25123,1449c014-7922-438e-be11-d3b2ad26ba06,3812829.4826433,-64704.4506481823
1414,14,SHIBIR FATUMA DISP,4377,N. EASTERN,MANDERA,SHIMBIR FATUMA,SHIMBIR FATUMA,SHIMBIR FATUMA,SUBLOC CENTROID,4,MISS,2.994166,40.65181,1419d4b8-d5fb-47a5-968e-99bb005eaab2,4525338.78902491,333460.843973206
1415,28,OJOLLA DISP,1303,NYANZA,KISUMU,WINAM,S.W KISUMU,OJOLLA,SUBLOC CENTROID,4,LA,-0.079079,34.656448,e8d8c730-2f38-4727-9978-5de78a6133f6,3857938.14406357,-8803.03680728893
1416,0,NYANGWETHE DISP,0,NYANZA,SUBA,GWASSI,GWASSI NORTH,NYAGWETHE,DHMT,4,MISS,-0.608032,34.098966,f234a807-7b91-4fbd-85be-ee2edebf4686,3795879.53169716,-67687.083101332
1417,15,TAKABA HEALTH CENTRE,1214,N. EASTERN,MANDERA,TAKABA,TAKABA,TAKABA,DDP,3,MOH,3.372873,40.215075,51f5728a-9ba9-4c35-b617-ad086b7f9292,4476721.67121331,375683.550542558
1418,29,ONYWONGO DISP,0,NYANZA,KISUMU,WINAM,NORTH KISUMU,BAR A,ILRI VILLAGES,4,NGO,-0.032,34.7,f453b9a5-9abe-463b-ab12-d9c58807cd11,3862786.3305266,-3562.22389057025
1419,10,NYS DISP,1418,NYANZA,SUBA,CENTRAL,RUMA,NYADENDA,HD MAPS,4,MOH,-0.62321,34.24123,541e22e1-35f2-4692-85ad-71463c79ab86,3811716.28773537,-69376.7878720284
1420,16,WARGADUD DISP,0,N. EASTERN,MANDERA,WARGADUD,WARGADUD,WARGADUD(MAND),DDP,4,MOH,3.140544,40.865514,e28f9995-70b6-4159-a14d-faa2460bb209,4549128.2094854,349778.951474115
1421,30,RAMUGHARIA SIKH DISP,1308,NYANZA,KISUMU,WINAM,TOWNSHIP,NORTHERN,SUBLOC CENTROID,4,LA,-0.097836,34.761528,e687dd08-93be-49d3-83c9-594df2d3953b,3869635.59615613,-10891.0589938729
1422,11,OGONGO HEALTH CENTRE,1420,NYANZA,SUBA,LAMBWE,LAMBWE WEST,OGONGO,HD MAPS,3,MOH,-0.58123,34.35123,b795ef01-07e2-4e79-8877-e5611a37c5b7,3823961.43172263,-64703.3373959882
1423,1,ABAKORE DISP,0,N. EASTERN,WAJIR,HABASWEIN,ABAKORE,ABAKORE,DISTRICT ESTIMATES,4,MOH,0.602452,39.716838,cf894a43-7c02-4ee6-b471-0f641cec9cc1,4421258.18207894,67065.8856840687
1424,31,RERU DISP,3568,NYANZA,KISUMU,KOMBEWA,WEST SEME,WEST RERU,DDP,4,MOH,-0.095945,34.4436,654d6285-0578-42f2-bc61-866601181ec7,3834244.0130872,-10680.5535357842
1425,12,PONGE DISP,3938,NYANZA,SUBA,MBITA,GEMBE CENTRAL,KAMRERI WEST,HD MAPS,4,MOH,-0.54123,34.25231,af2b4e9e-a156-47b3-a275-11b27e092ad8,3812949.70769336,-60250.3440473399
1426,2,AFRICA MUSLIM AGENCY DISP,3487,N. EASTERN,WAJIR,GRIFTU,GANYURE,GANYURE,DISTRICT ESTIMATES,4,MISS,1.71834,39.968956,96152397-13b8-42f7-9d00-6551cc26298b,4449323.82945876,191313.415164761
1427,32,RERU DISP,4255,NYANZA,KISUMU,KOMBEWA,WEST SEME,WEST RERU,MEDS,4,MISS,-0.10021,34.45195,22e7177f-89d5-41a0-964c-103704a04006,3835173.53083533,-11155.3318597159
1428,13,SENA HEALTH CENTRE,1429,NYANZA,SUBA,MFANGANO,MFANGANO EAST,WAKINGA,1:50000 MAPS,3,MOH,-0.4679,34.0621,55c2d67d-f8d4-4063-9680-345b501866b6,3791775.62734957,-52086.9686921835
1429,3,AJAWA DISP,1216,N. EASTERN,WAJIR,GURAR,AJAWA,AJAWA,DDP,4,MOH,3.070257,39.594792,3c4a7cb5-b448-4d9e-a2bd-82e2ebabc80e,4407672.08350559,341943.131567313
1430,33,ROTA DISP,1309,NYANZA,KISUMU,MASENO,OTWENYA,NORTH RATA,DDP,4,MOH,-0.033521,34.5332,66ab1197-8968-4457-8273-fbf634f7bd31,3844218.23946228,-3731.54086375153
1431,14,SHARE KENYA DISP,0,NYANZA,SUBA,MBITA,GEMBE WEST,MBITA TOWNSHIP,DHMT,4,NGO,-0.42172,34.212035,1a15c859-a79a-4fb3-ae3a-a6b529bc7a54,3808466.31520166,-46946.0795473337
1432,34,SIRIBA DISP,1311,NYANZA,KISUMU,MASENO,N.W. KISUMU,SUNGA,DDP,4,MOH,0.005144,34.6043,c98a841a-4d63-4f06-a512-478c513e7016,3852133.05525769,572.627461413487
1433,4,ARBAJAHAN DISP,3826,N. EASTERN,WAJIR,GRIFTU,ARBAJAHAN,ARBAJAHAN,DDP,4,MOH,2.0912,39.0811,1a6414cf-594f-4c77-932d-444b83f8d39b,4350488.15164101,232843.020995602
1434,15,SINDO RHDC ( AGG. SUBA DISTRICT HOSPITAL),1474,NYANZA,SUBA,CENTRAL,KAKSINGRI WEST,RANGWA EAST,1:50000 MAPS,1,MOH,-0.541249,34.1658,8df2dc84-905c-4aec-a2cb-edf227ea8836,3803319.45854483,-60252.4592120371
1435,35,ST. CLARES BOLO MISSION DISP,2552,NYANZA,KISUMU,WINAM,MIWANI,CENTRAL MIWANI,MEDS,4,MISS,-0.04448,34.88686,63fd4ca9-c232-422d-922d-27a85fbeb0d6,3883587.49057623,-4951.49144783888
1436,16,SOKLO DISP,4489,NYANZA,SUBA,MFANGANO,MFANGANO WEST,SOKLO SOUTH,HD MAPS,4,MOH,-0.46231,34.02231,6f25249c-770b-4228-860c-96d32ec7c963,3787346.22481091,-51464.6722352022
1437,5,BIYAMATHOW DISP,0,N. EASTERN,WAJIR,SEBULE,SARIF,SARIF,DISTRICT ESTIMATES,4,MOH,0.397138,40.801336,83af2811-7b72-453d-b124-3e5f8ed67724,4541983.94720527,44209.5539354652
1438,36,ST. MONICAS HOSPITAL KISUMU,0,NYANZA,KISUMU,WINAM,WEST KAJULU,KONYA,MEDS,1,MISS,-0.0422,34.76971,e94b8a53-b4f7-4ed9-b9f5-51feee0e2079,3870546.4122298,-4697.68293620368
1439,6,BUNA HEALTH CENTRE,1229,N. EASTERN,WAJIR,BUNA,BUNA,BUNA,DDP,3,MOH,3.019239,39.461783,2eff7c0d-00a4-48b8-9751-47a0b40aca7e,4392865.58935466,336255.805116041
1440,17,ST.  LUKE'S HEALTH CENTRE,1466,NYANZA,SUBA,MFANGANO,MFANGANO EAST,WAKINGA,DHMT,3,MISS,-0.479827,34.061272,48fdbc69-b0a7-4792-b055-fc19b0659d8b,3791683.45481119,-53414.7216707063
1441,37,TOWN HALL DISP,1315,NYANZA,KISUMU,WINAM,TOWNSHIP,BANDARI,SUBLOC CENTROID,4,LA,-0.086017,34.75684,6933f0c3-2810-4a28-86a8-fd466fe4125f,3869113.73038329,-9575.37223645781
1442,7,BUTE HEALTH CENTRE,1230,N. EASTERN,WAJIR,BUTE,BUTE,BUTE,DDP,3,MOH,3.378396,39.41198,c6bfbf07-9da6-4079-9646-4ae69c69dffc,4387321.54475468,376299.436678654
1443,18,ST. MARY'S DISP,3292,NYANZA,SUBA,MBITA,GEMBE WEST,MBITA TOWNSHIP,SUBLOC CENTROID,4,MISS,-0.46,34.20852,b71ed715-36ba-4704-805b-3e72d0c7cf4c,3808075.02719152,-51207.5158820609
1444,38,VICTORIA HOSPITAL,1331,NYANZA,KISUMU,WINAM,WEST KOLWA,NYALENDA 'B',HD MAPS,1,MOH,-0.117106,34.7576,3eae66c8-394d-4d7a-ae05-56663619b9a1,3869198.33319629,-13036.1893652127
1445,20,"TOM MBOYA MEMORIAL DISTRICT HOSP, MBITA",1467,NYANZA,SUBA,MBITA,RUSINGA WEST,KASWANGA,HD MAPS,1,MOH,-0.40123,34.17231,b99de180-8f2f-4cb7-bcb8-ecb4db06a197,3804044.14842989,-44665.0843475864
1446,8,DAMBAS DISP,0,N. EASTERN,WAJIR,TARBAJ,DAMBAS,DAMBAS,DDP,4,MOH,2.38608,39.9967,473e4b54-0d06-4d3e-a394-3a5318c8cdb2,4452412.27741133,265694.020642572
1447,1,BUGUMBE HEALTH CENTRE,1390,NYANZA,KURIA,MABERA,TAGARE,MABERA,1:50000 MAPS,3,MOH,-1.16137,34.4367,9b87e4e2-ae7c-4913-bdd2-b514619eb210,3833475.90860073,-129291.970851333
1448,21,TONGA HEALTH CENTRE,1468,NYANZA,SUBA,GWASSI,GWASSI WEST,TONGA,1:50000 MAPS,3,MISS,-0.6931,34.1178,758d11c5-5823-4ab7-a260-40e5e5c78d40,3797976.12298675,-77157.4208896847
1449,9,DANABA DISP,0,N. EASTERN,WAJIR,GURAR,DANABA,DANABA,DISTRICT ESTIMATES,4,MOH,3.280454,39.731182,95bdf76c-da42-45cc-8b24-229cd85b7e73,4422854.94885488,365378.147974161
1450,10,DIFF DISP,1217,N. EASTERN,WAJIR,DIFF,DIFF,DIFF,DDP,4,MOH,0.986078,40.984295,d5f8cfa6-b394-4215-a3b7-631b15148d0b,4562350.84992131,109775.120110902
1451,2,CHINATO DISP,3895,NYANZA,KURIA,KEGONGA,NYABASI WEST,NYABIKONGORI,1:50000 MAPS,4,MOH,-1.2885,34.6137,81220c9b-84a9-4366-b8e6-93b784455d1d,3853179.45847114,-143447.255462257
1452,22,UGINA DISP,1433,NYANZA,SUBA,MFANGANO,MFANGANO SOUTH,WAKULA SOUTH,HD MAPS,4,MOH,-0.49123,34.00212,3c5b78f9-d275-456f-9b36-160588fd5431,3785098.68429179,-54684.1434045573
1453,11,ELBEN DISP,1218,N. EASTERN,WAJIR,TARBAJ,ELBEN,ELBEN,DDP,4,MOH,2.532,40.2461,54b7ec12-3420-48ab-a553-3dd06203845d,4480175.35841518,281952.736996937
1454,4,GETONGOROMA DISP,3828,NYANZA,KURIA,KEGONGA,NGURUNA,GETONGOROMA,HD MAPS,4,MOH,-1.29771,34.6558,295d20b4-c980-429e-9532-a9da0e01c376,3857866.00903354,-144472.76913879
1455,24,USAO DISP,6145,NYANZA,SUBA,MBITA,GEMBE EAST,USAO,1:50000 MAPS,4,MOH,-0.460573,34.3754,8307bde7-960b-4b3f-92da-11469e0ce065,3826652.0238151,-51271.3040086306
1456,5,GWITEMBE DISP,4284,NYANZA,KURIA,NTIMARU,BWIREGE EAST,GWITEMBE,HD MAPS,4,MOH,-1.371042,34.710446,a36e2d16-d6e3-4f55-9999-eb2b979861de,3863949.17392742,-152638.264934448
1457,25,WAKULA DISP,1376,NYANZA,SUBA,MFANGANO,MFANGANO WEST,WAKULA NORTH,HD MAPS,4,MOH,-0.44123,34.01232,98646195-6d44-40ce-953a-6d3040d19610,3786234.14309788,-49117.9844081802
1458,12,ELDAS DISP,1219,N. EASTERN,WAJIR,ELDAS,ELDAS,ELDAS,DDP,4,MOH,2.407958,39.638052,025b1cea-d7fa-4d7f-9ab4-cf5dd28b902a,4412487.76467731,268131.601341914
1459,6,ISEBANIA MISSION HEALTH CENTRE,2504,NYANZA,KURIA,KEHANCHA,BUKIRA WEST,NYABIKAYE,ILRI VILLAGES,3,MISS,-1.22,34.48,7726ce5d-3819-4fe1-bc21-cf6668c76621,3838296.04255208,-135820.042455233
1460,13,GRIFTU HEALTH CENTRE,1220,N. EASTERN,WAJIR,GRIFTU,GRIFTU,GRIFTU,DDP,3,MOH,2.04256,39.7807,a65f2726-2c38-4f28-9998-79b0b3deb2d7,4428367.26739998,227424.91582899
1461,1,AIYEBO DISP,0,RIFT VALLEY,BARINGO,KABARTONJO,SAIMO,TIRIMIONIN,DSA/MOH-UNICEF PROJECT REPORT(99),4,MOH,0.667621,35.8125,cb904ccd-e51e-4d42-987c-43aa4f45c76a,3986629.26403412,74320.9115824821
1462,7,ISIBANIA RURAL DEMONSTRATION CENTRE,1473,NYANZA,KURIA,MABERA,BUGEMBE SOUTH,ISIBANIA,SUBLOC CENTROID,3,MOH,-1.202746,34.464607,fe908526-37a1-4186-9b1a-0dfd46c1dccf,3836582.5016303,-133898.906592989
1463,2,AMAYA MISSION DISP,1929,RIFT VALLEY,BARINGO,TANGULBEI,CHURO,AMAYA,DSA/MOH-UNICEF PROJECT REPORT(99),4,MISS,0.82124,36.450123,8d6e1866-e11a-4b29-8a70-8ab7e6ce59b4,4057609.1317122,91423.1490727762
1464,14,GURAR DISP,1221,N. EASTERN,WAJIR,GURAR,GURAR,GURAR,DDP,4,MOH,3.298583,39.548819,5820a10f-baf7-43fa-99b1-a06e05ce9a0b,4402554.39255535,367399.589699145
1465,8,KEGONGA HEALTH CENTRE,1476,NYANZA,KURIA,KEGONGA,NYABASI EAST,KEGONGA,1:50000 MAPS,3,MOH,-1.24622,34.6495,7e57e219-17f8-4e19-add8-65854e562981,3857164.69624154,-138739.515637369
1466,3,BARPELLO DISP,1930,RIFT VALLEY,BARINGO,KOLLOWA,KOLLOWA,BARPELLO,DSA/MOH-UNICEF PROJECT REPORT(99),4,MISS,1.16278,35.9076,e0de7ebd-c4de-4615-ae2e-591a02c89d0a,3997215.74760856,129448.963622604
1467,15,HABASWEIN HEALTH CENTRE,1222,N. EASTERN,WAJIR,HABASWEIN,HABASWEIN,HABASWEIN,DDP,3,MOH,0.969016,39.504103,4b35b4fb-2d14-4b38-8436-a4795c743fb3,4397576.63020504,107875.510478248
1468,9,KEHANCHA DISTRICT HOSPITAL,1444,NYANZA,KURIA,KEGONGA,MAETA,NYAITARA,1:50000 MAPS,1,MOH,-1.1765,34.6338,9b931c0d-0990-417e-9a1f-8f330d5db55b,3855416.98023609,-130976.585334996
1469,4,BARTABWA DISP,1931,RIFT VALLEY,BARINGO,BARTABWA,NGOROBA,KESUMET,DSA/MOH-UNICEF PROJECT REPORT(99),4,MOH,0.836503,35.816,bfda183e-825c-4e60-92f3-db6cb5b2000d,3987018.88225189,93122.3962724898
1470,16,HADADO HEALTH CENTRE,3953,N. EASTERN,WAJIR,HADADO,HADADO NORTH,HADADO NORTH,DDP,3,MOH,1.521219,39.449424,992ab0d4-2918-4fb2-a696-7a3e097f3fd3,4391489.79176795,169361.223245653
1471,5,BARTOLIMO DISP,1932,RIFT VALLEY,BARINGO,KIPSARAMAN,KAPTEBEREWO,BARTOLIMO,DSA/MOH-UNICEF PROJECT REPORT(99),4,MOH,0.691064,35.8225,2fb2952e-c1be-4fd9-af15-f61d5d1aa6bb,3987742.45894205,76930.7578710061
1472,10,KEHANCHA MISSION H C,0,NYANZA,KURIA,KEHANCHA,BUKIRA EAST,IGENA,1:50000 MAPS,3,MISS,-1.191442,34.617117,c1f1b696-a5b8-4982-9c9b-fefc238c339a,3853559.83717118,-132640.27636389
1473,17,KHOROF HARAR H C,1223,N. EASTERN,WAJIR,WAJIR-BOR,KHOROF-HARAR,KHOROF-HARAR,DDP,3,MOH,2.075658,40.532626,b6e1e74c-20eb-44cd-92f8-43d123104434,4512071.28683421,231111.749007058
1474,6,BARWESA H C,1933,RIFT VALLEY,BARINGO,BARWESA,LAWAN,BARWESSA,DSA/MOH-UNICEF PROJECT REPORT(99),3,MOH,0.713168,35.7013,8e508df6-0801-4b9b-ad7f-7ff12ffb85d4,3974250.5366579,79391.5486723759
1475,11,KOMBE DISP,4277,NYANZA,KURIA,MASABA,KOMBE,KOMBE(KURIA),ILRI MKT CENTRES,4,MOH,-1.10582,34.558607,18dfbaea-0aa9-46e2-ac2a-4fa815fd4cb9,3847046.53376487,-123106.962390025
1476,18,MANSA DISP,4457,N. EASTERN,WAJIR,TARBAJ,MANZA,BURMAYO,SUBLOC CENTROID,4,MOH,2.992912,40.153837,0e49fd6a-4d43-4f4d-a104-3bd71532de27,4469904.68823611,333321.058584813
1477,7,BEKIBON DISP,2424,RIFT VALLEY,BARINGO,TENGES,BEKIBON,BEKIBON,DSA/MOH-UNICEF PROJECT REPORT(99),4,MOH,0.339176,35.8855,e35dc9e6-e0e7-42ce-8b4f-d85f40aa33fd,3994755.58686202,37757.1201322814
1478,12,KOMOTOBO HEALTH CENTRE,1446,NYANZA,KURIA,KEGONGA,NYABASI WEST,NYABIKONGORI,OMBO HOSP. REPORT,3,MISS,-1.26079,34.6121,40157aab-4cc2-4920-bd46-cf72923eb2cc,3853001.34728587,-140361.828857226
1479,19,SABULI DISP,1224,N. EASTERN,WAJIR,SEBULE,SEBULE,SEBULE,DDP,4,MOH,0.233169,40.309499,1ecfe707-74cc-40c0-9776-7d0b859c047d,4487232.90281198,25956.3259942819
1480,8,BOROWININ DISP,0,RIFT VALLEY,BARINGO,KABARNET,KAPROPITA,KAPSOO/BOROWONI,DSA/MOH-UNICEF PROJECT REPORT(99),4,MOH,0.440082,35.7792,986d81ce-c79e-42e4-893c-82b1262cc0ab,3982922.3249907,48990.1858531417
1481,13,KUGITIMO DISP,4591,NYANZA,KURIA,KEGONGA,NYABASI NORTH,KUGITIMO,SUBLOC CENTROID,4,MOH,-1.23217,34.678717,541386ee-d8c9-41fb-a338-dccf61880044,3860417.11780405,-137175.110909854
1482,20,SARIF DISP,0,N. EASTERN,WAJIR,SEBULE,SARIF,SARIF,DDP,4,MOH,0.682761,40.546779,e1aa1c7e-a97f-4265-9cb8-1e813c83bc65,4513646.79158741,76006.405708813
1483,9,BOSSEI DISP,1934,RIFT VALLEY,BARINGO,KABARTONJO,KELIO,KAPKIAMO,DSA/MOH-UNICEF PROJECT REPORT(99),4,MOH,0.682357,35.777,947618a8-2dcf-4a1c-967b-4143c0e729e8,3982677.42211095,75961.4294431179
1484,14,MASABA HEALTH CENTRE,1405,NYANZA,KURIA,MASABA,BUGEMBE NORTH,MASABA(KURIA),1:50000 MAPS,3,MOH,-1.11731,34.5322,e07ec751-a285-4f35-87a4-345121c05591,3844106.91997149,-124386.264084473
1485,21,TARBAJ HEALTH CENTRE,1225,N. EASTERN,WAJIR,TARBAJ,TARBAJ,TARBAJ,DDP,3,MOH,2.152085,40.09833,ace7bca3-41de-497d-81fd-b47b06949d26,4463725.67726065,239625.357933477
1486,10,CATHOLIC MISSION MARIGAT DISP,1961,RIFT VALLEY,BARINGO,MARIGAT,MARIGAT,YATOI,DSA/MOH-UNICEF PROJECT REPORT(99),4,MISS,0.476401,35.9754,4d492ead-4832-42ec-97c5-a5836f7b9e3c,4004763.20908434,53033.3278164038
1487,15,MATARE SDA DISP,2734,NYANZA,KURIA,MABERA,TAGARE,NGISIRU,ILRI MKT CENTRES,4,MISS,-1.141126,34.457783,590e176c-d15a-4f38-8825-eb617fd384f3,3835822.85742513,-127037.964076646
1488,22,TULATULA DISP,0,N. EASTERN,WAJIR,GRIFTU,TULATULA,TULA TULA,DISTRICT ESTIMATES,4,MOH,1.880258,39.764579,126ee9e5-e290-44ce-88fc-21960933d864,4426572.6858889,209346.942012676
1489,11,CHEMALENGOT H C,3854,RIFT VALLEY,BARINGO,NGINYANG,RIBKWO,CHESAKAM,DSA/MOH-UNICEF PROJECT REPORT(99),3,MOH,0.987236,35.9877,277109dd-a923-4a08-ba42-7f35366099f1,4006132.4388211,109904.047196964
1490,23,WAGALLA DISP,1226,N. EASTERN,WAJIR,GRIFTU,WAGALLA,WAGALLA,DDP,4,MOH,1.785442,39.931893,537e9c78-80c8-4d8f-815a-54758787a849,4445197.99517149,198786.669194171
1491,16,NTIMARU HEALTH CENTRE,1409,NYANZA,KURIA,NTIMARU,BWIREGE WEST,NTIMARU,OMBO HOSP. REPORT,3,MOH,-1.34212,34.686,03741796-7b6a-4b3f-af64-7b1d3c65b68b,3861227.85765549,-149417.779942072
1492,12,CHEMONLIMGOT DISP,3184,RIFT VALLEY,BARINGO,NGINYANG,RIBKWO,CHESAKAM,DSA/MOH-UNICEF PROJECT REPORT(99),4,MISS,0.987236,35.9877,46c0f67e-2174-491c-b01d-c74e04cc05ae,4006132.4388211,109904.047196964
1493,24,WAJIR AIC DISP,2871,N. EASTERN,WAJIR,CENTRAL,JOGBARU,GOTADE,DISTRICT ESTIMATES,4,MISS,1.771501,40.058645,fd1f6251-3583-45d8-9769-d5c44d5390e2,4459307.96326852,197234.016244133
1494,13,CHEPLAMBUS DISP,3751,RIFT VALLEY,BARINGO,TENGES,EMOM,CHEPLAMBUS,DSA/MOH-UNICEF PROJECT REPORT(99),4,MOH,0.284218,35.7504,52aaf213-bf46-4085-8d3b-31779aad19d3,3979716.32365586,31639.1327916811
1495,17,NTIMARU SDA DISP,0,NYANZA,KURIA,NTIMARU,BWIREGE WEST,NTIMARU,1:50000 MAPS,4,MISS,-1.34782,34.6848,f08baedb-de37-497a-b735-1caa89637d48,3861094.27426654,-150052.47590197
1496,25,WAJIR BOR DISP,1227,N. EASTERN,WAJIR,WAJIR-BOR,KHOROF-HARAR,KONTON,SUBLOC CENTROID,4,MOH,1.954284,40.805737,95991a00-5b84-402e-a0fe-64901c2309fd,4542473.86428425,217592.095044016
1497,14,CHURO SUB-HEALTH CENTRE,1936,RIFT VALLEY,BARINGO,TANGULBEI,CHURO,CHURO,DSA/MOH-UNICEF PROJECT REPORT(99),3,MISS,0.781098,36.4168,ba80179d-eb56-408b-af03-33001f2be899,4053899.63232049,86954.1250853683
1498,18,NYABIKAYE DISP,1410,NYANZA,KURIA,KEHANCHA,BUKIRA WEST,NYAMAHARAGA,OMBO HOSP. REPORT,4,MISS,-1.22826,34.4841,6ed1f03a-1c0f-4977-a558-38528e48b626,3838752.45246433,-136739.751350587
1499,26,WAJIR DISTRICT HOSPITAL,1231,N. EASTERN,WAJIR,GRIFTU,KUKALA,KUKALA,HD MAPS,1,MOH,1.6909,40.0396,5657121b-e8d8-4e3c-8f2f-a0a8df5e8b2a,4457187.88356636,188257.455938486
1500,15,KABARNET DISTRICT HOSPITAL,1988,RIFT VALLEY,BARINGO,KABARNET,KABARNET MOSOP,KEWAMOI,DSA/MOH-UNICEF PROJECT REPORT(99),1,MOH,0.4951,35.735,f7daa889-173f-482d-a647-e2b8a70a0525,3978002.00349764,55114.9657929844
1501,19,NYAMETABURO DISP,4278,NYANZA,KURIA,KEHANCHA,BUKIRA WEST,NYAMATABURO,SUBLOC CENTROID,4,MOH,-1.234433,34.517256,374a162c-1dec-4cd8-909f-d29e2138977b,3842443.36150107,-137427.085289311
1502,3,APTC  EMBAKASI HEALTH CENTRE,56,NAIROBI,NAIROBI,EMBAKASI,EMBAKASI,MIHANGO,GPS,3,LA,-1.28724,36.95676,7ef49c97-3a45-40f5-bb8c-60bbb443fe87,4114007.70456922,-143306.95746318
1503,16,KABARTONJO H C,1983,RIFT VALLEY,BARINGO,KABARTONJO,OSSEN,TIRIONDONIN,DSA/MOH-UNICEF PROJECT REPORT(99),3,MOH,0.626092,35.7877,864cd62e-a271-4c87-ab71-598941c3faa0,3983868.54066244,69697.6297117084
1504,0,KALABATA DISP,0,RIFT VALLEY,BARINGO,BARTABWA,KINYACH,KALABATA,DHMT,4,MOH,0.94,35.77,3bac947d-95e5-4eea-8de8-9f30ac6710e9,3981898.1856754,104645.015825558
1505,20,NYANGOGE DISP,1417,NYANZA,KURIA,MASABA,BUGEMBE EAST,NYANGOGE(KURIA),HD MAPS,4,MOH,-1.16047,34.4726,ecb419ed-8146-4f87-bf85-73a589c67e1e,3837472.27832021,-129191.762740422
1506,4,AYANY ESTATE HEALTH CENTRE,2541,NAIROBI,NAIROBI,KIBERA,SERA NGOMBE,OLYMPIC,GPS,3,LA,-1.30508,36.77192,99508c49-31d7-4e78-9c0e-c8a8ef7174c5,4093431.409891,-145293.40546419
1507,17,KAMPI YA SAMAKI SUB-H C,1993,RIFT VALLEY,BARINGO,KABARTONJO,BARTUM,AKORIAN,DSA/MOH-UNICEF PROJECT REPORT(99),3,MOH,0.641564,36.0224,52be7a59-ec67-4ff7-b8b4-6d5be0f2c212,4009995.22515162,71420.0702704399
1508,21,TARAGANYA DISP,1432,NYANZA,KURIA,KEHANCHA,BUKIRA EAST,TARANGANYA,OMBO HOSP. REPORT,4,MOH,-1.23596,34.6024,d3db60ae-c4a0-4ef0-bc93-9ae5ae8468f7,3851921.54822517,-137597.109660318
1509,5,BABA DOGO HEALTH CENTRE,2542,NAIROBI,NAIROBI,KASARANI,KARIOBANGI,BABA DOGO,GPS,3,LA,-1.2441,36.88416,723ae4db-133d-4ffa-93ee-da770ad25b60,4105925.90953764,-138503.462576793
1510,18,KAPCHEPKOR DISP,2415,RIFT VALLEY,BARINGO,KABARTONJO,SAIMO,KAPCHEPKOR,DSA/MOH-UNICEF PROJECT REPORT(99),4,MOH,0.624083,35.8192,0242bf73-2491-438e-800e-908ece94cf64,3987375.10462243,69473.9755446631
1511,1,AGENGA SUB-HEALTH CENTRE,1378,NYANZA,MIGORI,NYATIKE,CENTRAL KADEM,E. KANYUOR,1:50000 MAPS,3,MOH,-0.935185,34.2474,85b7439d-bda6-4daf-aa09-6af80dac8365,3812403.12899356,-104108.940702921
1512,19,KAPEDO SUB-DISTRICT HOSPITAL,0,RIFT VALLEY,BARINGO,NGINYANG,RIBKWO,KAPEDO WEST,HD MAPS,1,MOH,1.159,36.0901,3ec61c59-e3aa-47f6-8dd9-e6f0608f6c6f,4017531.55467833,129028.089561164
1513,6,BAHATI DISP,58,NAIROBI,NAIROBI,MAKADARA,MARINGO,OFAFA MARINGO,DISTRICT ESTIMATES,4,MISS,-1.29221,36.86215,6f53f6b0-c426-4ab5-a34f-a011d5d1d1b7,4103475.76754527,-143860.355529454
1514,2,AIC AHANGO DISP,1709,NYANZA,MIGORI,NYATIKE,EAST KADEM,BANDE,ILRI VILLAGES,4,MISS,-1.07,34.18,d00ce76d-b1b8-43c9-9071-45c79904e721,3804900.1953141,-119118.77925781
1515,20,KAPKELELWA DISP,1939,RIFT VALLEY,BARINGO,SACHO,SACHO SOI,KAPKELELWA,DSA/MOH-UNICEF PROJECT REPORT(99),4,MOH,0.367105,35.7144,35cd890c-3bc2-4cca-85bd-3b59aa707c1b,3975708.8219873,40866.2212759651
1516,7,BAHATI HEALTH CENTRE,131,NAIROBI,NAIROBI,PUMWANI,BAHATI,KIMATHI(NAIROBI),GPS,3,LA,-1.286682,36.861624,188d77b3-da03-4c45-9730-3c1608f9d880,4103417.21349312,-143244.825514313
1517,21,KAPKIAMO DISP,0,RIFT VALLEY,BARINGO,KABARTONJO,KELIO,KAPKIAMO,DSA/MOH-UNICEF PROJECT REPORT(99),4,MOH,0.655565,35.7823,c3dcb235-cbaa-496b-82e0-893e84e0c08b,3983267.41541216,72978.7543232957
1518,10,BORAH ROAD DISP,3356,NAIROBI,NAIROBI,CENTRAL,NGARA,NGARA EAST,DISTRICT ESTIMATES,4,LA,-1.27123,36.83112,6ac81511-b7a3-42ba-b77d-419201dc8e56,4100021.52374596,-141524.288107883
1519,3,AWENDO HEALTH CENTRE,1440,NYANZA,MIGORI,AWENDO,CENTRAL SAKWA,KOMBOK,DDP,3,MOH,-0.897013,34.5238,47f018fb-c6e8-472f-b0ec-c94fce5210d7,3843171.83624882,-99859.1098064835
1520,23,KAPKOLE DISP,1565,RIFT VALLEY,BARINGO,KABARNET,OROKWO,KAPCHEPTERIT,DSA/MOH-UNICEF PROJECT REPORT(99),4,MOH,0.53378,35.7351,4de1cb4d-a809-49d0-acbb-a11f579cdfd6,3978013.13544672,59420.9773453736
1521,13,CALIFORNIA HC,2546,NAIROBI,NAIROBI,PUMWANI,EASTLEIGH SOUTH,EASTLEIGH SOUTH,DISTRICT ESTIMATES,3,LA,-1.28334,36.85212,7cb83abc-cf00-4d8a-bced-b8b5d0e91121,4102359.23305262,-142872.702190842
1522,6,BWARE DISP,1391,NYANZA,MIGORI,NYATIKE,NORTH KADEM,MAGUNGU,1:50000 MAPS,4,MOH,-0.866402,34.2302,63715f71-7cbc-4b35-b447-1aa96defe773,3810488.43375192,-96451.1053129539
1523,24,KAPLUK DISP,1940,RIFT VALLEY,BARINGO,BARWESA,KABUTEI,KAPLUK,DSA/MOH-UNICEF PROJECT REPORT(99),4,MOH,0.568488,35.6678,d269ff9a-e6c0-48eb-a49c-0569b8249870,3970521.33371633,63284.8330452958
1524,14,CATHOLIC DISP,3341,NAIROBI,NAIROBI,CENTRAL,KARIOKOR,PANGANI,DISTRICT ESTIMATES,4,MISS,-1.26341,36.84111,3ecdcd72-0fdc-480b-aec7-f35ddff23d96,4101133.60545899,-140653.556696946
1525,7,DEDE DISP,1392,NYANZA,MIGORI,AWENDO,WEST SAKWA,KANYAMGONY,1:50000 MAPS,4,MOH,-0.814374,34.5331,e826206a-0676-40ce-9925-92f4f7c5b953,3844207.1075132,-90658.751584242
1526,25,KAPROPITA GIRLS HIGH SCH. DISP,2906,RIFT VALLEY,BARINGO,KABARNET,KAPROPITA,KINYO,DSA/MOH-UNICEF PROJECT REPORT(99),4,MOH,0.488733,35.7522,c22442d9-6c08-45c9-a019-7231321ddbd5,3979916.69873928,54406.1684715041
1527,15,CHARLES NEW ROAD HC,8,NAIROBI,NAIROBI,MAKADARA,MAKADARA,HARAMBEE,DISTRICT ESTIMATES,3,LA,-1.28315,36.87223,30225f77-852f-4dee-8f2e-6b7a44862e77,4104597.86801247,-142851.546181691
1528,10,GIRIBE DISP,3327,NYANZA,MIGORI,SUBA WEST,SUNA WEST,GIRIBE,SUBLOC CENTROID,4,MISS,-1.101758,34.283039,4b6b40ca-413c-42cf-824d-601a282cb14b,3816370.44432594,-122654.698696459
1529,26,KAPTIONY DISP,1941,RIFT VALLEY,BARINGO,BARWESA,LAWAN,BARWESSA,DSA/MOH-UNICEF PROJECT REPORT(99),4,MOH,0.702451,35.7401,3bc176a8-6432-4c94-b934-07cdc074e57d,3978569.73290068,78198.4466483657
1530,19,CRESCENT MEDICAL AID EASTLEIGH,2615,NAIROBI,NAIROBI,CENTRAL,MATHARE,MLANGO KUBWA,DISTRICT ESTIMATES,4,MISS,-1.26114,36.85221,03a34f26-be35-4ac7-b73a-bf41781be0ae,4102369.25180679,-140400.800116522
1531,13,KADEM MISSION DISP,2544,NYANZA,MIGORI,NYATIKE,SOUTH KADEM,E. KANYARUANDA,OMBO HOSP. REPORT,4,MISS,-1.00593,34.2729,07277d20-a5ea-4bb8-81d2-7105ecd32edc,3815241.77600879,-111985.368599822
1532,27,KAPTUM DISP,1942,RIFT VALLEY,BARINGO,KABARTONJO,OSSEN,KAPTUM(BARINGO),DSA/MOH-UNICEF PROJECT REPORT(99),4,MOH,0.622743,35.7488,efedd7a6-137b-4719-accb-4fa2cfc3fc8a,3979538.21247059,69324.7985967324
1533,20,CRESCENT MEDICAL AID MUKURU,2662,NAIROBI,NAIROBI,EMBAKASI,MUKURU KWA NJENGA,MUKURU KWA NJENGA,DISTRICT ESTIMATES,4,MISS,-1.31415,36.89223,889835cf-fdd1-4fe5-a2b3-5623730a7c12,4106824.25782834,-146303.337052978
1534,28,KAPTUMIN DISP,3849,RIFT VALLEY,BARINGO,KABARTONJO,SAIMO,TIRIMIONIN,DSA/MOH-UNICEF PROJECT REPORT(99),4,MOH,0.654225,35.8225,66489c83-0c7f-4131-b640-555acd519f4b,3987742.45894205,72829.5764609477
1535,14,KAMAGAMBO SDA DISP,1395,NYANZA,MIGORI,RONGO,CENTRAL KAMAGAMBO,KABUORO,DDP,4,MISS,-0.737655,34.6234,6367fed6-e313-4dab-a764-2c61f0cdb354,3854259.25753184,-82117.6475530911
1536,21,CRESENT MEDICAL AID KENYA,2549,NAIROBI,NAIROBI,CENTRAL,STAREHE,CITY CENTRE,DISTRICT ESTIMATES,4,MISS,-1.28141,36.83111,eee1a51b-6d83-42cc-809c-6b1474561fe2,4100020.41055105,-142657.801749844
1537,16,KANYAGWALA DISP,0,NYANZA,MIGORI,AWENDO,CENTRAL SAKWA,KANYAGWALA,DDP,4,MOH,-0.849252,34.5437,4411b1f7-6829-4a00-9838-57d20586998a,3845387.09411561,-94541.762045478
1538,30,KASIELA DISP,1943,RIFT VALLEY,BARINGO,MOCHONGOI,CHEBINYINY,KASIELA,DSA/MOH-UNICEF PROJECT REPORT(99),4,MOH,0.430839,36.2146,574089cd-42cd-426f-a7d0-d01e07223c19,4031390.83128209,47961.230080803
1539,22,DANDORA 2 HEALTH CENTRE,2550,NAIROBI,NAIROBI,EMBAKASI,DANDORA,DANDORA 'B',GPS,3,LA,-1.24474,36.90223,16fd1618-f09d-4dd4-b5ee-e26cc3fbbb9c,4107937.45273627,-138574.7238581
1540,17,KANYAMGONY DISP,0,NYANZA,MIGORI,AWENDO,WEST SAKWA,KANYAMGONY,DDP,4,MOH,-0.834326,34.5118,97da9642-c16f-4172-b336-b647a4cc39bd,3841836.0023593,-92880.0279779852
1541,31,KASISIT DISP,1944,RIFT VALLEY,BARINGO,KABARTONJO,SAIMO,KASISIT,DSA/MOH-UNICEF PROJECT REPORT(99),4,MOH,0.63614,35.8312,553a3cfe-bbf2-4cde-a34a-2cf5a10f12ae,3988710.93851195,70816.2358169588
1542,18,KANYIMACH SUB-HEALTH CENTRE,0,NYANZA,MIGORI,AWENDO,EAST SAKWA,KOGELO SOUTH,DDP,3,MOH,-0.968655,34.6113,34946fda-4006-478a-96b6-01207172cdf1,3852912.29169323,-107835.3183962
1543,23,DANDORA HEALTH CENTRE,132,NAIROBI,NAIROBI,EMBAKASI,DANDORA,DANDORA 'A',GPS,3,LA,-1.25761,36.88775,0367f687-5707-400d-ada1-40744209b593,4106325.54650958,-140007.747369805
1544,32,KASITET DISP,0,RIFT VALLEY,BARINGO,SALAWA,KAPROPITA SOI,SAGASAK,DSA/MOH-UNICEF PROJECT REPORT(99),4,MOH,0.405846,35.6918,6d11a927-5478-46c6-8ac2-948abbfe7787,3973193.00149537,45178.9478622312
1545,19,KANYOUR DISP,0,NYANZA,MIGORI,NYATIKE,CENTRAL KADEM,KARAPOLO,DDP,4,MOH,-0.904643,34.1706,a6b2cd58-3d10-4aea-9ee8-9cb68dc99f5a,3803853.79210064,-100708.582512117
1546,26,EASTLEIGH HEALTH CENTRE,12,NAIROBI,NAIROBI,PUMWANI,EASTLEIGH NORTH,AIRBASE,GPS,3,LA,-1.26869,36.85029,eae9dbe1-0356-417f-b0dc-70126ad92f46,4102155.51838446,-141241.467131025
1547,33,KASOK DISP,0,RIFT VALLEY,BARINGO,KIPSARAMAN,KAPKATA,KAPKOIWA,DSA/MOH-UNICEF PROJECT REPORT(99),4,MOH,0.723215,35.7971,14a8b20a-dcc5-4835-bcf2-d5dd6becfbb7,3984914.9438759,80510.0634679449
1548,21,KARUNGU HEALTH CENTRE,1443,NYANZA,MIGORI,KARUNGU,WEST KARUNGU,SORI,DDP,3,MOH,-0.841291,34.1565,def75635-5265-4b34-bb51-945f3dfa11e3,3802284.18728045,-93655.4511300708
1549,27,EASTLEIGH LINES HC,13,NAIROBI,NAIROBI,PUMWANI,EASTLEIGH NORTH,AIRBASE,DISTRICT ESTIMATES,3,LA,-1.27223,36.85121,c4b48c49-47c4-4308-bef9-18e44cbdc83b,4102257.93231599,-141635.635025469
1550,35,KETURWO DISP,1945,RIFT VALLEY,BARINGO,BARWESA,LAWAN,KETURWO,DSA/MOH-UNICEF PROJECT REPORT(99),4,MOH,0.660923,35.6946,9fc6f90a-77dc-4bab-94d4-2e224011b416,3973504.69606959,73575.2435189227
1551,22,KUJA DISP,1398,NYANZA,MIGORI,AWENDO,NORTH SAKWA,KANYASREGA,1:50000 MAPS,4,MOH,-0.816578,34.5661,f948a96a-65f2-494c-9509-4256590e9e5e,3847880.65070938,-90904.1245942657
1552,30,EMBAKASI DISP,15,NAIROBI,NAIROBI,EMBAKASI,EMBAKASI,EMBAKASI(NAIROBI),GPS,4,LA,-1.30795,36.91262,aee550b1-1797-43d9-bbfa-4b5ba7a68fca,4109094.06224561,-145612.975483611
1553,36,KIBINGOR DISP,1946,RIFT VALLEY,BARINGO,KABARNET,KIMONDIS,KATEMWO,DSA/MOH-UNICEF PROJECT REPORT(99),4,MOH,0.520266,35.8648,b928f8f2-c8a8-4df5-87b5-9346dec8d39f,3992451.2734026,57916.5420997685
1554,23,KWOYO KODALO HEALTH CENTRE,3856,NYANZA,MIGORI,AWENDO,NORTH SAKWA,KAKMASIA,DDP,3,MOH,-0.776614,34.5088,c73373d9-98ac-4a19-8cc8-12f7ca924c76,3841502.04388693,-86454.9223663845
1555,33,GETRUDES GARDENS CHILDREN'S HOSPITAL,151,NAIROBI,NAIROBI,WESTLANDS,HIGHRIDGE,MUTHAIGA,WAYUMBA,1,MISS,-1.253175,36.830249,39332440-88ea-4b6f-920c-a3c458f45653,4099924.56446948,-139513.92689604
1556,37,KIBOINO DISP,1947,RIFT VALLEY,BARINGO,SALAWA,KIBOINO,KIBOINO,DSA/MOH-UNICEF PROJECT REPORT(99),4,MOH,0.455398,35.6828,9de4d07e-cbb9-4646-bcb9-f8d78e7c46d7,3972191.12607823,50695.2072392045
1557,24,MACALDER DISP,1400,NYANZA,MIGORI,NYATIKE,SOUTH EAST KADEM,NYATIKE,1:50000 MAPS,4,MISS,-0.955856,34.281532,c0aa231c-4b8e-4448-96ee-d44d71a66560,3816202.68585332,-106410.339273247
1558,38,KIMALEL H C,3753,RIFT VALLEY,BARINGO,MARIGAT,KIMALEL,KORIEMA,DSA/MOH-UNICEF PROJECT REPORT(99),3,MOH,0.477825,35.8828,cba59801-901c-4268-b22f-3e61d9daf176,3994455.02423688,53191.8522674757
1559,34,HIGHRIDGE HC,17,NAIROBI,NAIROBI,WESTLANDS,HIGHRIDGE,HIGHRIDGE,GPS,3,LA,-1.25736,36.81763,842db467-9898-492c-abab-ae6e696249d4,4098519.82381516,-139979.910793189
1560,25,MACALDER HEALTH CENTRE,1447,NYANZA,MIGORI,NYATIKE,SOUTH EAST KADEM,NYATIKE,DDP,3,MOH,-0.969037,34.2996,d5918efc-4acf-4d14-9e5f-b8c0e02daf86,3818214.00641297,-107877.848521922
1561,39,KIMUGUL DISP,2426,RIFT VALLEY,BARINGO,KIPSARAMAN,KAPTEBEREWO,ISSAS,DSA/MOH-UNICEF PROJECT REPORT(99),4,MOH,0.713168,35.8145,f25b7996-743d-4e48-bd6c-20edd8227463,3986851.9030157,79391.5486723759
1562,35,HONO CRESCENT HC,18,NAIROBI,NAIROBI,PUMWANI,BAHATI,KIMATHI(NAIROBI),GPS,3,LA,-1.28773,36.85865,0c822c55-9219-41ef-828a-0901a36875b7,4103086.1493275,-143361.517787914
1563,26,MARIWA HEALTH CENTRE,1448,NYANZA,MIGORI,AWENDO,SOUTH SAKWA,WAUNDHA,DISTRICT ESTIMATES,3,MOH,-0.958705,34.5469,e3dabc32-01f3-40f5-b25e-c8d19c7a7a64,3845743.31648615,-106727.532773349
1564,36,HURUMA LIONS CLINIC,2678,NAIROBI,NAIROBI,CENTRAL,MATHARE,MLANGO KUBWA,DISTRICT ESTIMATES,3,NGO,-1.26111,36.85214,7c6fc818-92a3-4c41-a284-b58e805efb5b,4102361.45944244,-140397.459722665
1565,40,KINYACH DISP,1948,RIFT VALLEY,BARINGO,BARTABWA,KINYACH,KINYACH,DSA/MOH-UNICEF PROJECT REPORT(99),4,MOH,0.914745,35.69,9f2ff87c-fbe9-4188-849a-33b64fe0bd82,3972992.62641194,101833.27376497
1566,28,MATOSO MISSION DISP,1406,NYANZA,MIGORI,NYATIKE,WEST KADEM,WINAM,OMBO HOSP. REPORT,4,MISS,-0.970575,34.1448,ad34834c-395e-4d7d-bc66-bc9e9a930238,3800981.74923817,-108049.082427427
1567,39,INDUSTRIAL AREA LUNGA/L DISP,80,NAIROBI,NAIROBI,MAKADARA,VIWANDANI,VIWANDANI,GPS,4,LA,-1.30783,36.86157,755dd314-b377-42a4-9ccf-61c7981f5138,4103411.20224061,-145599.613663639
1568,42,KIPCHERERE DISP,1950,RIFT VALLEY,BARINGO,KABARTONJO,BARTUM,KAPCHERERE,DSA/MOH-UNICEF PROJECT REPORT(99),4,MOH,0.604054,35.8585,5e193f4f-aa96-4a1d-af18-6e9b16c20184,3991749.96061061,67244.22939335
1569,29,MIGORI DISTRICT HOSPITAL,1451,NYANZA,MIGORI,SUBA EAST,SUNA RAGANA,MARINDI,DDP,1,MOH,-1.06321,34.4694,32250e08-8501-429d-9c53-d5d705be5fc8,3837116.05594967,-118362.788925631
1570,40,INDUSTRIAL AREA PRISON HEALTH CENTRE,0,NAIROBI,NAIROBI,MAKADARA,VIWANDANI,LANDI MAWE,GPS,3,MOH,-1.29805,36.83661,4c2ca3cc-5bdd-4cf3-b7e7-aad203d3fce4,4100632.66775042,-144510.627478288
1571,44,KIPSARAMANI CATHOLIC DISP,1951,RIFT VALLEY,BARINGO,KABARNET,KABARNET MOSOP,KEWAMOI,ILRI MKT CENTRES,4,MISS,0.494975,35.745334,5205a62a-1d33-40b7-89e7-01e7a006cad7,3979152.3791155,55101.0503372464
1572,30,MUHURU HEALTH CENTRE,1454,NYANZA,MIGORI,MUHURU,WEST MUHURU,KITHII,DDP,3,MOH,-0.997569,34.084083,277d29d9-5346-49b3-a706-16b060f1b90a,3794222.76371568,-111054.484061742
1573,41,INOCULATION CENTRE DISP,81,NAIROBI,NAIROBI,CENTRAL,STAREHE,CITY SQUARE,GPS,4,LA,-1.28358,36.82171,b93988e1-d8b4-43d3-ac99-0aa92b26bdd4,4098974.0073376,-142899.425573078
1574,45,KIPTAGICH H C,1984,RIFT VALLEY,BARINGO,SACHO,SACHO MOSOP,KESETAN,DSA/MOH-UNICEF PROJECT REPORT(99),3,MOH,0.358997,35.7909,15b4d837-482e-40de-9490-bfda3e7ba9ad,3984224.76303298,39963.6247241082
1575,32,NDIWA DISP,1408,NYANZA,MIGORI,NYATIKE,NORTH KADEM,BALA,DDP,4,MOH,-0.884373,34.2712,2bc36849-55e8-4ecd-bff6-e782dff19afa,3815052.53287445,-98451.8614032321
1576,42,JAMIA CRESCENT MEDICAL AID DISP,21,NAIROBI,NAIROBI,CENTRAL,STAREHE,CITY CENTRE,WAYUMBA,4,MISS,-1.27776,36.8205,f9889468-8052-4438-9dfc-b63f46bd4d17,4098839.31075373,-142251.384259873
1577,46,KISERIAN AIC DISP,1953,RIFT VALLEY,BARINGO,MUKUTANI,KISERIAN,KISERIAN,DSA/MOH-UNICEF PROJECT REPORT(99),4,MISS,0.549016,36.1164,b7fab126-f6b1-4667-8c2c-2dbffdea6afd,4020459.25728619,61117.1168331048
1578,33,NYAKURU DISP,1414,NYANZA,MIGORI,AWENDO,NORTH SAKWA,KAKMASIA,ILRI VILLAGES,4,MOH,-0.8,34.5,9911fdc7-9c6e-4f24-990a-dc4bb1f013f9,3840522.43236794,-89058.4864167042
1579,43,JERICHO HEALTH CENTRE,2630,NAIROBI,NAIROBI,MAKADARA,MAKADARA,LUMUMBA,GPS,3,LA,-1.28896,36.87117,ae7616c7-cbab-4155-b99b-ba5b22cadd46,4104479.86935223,-143498.475383975
1580,47,KITURO H C,1954,RIFT VALLEY,BARINGO,KABARNET,KITURO,KITURO,DSA/MOH-UNICEF PROJECT REPORT(99),3,MOH,0.484228,35.7846,850f219d-f2c8-42a8-9b4f-a157c9de75f4,3983523.45024098,53904.6560880067
1581,44,JERUSALEM HEALTH CENTRE,22,NAIROBI,NAIROBI,PUMWANI,BAHATI,UHURU,GPS,3,LA,-1.28258,36.86548,b806817c-4df8-4c14-ac39-b25cc5487cfa,4103846.46144962,-142788.078163645
1582,34,NYAMARAGA DISP,4487,NYANZA,MIGORI,SUBA WEST,SUNA WASIMBETE,NYAMARAGA,DISTRICT ESTIMATES,4,MOH,-1.1323,34.3712,8adcf0bf-bbe6-41b7-a3f9-b7f5087d343f,3826184.48195377,-126055.264860491
1583,48,KOKWA COMMUNITY DISP,3548,RIFT VALLEY,BARINGO,MARIGAT,SALABANI,MEISORI,DSA/MOH-UNICEF PROJECT REPORT(99),4,NGO,0.623054,36.0708,93c4022d-719b-46b0-9e19-713e1a9d5103,4015383.08850602,69359.4210043949
1584,46,KABETE TECHNICAL AND TRADE DISP,89,NAIROBI,NAIROBI,WESTLANDS,KITISURU,LORESHO,GPS,4,MOH,-1.26114,36.72543,81e19a17-198a-4deb-ac01-838b2df80d78,4088256.16676402,-140400.800116522
1585,35,OGWEDHI DISP,1851,NYANZA,MIGORI,SUBA EAST,SUNA RABUOR,KWA,DDP,4,MOH,-1.0671,34.5914,cb58917e-b90b-4f8e-adbf-1315c3e33c59,3850697.03382645,-118795.896584885
1586,49,KOKWOTOTO DISP,0,RIFT VALLEY,BARINGO,TANGULBEI,TANGULBEI,ORUS,DSA/MOH-UNICEF PROJECT REPORT(99),4,MISS,0.891845,36.2835,24f71124-313b-449b-a666-7dab67afc0e9,4039060.74419775,99283.7405720219
1587,48,KAHAWA HEALTH CENTRE,24,NAIROBI,NAIROBI,KASARANI,KAHAWA,KONGO SOWETO,GPS,3,LA,-1.18716,36.91278,c206d573-00fe-4415-9f33-d5cccd0340e9,4109111.87336414,-132163.50359623
1588,36,OGWEDHI SIGAWA DISP,3182,NYANZA,MIGORI,SUBA EAST,UPPER SUNA,OGWEDHI,SUBLOC CENTROID,4,MISS,-1.096706,34.610581,27525175-8201-4d92-b703-a5a0f3bcc64d,3852832.25297935,-122092.209113465
1589,50,KOLOA H C,3436,RIFT VALLEY,BARINGO,KOLLOWA,KOLLOWA,KOLLOWA,DSA/MOH-UNICEF PROJECT REPORT(99),3,MOH,1.2162,35.7587,cb46c900-6905-4144-a899-d1e0a1997131,3980640.27542944,135396.932774887
1590,49,KALOLENI SHC,184,NAIROBI,NAIROBI,MAKADARA,MAKONGENI,KALOLENI(NAIROBI),GPS,3,LA,-1.29282,36.84534,055a4cd8-b730-4e87-b0d2-af63145bc183,4101604.48690504,-143928.277700641
1591,37,OLASI DISP,4543,NYANZA,MIGORI,NYATIKE,KALER,OLASI,DISTRICT ESTIMATES,4,MOH,-1.08044,34.2112,16370cbd-8476-405c-9631-5c04de572ba0,3808373.36342685,-120281.159413614
1592,51,KOMOLION DISP,1955,RIFT VALLEY,BARINGO,TANGULBEI,KOROSSI,KOMOLION,DSA/MOH-UNICEF PROJECT REPORT(99),4,MISS,0.69994,36.085,799ac410-d28b-4350-bd1d-588e786c0e36,4016963.82527528,77918.9024731613
1593,50,KAMITI HEALTH CENTRE,136,NAIROBI,NAIROBI,KASARANI,KAHAWA,KAHAWA WEST/JUJA K,GPS,3,MOH,-1.1761,36.89342,7a626339-1e51-4631-989c-29c42e28bf5c,4106956.72802238,-130932.048152939
1594,39,ONGITO  DISP,4815,NYANZA,MIGORI,NYATIKE,SOUTH EAST KADEM,OWICH(MIGORI),DISTRICT ESTIMATES,4,MOH,-0.9324,34.3223,75f3c398-7aa7-47f1-ba9f-dafc275dc030,3820740.95885398,-103798.874742586
1595,52,KORIEMA DISP,3851,RIFT VALLEY,BARINGO,MARIGAT,KIMALEL,KORIEMA,DSA/MOH-UNICEF PROJECT REPORT(99),4,MOH,0.481214,35.861213,e8b3b552-e93d-427c-a880-e478106352ec,3992051.97038913,53569.127234563
1596,51,KANGEMI HEALTH CENTRE,137,NAIROBI,NAIROBI,WESTLANDS,KANGEMI,KANGEMI,GPS,3,LA,-1.26461,36.74933,b048ccfa-cabb-4f65-9299-bc30c6366e14,4090916.70259398,-140787.17259959
1597,40,ONGO SUB HEALTH CENTRE,1421,NYANZA,MIGORI,RONGO,EAST KAMAGAMBO,KAMBIJA,DISTRICT ESTIMATES,3,MOH,-0.6623,34.5712,45a90a6c-e5d3-4a4b-8a38-f704027385a8,3848448.38011242,-73728.54067796
1598,53,KOROTO DISP,3754,RIFT VALLEY,BARINGO,KABARTONJO,BARTUM,KOROTO,DSA/MOH-UNICEF PROJECT REPORT(99),4,MOH,0.630781,35.9129,9a43cd05-a726-4b8e-a2d5-117e80ba5d23,3997805.74090976,70219.6382035448
1599,52,KAREN HEALTH CENTRE,138,NAIROBI,NAIROBI,KIBERA,KAREN,LENANA,GPS,3,LA,-1.32211,36.70876,cb866df7-1d0d-4e7f-aee5-e7a01cad75e8,4086400.47085249,-147189.674742768
1600,41,OSOGO DISP,3574,NYANZA,MIGORI,URIRI,WEST KANYAMKAGO,KAJULU I,DISTRICT ESTIMATES,4,MOH,-0.977739,34.4206,3776d093-ac9b-42f9-9d01-74bb0c5b8b40,3831683.66479896,-108846.690542055
1601,54,KOSITEI MISSION DISP,1956,RIFT VALLEY,BARINGO,NGINYANG,KOSITEI,KOSITEI,DSA/MOH-UNICEF PROJECT REPORT(99),4,MISS,0.949074,35.9419,1089850b-907f-43ea-9b3f-4599ee46edd9,4001034.00614276,105655.26615804
1602,53,KARIOBANGI CATHOLIC DISP,0,NAIROBI,NAIROBI,EMBAKASI,KARIOBANGI SOUTH,KARIOBANGI SOUTH,DISTRICT ESTIMATES,4,MISS,-1.26314,36.88214,bfb58eb3-f4e6-4fb6-a793-3ba69eed48bb,4105701.04416623,-140623.493127357
1603,42,OTHORO DISP,1294,NYANZA,MIGORI,URIRI,WEST KANYAMKAGO,KAJULU II,DISTRICT ESTIMATES,4,MOH,-0.9423,34.3521,3c44d13f-c782-4723-8a91-246a25dad191,3824058.27967962,-104901.085199793
1604,56,KUIKUI HC,2416,RIFT VALLEY,BARINGO,BARWESA,KABOSKEI KERIO,KUIKUI,DSA/MOH-UNICEF PROJECT REPORT(99),3,MISS,0.821236,35.6919,2ec23861-20e5-43b3-9623-a0cd84f591e6,3973204.13344444,91422.7037490709
1605,54,KARIOBANGI CHESIRE HOME DISP,90,NAIROBI,NAIROBI,KASARANI,KARIOBANGI,KARIOBANGI NORTH,DISTRICT ESTIMATES,4,MISS,-1.25123,36.88111,a2abca49-af85-4757-8173-f729a00ce56a,4105586.38509071,-139297.358767319
1606,43,OTHOTHRAKUOM DISP,3575,NYANZA,MIGORI,NYATIKE,SOUTH KADEM,C. KANYARWANDA,DDP,4,MOH,-0.995204,34.1944,1a9a8611-5c64-4fdc-97d0-4d3a950eb66b,3806503.19598152,-110791.173651844
1607,57,LOBOI DISP,1957,RIFT VALLEY,BARINGO,MARIGAT,LOBOI,MAJI NDEGE,DSA/MOH-UNICEF PROJECT REPORT(99),4,MOH,0.3568,36.0679,59a454da-f0a8-4f3a-8106-67d05fd47bb8,4015060.26198272,39719.0510313419
1608,55,KARIOBANGI HEALTH CENTRE,139,NAIROBI,NAIROBI,KASARANI,KARIOBANGI,KARIOBANGI NORTH,GPS,3,LA,-1.25174,36.87978,5dd20643-48c7-49a1-bdb2-65930185e15d,4105438.33016796,-139354.145253392
1609,44,OYANI DISP,1424,NYANZA,MIGORI,URIRI,SOUTH KANYAMKAGO,BWARE,DDP,4,MOH,-1.00547,34.5168,8639ba74-ea04-4814-969e-448a61fe39ee,3842392.59981327,-111934.153744609
1610,58,LOIWAT DISP,3437,RIFT VALLEY,BARINGO,KOLLOWA,LOIWAT,LOIWAT,DSA/MOH-UNICEF PROJECT REPORT(99),4,MOH,1.04812,35.7239,b2bca60f-a429-4a6c-a157-2e900a77a986,3976766.35714983,116682.692637969
1611,56,KARIOBANGI MCH / FP DISP,2634,NAIROBI,NAIROBI,KASARANI,KARIOBANGI,KARIOBANGI NORTH,GPS,4,LA,-1.25174,36.87978,00b5b2d6-a1b1-4274-ba87-12ff7fa1071c,4105438.33016796,-139354.145253392
1612,45,OYANI SDA DISP,1423,NYANZA,MIGORI,URIRI,WEST KANYAMKAGO,KAJULU II,OMBO HOSP. REPORT,4,MISS,-0.928388,34.3699,d01f0801-0ffc-44bf-a2d0-76eaf009f06e,3826039.76661574,-103352.202055856
1613,61,LORUK DISP,1958,RIFT VALLEY,BARINGO,NGINYANG,LOYAMOROK,KECHII (L.KONGASIS),DSA/MOH-UNICEF PROJECT REPORT(99),4,MOH,0.731265,36.0523,8807a2cf-ea38-4991-8d3b-dfe9359dd028,4013323.67792634,81406.2575594803
1614,57,KARIOKOR DISP,26,NAIROBI,NAIROBI,CENTRAL,KARIOKOR,ZIWANI/KARIOKOR,GPS,4,LA,-1.2763,36.83552,54b8c6c2-0516-4525-b1cd-59143c341093,4100511.32950545,-142088.817425671
1615,46,RABONDO DISP,1427,NYANZA,MIGORI,AWENDO,WEST SAKWA,RABONDO,DISTRICT ESTIMATES,4,MOH,-0.8424,34.4925,285a6184-4dea-4eee-ac2a-2cc6dbf5ffa2,3839687.536187,-93778.9177723301
1616,62,MARIGAT H C,1985,RIFT VALLEY,BARINGO,MARIGAT,MARIGAT,YATOI,DSA/MOH-UNICEF PROJECT REPORT(99),3,MOH,0.487792,35.9782,ba48fe7c-b240-4d1e-b21e-8b0d43e8644e,4005074.90365856,54301.4130269787
1617,47,RAKWARO MISSION HC,1458,NYANZA,MIGORI,RONGO,SOUTH KAMAGAMBO,N. KANYAJUOK,OMBO HOSP. REPORT,3,MISS,-0.789024,34.6016,f42b2186-1ca3-4533-bacf-867fd0e4669d,3851832.49263254,-87836.5262006851
1618,58,KASARANI SHC,185,NAIROBI,NAIROBI,KASARANI,KASARANI,KASARANI,GPS,3,LA,-1.21821,36.90139,d4bd7391-963d-4ff2-b22f-34f389f509e7,4107843.944364,-135620.735452514
1619,63,MARIGAT MISSION DISP,0,RIFT VALLEY,BARINGO,MARIGAT,MARIGAT,PERKERRA(BARINGO),1:50000 MAPS,4,MISS,0.476126,35.98784,6df925ed-2872-4fe6-b902-4e59120c7eb8,4006148.02354981,53002.7138987955
1620,61,KAWANGWARE HEALTH CENTRE,2635,NAIROBI,NAIROBI,DAGORETTI,KAWANGWARE,KAWANGWARE,GPS,3,LA,-1.28405,36.74052,f572aede-5359-41f9-95bb-aa9325b629d7,4089935.97788009,-142951.758870552
1621,48,RANEN SDA HEALTH CENTRE,1459,NYANZA,MIGORI,AWENDO,NORTH SAKWA,KADERA LWALA,ILRI MKT CENTRES,3,MISS,-0.858454,34.565619,062c9015-6e20-4f25-ae20-e769fc779cd2,3847827.1060343,-95566.237759546
1622,64,MARON DISP,3185,RIFT VALLEY,BARINGO,NGINYANG,RIBKWO,MORON,DSA/MOH-UNICEF PROJECT REPORT(99),4,MISS,1.10744,35.9076,32fa9409-1888-46a3-a931-c2c8ecf5fbe4,3997215.74760856,123287.333607247
1623,62,KAYOLE HEALTH CENTRE,2636,NAIROBI,NAIROBI,EMBAKASI,KAYOLE,KAYOLE,GPS,3,MOH,-1.26649,36.91668,5593a8fb-db32-4b4b-855b-dd692cbc9a3e,4109546.01937823,-140996.504304634
1624,49,RAPOGI CATHOLIC HEALTH CENTRE,1460,NYANZA,MIGORI,URIRI,NORTH KANYAMKAGO,KATIENO I,DISTRICT ESTIMATES,3,MISS,-0.907048,34.4647,b8ff4f8f-314e-41be-9934-7952246cb2e6,3836592.85434294,-100976.339350469
1625,65,MOCHONGOI H C,3427,RIFT VALLEY,BARINGO,MOCHONGOI,MOCHONGOI,MOCHONGOI,DSA/MOH-UNICEF PROJECT REPORT(99),3,MOH,0.316934,36.1847,05285339-3a0b-492c-b69c-11a6e1f6e027,4028062.37850738,35281.1114171823
1626,63,KENYATTA NATIONAL HOSPITAL,157,NAIROBI,NAIROBI,DAGORETTI,KENYATTA/GOLF COURSE,KENYATTA,GPS,2,MOH,-1.300876,36.806388,4f4662ee-d6e5-4ef2-848c-fe1148756ef1,4097268.37009966,-144825.297285484
1627,50,RIAT DISP,4317,NYANZA,MIGORI,KARUNGU,WEST KARUNGU,SORI,DDP,4,MOH,-0.797676,34.1645,50e6139e-4ae2-40e6-87ca-1ecb0c1fd790,3803174.7432068,-88799.7547731722
1628,66,MOGORWA H C,1962,RIFT VALLEY,BARINGO,TENGES,EMOM,CHEPLAMBUS,DSA/MOH-UNICEF PROJECT REPORT(99),3,MOH,0.304039,35.7189,0f9f9424-f4da-4fbe-b536-10ad80c745cb,3976209.75969587,33845.6255034081
1629,67,KICC DISP,134,NAIROBI,NAIROBI,CENTRAL,STAREHE,CITY SQUARE,GPS,4,MOH,-1.28704,36.8228,c6f554fe-7829-4835-b485-acff68019c7c,4099095.34558256,-143284.687945893
1630,51,RONGO HEALTH CENTRE,1463,NYANZA,MIGORI,RONGO,CENTRAL KAMAGAMBO,KABUORO,DDP,3,MOH,-0.744324,34.6021,d272cb20-a392-4c91-a1c9-79c170e1591c,3851888.15237794,-82860.0993260924
1631,67,MUKUTANI DISP,1963,RIFT VALLEY,BARINGO,MUKUTANI,MUKUTANI,MUKUTANI,DSA/MOH-UNICEF PROJECT REPORT(99),4,MISS,0.638716,36.2531,cf0d790f-11b5-4a5d-878b-bbbbf8af1c13,4035676.63167763,71103.0125723256
1632,68,LADY NORTH HEALTH CENTRE,2647,NAIROBI,NAIROBI,WESTLANDS,KILIMANI,KILIMANI(NAIROBI),GPS,3,MOH,-1.28551,36.81064,94aa8735-f8e5-4e1e-bea3-a4cb0770f899,4097741.70057451,-143114.326196421
1633,69,NG'AMBO DISP,3422,RIFT VALLEY,BARINGO,MARIGAT,NGAMBO,NG'AMBO,DSA/MOH-UNICEF PROJECT REPORT(99),4,MOH,0.499182,36.0608,725694c1-44b4-4ef1-890a-bb0290a57521,4014269.89359808,55569.3890602379
1634,52,SIBUOCHE DISP,4488,NYANZA,MIGORI,URIRI,WEST KANYAMKAGO,KAJULU II,DISTRICT ESTIMATES,4,MOH,-0.969737,34.3673,b3ea1fc7-f688-4636-bf9e-e93a4e72e90d,3825750.33593968,-107955.783319722
1635,69,LAGOS HC,28,NAIROBI,NAIROBI,CENTRAL,STAREHE,CITY CENTRE,GPS,3,LA,-1.28012,36.8231,57502b98-9630-4113-9aa2-12b334b59add,4099128.7414298,-142514.16372155
1636,55,ST. CAMILUS HOSPITAL KARUNGU,3934,NYANZA,MIGORI,KARUNGU,EAST KARUNGU,MISIWI,DDP,4,MISS,-0.8123,34.1983,0fef9cea-53f1-40a1-8e51-9964433efd15,3806937.34199562,-90427.8516964406
1637,70,NGETMOI DISP,1965,RIFT VALLEY,BARINGO,KABARNET,NGETIMOI,TIRIONY,DSA/MOH-UNICEF PROJECT REPORT(99),4,MOH,0.416657,35.8207,75b48f47-e938-48eb-b067-4c21a0133ad9,3987542.08385862,46382.4538807269
1638,70,LANGATA HEALTH CENTRE,141,NAIROBI,NAIROBI,KIBERA,MUGUMOINI,BOMAS,GPS,3,MOH,-1.31814,36.7783,9c7dc6f8-91cd-42ed-bee1-d7320cee4d6e,4094141.62824226,-146747.619033268
1639,56,ST. JOHN BAPTIST (STAGE MISSION),4758,NYANZA,MIGORI,RONGO,WEST KAMAGAMBO,KANYAMAMBA,ILRI VILLAGES,4,MISS,-0.8,34.57,f645368b-3c85-4015-8486-e25efc7f6db9,3848314.79672347,-89058.4864167042
1640,71,NGINYANG HC,1986,RIFT VALLEY,BARINGO,NGINYANG,LOYAMOROK,NGINYANG EAST,DSA/MOH-UNICEF PROJECT REPORT(99),3,MOH,0.968155,36.0202,b1b40ae2-e502-4016-a037-9b83da6a44dd,4009750.32227188,107779.650699629
1641,73,LITTLE SISTERS OF ST FRANCIS,3636,NAIROBI,NAIROBI,KASARANI,KASARANI,MWIKI,DISTRICT ESTIMATES,4,MISS,-1.23415,36.92214,4eae910c-15d7-4b27-8c2d-ee249115147a,4110153.82379797,-137395.574561991
1642,57,ST. JOSEPH OMBO HOSPITAL,2459,NYANZA,MIGORI,SUBA WEST,SUNA SOUTH,SAGERO,DDP,1,MISS,-1.08333,34.4333,5a2616cb-e875-45f5-847f-0ad5b21cb1bf,3833097.42233203,-120602.93010354
1643,72,NGORONG (FGC) DISP,3186,RIFT VALLEY,BARINGO,KOLLOWA,NGORON,NGORON,DSA/MOH-UNICEF PROJECT REPORT(99),4,MISS,1.29635,35.774,d10b5753-aeae-4095-ab0a-e9240850ad37,3982343.46363858,144321.335831687
1644,74,LOCO HEALTH CENTRE,98,NAIROBI,NAIROBI,MAKADARA,VIWANDANI,LANDI MAWE,GPS,3,MOH,-1.29131,36.82667,27ac7d43-d782-42cc-9552-79e3aba3ed55,4099526.15201193,-143760.142519781
1645,59,ULANDA MISSION HC,1469,NYANZA,MIGORI,AWENDO,SOUTH SAKWA,ALEGO WEST,OMBO HOSP. REPORT,3,MISS,-0.991596,34.5682,c087c70a-2ffc-4a28-ab5c-1d330ddff876,3848114.42164004,-110389.472552879
1646,0,OL-ARABEL DISP,0,RIFT VALLEY,BARINGO,MUKUTANI,ARABAL,ARABAL,DHMT,4,MOH,0.45,36.18,2437b85b-2142-4fad-b28b-2cf15e3d08dc,4027539.17690064,50094.285870859
1647,60,URIRI SUB-HEALTH CENTRE,1434,NYANZA,MIGORI,URIRI,CENTRAL KANYAMKAGO,KAWERE IIB,DDP,3,MOH,-0.942382,34.5051,f7716aa0-6efb-457f-9b92-d67e61f380b9,3841090.16177099,-104910.21463278
1648,75,LOWER KABETE SHC,186,NAIROBI,NAIROBI,WESTLANDS,KITISURU,KITISURU,GPS,3,LA,-1.23768,36.7447,5ae6a4a5-202a-42ac-ae84-bd757fc9ceee,4090401.29335161,-137788.623803682
1649,74,ORUS AIC DISP,1967,RIFT VALLEY,BARINGO,TANGULBEI,CHURO,PUTORO,DSA/MOH-UNICEF PROJECT REPORT(99),4,MISS,0.869374,36.3983,98ddcbe4-6507-445c-b8b9-6eb818f7839b,4051840.22174082,96781.9847985424
1650,62,WATH ONGER DISP,1436,NYANZA,MIGORI,NYATIKE,SOUTH KADEM,W. KANYARWANDA,DDP,4,MOH,-0.956398,34.1859,84ebb895-6a29-4d67-9834-0cab3554f7c0,3805556.98030978,-106470.68283915
1651,76,LUNGA LUNGA HEALTH CENTRE,3351,NAIROBI,NAIROBI,MAKADARA,VIWANDANI,VIWANDANI,GPS,3,LA,-1.30783,36.86157,63ebeabf-c21c-4b42-8781-4248467df13c,4103411.20224061,-145599.613663639
1652,75,POI DISP,1968,RIFT VALLEY,BARINGO,KIPSARAMAN,KAPKATA,TERIK(KIPSARAMAN),DSA/MOH-UNICEF PROJECT REPORT(99),4,MOH,0.748719,35.8064,a8ff8b07-d69d-4be0-ad31-c44e7b11ed42,3985950.21514028,83349.3900190495
1653,1,AHERO HOSPITAL,1316,NYANZA,NYANDO,NYANDO,KAKOLA,TURA(NYANDO),1:50000 MAPS,1,MOH,-0.165363,34.9234,013bb944-eb26-4ca8-ba54-73d0ae56ee3a,3887655.10476982,-18408.1505119121
1654,77,MAKADARA HC,32,NAIROBI,NAIROBI,MAKADARA,MAKADARA,HAMZA,GPS,3,LA,-1.29431,36.87226,b7d058d6-cce7-4ec1-9183-5b5df0b825da,4104601.20759719,-144094.186023484
1655,76,SABOR DISP,1970,RIFT VALLEY,BARINGO,MARIGAT,KIMALEL,SABOR,DSA/MOH-UNICEF PROJECT REPORT(99),4,MOH,0.402363,35.8586,21a2e821-c899-4723-bdcd-8af9923014cf,3991761.09255968,44791.2124319901
1656,2,ANDIGO OPANGA DISP,1272,NYANZA,NYANDO,UPPER NYAKACH,THURDIBUORO,ANDING'O OPANGA,DDP,4,MOH,-0.362403,34.8405,0e133ae2-5d2b-4aa2-9b1b-d8840d84161b,3878426.71898306,-40342.7864232607
1657,79,MAKONGENI HC,33,NAIROBI,NAIROBI,MAKADARA,MAKONGENI,MAKONGENI(NAIROBI),GPS,3,LA,-1.29394,36.84754,8586964f-a125-4a9e-a365-f1ed357606a0,4101849.38978478,-144052.987303352
1658,77,SALAWA H C,1973,RIFT VALLEY,BARINGO,SALAWA,KABARNET SOI,SALAWA(BARINGO),DSA/MOH-UNICEF PROJECT REPORT(99),3,MOH,0.499544,35.6603,2c7cff2e-9798-4c4f-af07-917761266dd0,3969686.43753538,55609.6882464668
1659,3,ANGORO DISP,0,NYANZA,NYANDO,NYANDO,AWASI,BORDER II,DDP,4,MISS,-0.164326,35.1184,2877c53c-c3e0-4357-a0d1-ffeff9650971,3909362.40547451,-18292.7117221801
1660,82,MARINGO HC,34,NAIROBI,NAIROBI,MAKADARA,MARINGO,OFAFA MARINGO,GPS,3,LA,-1.28894,36.86451,652490f9-80b5-4acf-ad8f-7983ad13bb6d,4103738.48154355,-143496.248430664
1661,78,SERETUNIN SUB-H C,1994,RIFT VALLEY,BARINGO,KABARNET,EWALEL,SERETUNIN,DSA/MOH-UNICEF PROJECT REPORT(99),3,MOH,0.556304,35.7864,d5fdceb1-10d9-4598-baca-718db23b9c97,3983723.82532441,61928.4510256241
1662,4,AWASI DISP,0,NYANZA,NYANDO,NYANDO,AWASI,BORDER II,MEDS,4,MISS,-0.16043,35.07395,8360f8cc-a64b-4175-8308-a90e0cef95f1,3904414.25410874,-17859.0092442768
1663,79,SIBILO(FGC) DISP,1974,RIFT VALLEY,BARINGO,KIPSARAMAN,SIBILO,SIBILO,DSA/MOH-UNICEF PROJECT REPORT(99),4,MISS,0.724555,35.9129,59257e6e-2b15-45fc-850b-0727ce1bd634,3997805.74090976,80659.2434916944
1664,84,MATER MISERICORDIAE HOSPITAL,159,NAIROBI,NAIROBI,MAKADARA,MUKURU NYAYO,NAIROBI SOUTH,WAYUMBA,1,MISS,-1.305393,36.833478,226ce1d1-4c7b-44fa-90c5-8f431bf8e4cd,4100284.01510525,-145328.257507804
1665,81,SUMEIYON DISP,3425,RIFT VALLEY,BARINGO,KABARTONJO,KATIORIN,SUMEIYON,DSA/MOH-UNICEF PROJECT REPORT(99),4,MOH,0.583894,35.7555,0dc6ebb1-0362-4199-9bfa-7be910da738f,3980284.0530589,64999.907849182
1666,85,MATHARE NORTH HEALTH CENTRE,2656,NAIROBI,NAIROBI,KASARANI,RUARAKA,UTALII,GPS,3,LA,-1.25323,36.86485,cad1d7d5-7111-4798-840b-84e5ea582f81,4103776.33017042,-139520.050932869
1667,5,BOLO MISSION DISP,0,NYANZA,NYANDO,UPPER NYAKACH,THURDIBUORO,UPPER KADIANG'A,DDP,4,MISS,-0.332328,34.8892,cf06ff72-eda1-4533-b8bf-d00c4fce68e3,3883847.97818469,-36994.7911699652
1668,82,TALAI DISP,1977,RIFT VALLEY,BARINGO,KABARNET,TALAI,KAPTUMO(BARINGO),DSA/MOH-UNICEF PROJECT REPORT(99),4,MOH,0.586035,35.809,da1dcb56-7228-47a3-9351-d62abbd89790,3986239.64581634,65238.2553009541
1669,6,BONDE DISP,1276,NYANZA,NYANDO,LOWER NYAKACH,NYALUNYA,N. KABODHO,SUBLOC CENTROID,4,MOH,-0.314807,34.919277,3e79bb91-acf0-4c54-ac66-3cd70b82ec8f,3887196.13450928,-35044.3312620278
1670,87,MATHARI MENTAL HOSPITAL,160,NAIROBI,NAIROBI,CENTRAL,MATHARE,MATHARE,GPS,1,MOH,-1.259489,36.844302,ba86303a-85e7-44bb-bc1b-ff65e7e8ed74,4101488.93727359,-140216.967165035
1671,83,TANGULBEI DISP,1978,RIFT VALLEY,BARINGO,TANGULBEI,TANGULBEI,TANGULBEI,DSA/MOH-UNICEF PROJECT REPORT(99),4,MOH,0.809574,36.2872,fe52c3e2-e6ba-48dd-abb0-f0e0e00bf3bf,4039472.62631368,90124.3643674127
1672,7,BUNDE DISPENSARY,1277,NYANZA,NYANDO,NYANDO,KAKOLA,KAKOLA-AHERO,DDP,4,MOH,-0.20166,34.9037,f37ee3aa-94a7-4edd-8f73-f8795201ae4b,3885462.11080119,-22448.7348618286
1673,88,MBAGATHI DISTRICT HOSPITAL,154,NAIROBI,NAIROBI,DAGORETTI,KENYATTA/GOLF COURSE,GOLF COURSE,GPS,1,MOH,-1.307925,36.802242,ebeae013-8ffd-482a-8f38-37bb5909575c,4096806.83949083,-145610.191771066
1674,8,CHEMELIL DISP,1278,NYANZA,NYANDO,MUHORONI,CHEMELIL,CHEMELIL,DDP,4,MOH,-0.096918,35.1049,5ddfef8e-3b34-40b9-bbac-51b1485a6e34,3907859.59234879,-10788.867553733
1675,84,TENGES H C,1987,RIFT VALLEY,BARINGO,TENGES,TENGES,TENGES,DSA/MOH-UNICEF PROJECT REPORT(99),3,MOH,0.327464,35.8045,25cdd086-55ee-4e7a-b6ab-536fceb33f6b,3985738.70810777,36453.3241912754
1676,92,MUTHURWA DISP,38,NAIROBI,NAIROBI,CENTRAL,STAREHE,CITY CENTRE,GPS,4,LA,-1.2834,36.8332,bf39c2f6-eea7-4d48-a881-4516ffe2196c,4100253.06828681,-142879.383036168
1677,0,CHRISTIAN CARE CENTRE,0,NYANZA,NYANDO,MIWANI,N.E KANO,KABAR EAST,DHMT,4,MISS,-0.099012,34.994037,76638bbc-012a-4609-8cad-5ab088070703,3895518.37964098,-11021.9709082007
1678,86,TIMBOIYWO DISP,1979,RIFT VALLEY,BARINGO,SACHO,KABASIS,TIMBOIYWO,DSA/MOH-UNICEF PROJECT REPORT(99),4,MOH,0.422063,35.7972,abdd4b43-93ae-4d7b-8415-04872ad994aa,3984926.07582498,46984.2631678311
1679,94,NAIROBI SOUTH B HEALTH CENTRE,39,NAIROBI,NAIROBI,MAKADARA,MUKURU NYAYO,NAIROBI SOUTH,GPS,3,MOH,-1.309483,36.836938,9d12b7bb-6b48-4e93-8e7a-970e806c2da5,4100669.18054339,-145783.672790029
1680,0,KANDEGE DISP,0,NYANZA,NYANDO,MUHORONI,FORT TENAN,OCHORIA,DHMT,4,MOH,-0.22,35.32,ae812ad8-79a6-4594-a9f9-29bbf40bc414,3931804.41481843,-24490.3481534307
1681,87,TIRIMIONIN DISP,3861,RIFT VALLEY,BARINGO,KABARTONJO,SAIMO,TIRIMIONIN,DSA/MOH-UNICEF PROJECT REPORT(99),4,MOH,0.654225,35.8044,2cd3e3f8-375d-48af-87dd-550e7b2af3a4,3985727.57615869,72829.5764609477
1682,95,NAIROBI WEST SISTERS DISP,3350,NAIROBI,NAIROBI,KIBERA,NAIROBI WEST,NAIROBI WEST,DISTRICT ESTIMATES,4,MISS,-1.3101,36.81121,b673dcec-b40a-47c7-9026-2cc1ae30c8f9,4097805.15268427,-145852.374866496
1683,88,TIRIONDONIN DISP,3426,RIFT VALLEY,BARINGO,KABARTONJO,OSSEN,TIRIONDONIN,DSA/MOH-UNICEF PROJECT REPORT(99),4,MOH,0.650876,35.7555,0d8ac582-5966-43ed-95d5-a019c24ea3b6,3980284.0530589,72456.7433058631
1684,96,NGAIRA AVENUE DISP,2670,NAIROBI,NAIROBI,CENTRAL,STAREHE,CITY SQUARE,GPS,4,LA,-1.28894,36.82251,b98c1d03-dfea-480d-9eaa-a92600fac04d,4099063.06293023,-143496.248430664
1685,10,KATITO HEALTH CENTRE,1285,NYANZA,NYANDO,LOWER NYAKACH,N.E NYAKACH,AGORO WEST,DDP,3,MOH,-0.263883,34.9649,a86a08e1-857d-4422-8daa-20d63dd9867d,3892274.86363774,-29375.425040131
1686,89,YATYA DISP,2418,RIFT VALLEY,BARINGO,KIPSARAMAN,KAPKATA,BARKETIEW,DSA/MOH-UNICEF PROJECT REPORT(99),4,MOH,0.796428,35.9305,0b2da3d4-688a-4c03-b54e-88f7a82110a1,3999764.96394772,88660.8146049659
1687,97,NGARA HEALTH CENTRE,143,NAIROBI,NAIROBI,CENTRAL,NGARA,NGARA EAST,GPS,3,LA,-1.27077,36.83046,a52210d9-c35d-4d10-b1ff-e8b956154154,4099948.05288204,-141473.068540282
1688,11,KIBIGORI DISP,1286,NYANZA,NYANDO,MUHORONI,CHEMELIL,KIBIGORI,DDP,4,MOH,-0.062695,35.0437,8f25f76a-f425-488a-918f-4881450d0fd7,3901046.83951225,-6979.17686803237
1689,1,BOMET SUB-HEALTH CENTRE,1662,RIFT VALLEY,BOMET,BOMET CENTRAL,TOWNSHIP,CHEPNGAINA,GPS,3,MOH,-0.78031,35.33807,1d4ed93e-ed66-43a8-a11e-b12d329fef5e,3933815.95801707,-86866.3971827829
1690,98,NGONG ROAD SHC,187,NAIROBI,NAIROBI,DAGORETTI,KENYATTA/GOLF COURSE,WOODLEY,GPS,3,LA,-1.29896,36.7576,4a0d7eea-ae6d-4a0c-aef6-a8963883fb50,4091837.31478284,-144611.95423553
1691,2,BURGEI DISP,0,RIFT VALLEY,BOMET,SOTIK,RONGENA,BURGEI,DISTRICT ESTIMATES,4,MOH,-0.79234,35.11234,dc465fee-76eb-4776-be04-4f86f0dc60fd,3908687.8093603,-88205.6967840987
1692,99,NYS HEALTH CENTRE,106,NAIROBI,NAIROBI,KASARANI,RUARAKA,UTALII,GPS,3,MOH,-1.24995,36.86425,fe9c7d1b-b26e-40dd-88e2-c8b0e1548b9e,4103709.53847594,-139154.835870486
1693,3,CHEBOYO DISP,3756,RIFT VALLEY,BOMET,SIONGIROI,MOGOR,CHEBOYO,DISTRICT ESTIMATES,4,MOH,-0.93241,35.14243,072a47ae-0ac4-467d-a992-b7d80303184e,3912037.41283827,-103799.98808491
1694,100,NYS PUBLIC HEALTH,4381,NAIROBI,NAIROBI,KASARANI,RUARAKA,UTALII,GPS,3,MOH,-1.24995,36.86425,271559bd-141f-480d-b795-e4e8e34979aa,4103709.53847594,-139154.835870486
1695,4,CHEBUNYO DISP,948,RIFT VALLEY,BOMET,SIONGIROI,CHEBUNYO,KAMOKIBOI,DDP,4,MOH,-0.95953,35.2106,4d42d361-fbbd-4d39-aae3-fd2a4a442ac9,3919626.06252564,-106819.384222241
1696,101,OFAFA JERICHO SHC,188,NAIROBI,NAIROBI,MAKADARA,MAKADARA,LUMUMBA,GPS,3,LA,-1.289024,36.871071,04ae2469-bdc6-4432-ab29-22cdafdb6ee9,4104468.84872264,-143505.60163468
1697,102,OFAFA NAIROBI HC,41,NAIROBI,NAIROBI,MAKADARA,MAKADARA,LUMUMBA,GPS,3,LA,-1.288752,36.870483,1e629e3b-07cc-45ce-91e7-c185c5bbd188,4104403.39286205,-143475.315070397
1698,103,P & T MCH DISP,110,NAIROBI,NAIROBI,KASARANI,RUARAKA,MATHARE NORTH,SUBLOC CENTROID,4,MOH,-1.247265,36.872106,f66a5237-7ffc-42e1-8b27-2a2257e99944,4104584.06439561,-138855.872050804
1699,104,PANGANI HC,42,NAIROBI,NAIROBI,CENTRAL,KARIOKOR,PANGANI,GPS,3,LA,-1.26741,36.83815,a7435fa1-7591-45b7-b709-c88a915dc20b,4100804.09976624,-141098.943279439
1700,106,PROVIDE INTERNATIONAL DISP,3590,NAIROBI,NAIROBI,EMBAKASI,KAYOLE,KAYOLE,WAYUMBA,4,NGO,-1.268017,36.911501,fa6dea43-b267-4b3d-9638-262c34bc76ca,4108969.49573541,-141166.530753398
1701,25,OMBO KACHIENG DISP,3417,NYANZA,HOMA BAY,RIANA,WEST KABUOCH,KACHIENG EAST,HD MAPS,4,MOH,-0.73978,34.4653,be52ed56-2784-4a49-ae08-48835f0f0dff,3836659.64603742,-82354.2211336741
1702,26,OYARO DISP,3578,NYANZA,HOMA BAY,NDHIWA,WEST KANYAMWA,KAYAMBO,GPS,4,MOH,-0.72574,34.36588,40d87fb5-9b8e-4cd7-b439-523eec481299,3825592.26226275,-80791.1676539217
1703,27,PALA H C,1426,NYANZA,HOMA BAY,RIANA,SOUTH KABUOCH,KAGURIA KAMENYA,HD MAPS,3,MOH,-0.82374,34.464,5e790b87-15ae-4e27-9133-4c42b58f42d5,3836514.93069939,-91701.476476822
1704,28,RANGWE HC,1428,NYANZA,HOMA BAY,RANGWE,GEM CENTRAL,KAJULU,HD MAPS,3,MOH,-0.615395,34.5988,265394a3-7c12-4deb-843c-395251f0046e,3851520.79805832,-68506.7752288071
1705,29,RANGWE S D A DISP,3177,NYANZA,HOMA BAY,RANGWE,GEM CENTRAL,KAJULU,HD MAPS,4,MISS,-0.61017,34.601,f995049e-a41e-4486-bc25-cd5a468ec17e,3851765.70093807,-67925.0976220498
1706,30,RAPETH DISP,4465,NYANZA,HOMA BAY,NYARONGI,CENTRAL KANYIDOTO,SOUTH KAGANDA,GPS,4,MOH,-0.76837,34.35348,d51f66bd-cbef-4f94-8869-82951285c966,3824211.90057691,-85537.121066447
1707,31,WAWARE SINDO DISP,0,NYANZA,HOMA BAY,RANGWE,EAST KAGAN,KOMENYA,ILRI MKT CENTRES,4,MISS,-0.53562,34.617906,e4cefdfc-0140-45fc-aa3d-fa4ab39c64a7,3853647.66824942,-59625.8141281245
1708,1,ERAMBA DISP,3767,NYANZA,KISII CENTRAL,MARANI,MWAGICHANA,KIOMONCHA,GPS,4,MOH,-0.546833,34.7801,b1619e25-b702-4f23-9ca2-f8a621bd7220,3871703.02173914,-60874.0952722805
1709,2,GESUSU SDA HEALTH CENTRE,1233,NYANZA,KISII CENTRAL,MASABA,NYARIBARI MASABA,GESUSU,GPS,3,MISS,-0.86716,34.90588,3275f794-5a3f-40fa-a7e9-f4fcd4cd16da,3885704.78729111,-96535.4951436008
1710,12,KIBOKO DISP,0,NYANZA,NYANDO,LOWER NYAKACH,N.E NYAKACH,AWACH,DDP,4,MOH,-0.286698,35.0126,4f411d2c-2ee7-4ab8-aecc-cb6b4156c092,3897584.80334858,-31915.2085552445
1711,3,GESUSU SUB DISTRICT HOSPITAL,3769,NYANZA,KISII CENTRAL,MASABA,NYARIBARI MASABA,GESUSU,GPS,1,MOH,-0.8712,34.9087,850e44a0-dd3c-4e1f-95b5-97ebee8b9662,3886018.70825516,-96985.2776398403
1712,13,KINASIA DISP,1289,NYANZA,NYANDO,NYANDO,KIKOLO/E. KANO,KATOLO,SUBLOC CENTROID,4,MOH,-0.246469,35.027977,bd23f1f7-f11b-45c8-b873-eedac4435802,3899296.56315851,-27436.8881944872
1713,0,IBACHO HEALTH CENTRE,0,NYANZA,KISII CENTRAL,MASABA,NYARIBARI CENTRAL,IBACHO,GPS,3,MOH,-0.805683,34.9046,ae7cb04f-d058-4de3-bd75-df03cd9a763a,3885562.29834291,-89691.1771941744
1714,4,IBENO HEALTH CENTRE,1254,NYANZA,KISII CENTRAL,KEUMBU,IBENO,KABOSI,GPS,3,MOH,-0.77724,34.85208,f9c31561-0421-4303-acea-76c4917f1c4e,3879715.79868644,-86524.6147747598
1715,14,KORU MISSION HEALTH CENTRE,1292,NYANZA,NYANDO,MUHORONI,KORU,KORU,MEDS,3,MISS,-0.18288,35.27376,2cf2949d-0ef5-4e87-88f5-e33889403fa1,3926657.00156415,-20358.1430442836
1716,5,IRANDA SUB- HEALTH CENTRE,1235,NYANZA,KISII CENTRAL,MOSOCHO,NYAKOE,IRANDA,GPS,3,MOH,-0.62433,34.7812,a77c4538-9433-4382-9d67-7952cdd111be,3871825.47317901,-69501.4730906934
1717,15,KUSA HEALTH CENTRE,1293,NYANZA,NYANDO,UPPER NYAKACH,THURDIBUORO,WEST KOGUTA,DDP,3,MOH,-0.331291,34.854,64082be0-5e1f-4417-8e9a-749c2026966d,3879929.53210876,-36879.3509222212
1718,6,ISECHA DISP,1486,NYANZA,KISII CENTRAL,MARANI,NGENYI,GESANGERO,GPS,4,MOH,-0.571717,34.8628,a829df3d-4856-47bf-a0db-f46afa9bceaf,3880909.14362774,-63644.3014756898
1719,16,MAKINDU DISP,3288,NYANZA,NYANDO,MUHORONI,MUHORONI,MUHORONI EAST,SUBLOC CENTROID,4,MOH,-0.149197,35.203175,bf3418d2-db1f-47ae-b600-3960b7cf46d4,3918799.5153065,-16608.5528375097
1720,7,IYABE SUB HEALTH CENTRE,1236,NYANZA,KISII CENTRAL,SUNEKA,IYABE,BOMOKORA,GPS,3,MOH,-0.691033,34.6799,651723fb-2e33-426b-8059-72b99e6e482b,3860548.80876165,-76927.3067157656
1721,17,MASOGO SUB-HEALTH CENTRE,1319,NYANZA,NYANDO,MIWANI,N.E KANO,KABAR EAST,DDP,3,MOH,-0.086547,35.0095,e89a2074-af7e-4b3e-a617-2eeee0557757,3897239.71292712,-9634.37163347287
1722,8,KEGOGI DISP,1237,NYANZA,KISII CENTRAL,MARANI,KEGOGI,NGOKORO,GPS,4,MOH,-0.54225,34.841,a3365511-4813-4ea3-9ea4-5c57a6332c51,3878482.37872845,-60363.8950036332
1723,18,MINARA DISP,1296,NYANZA,NYANDO,MUHORONI,MUHORONI,OWAGA,DDP,4,MOH,-0.162252,35.2242,0c1830a4-d845-4f4f-a454-f7a136ea73b3,3921140.00760043,-18061.8341606577
1724,9,KEUMBU SUB DISTRICT HOSPITAL,1257,NYANZA,KISII CENTRAL,KEUMBU,KEUMBU,NYAMWARE,GPS,1,MOH,-0.731217,34.8467,3762d83a-43dd-48ad-a27a-748d2a732d6a,3879116.89982597,-81400.9137887139
1725,19,MUHORONI SUB-DISTRICT HOSP.,1339,NYANZA,NYANDO,MUHORONI,GOD NYITHINDO,OREGO,DDP,1,MOH,-0.154993,35.1889,18a78d76-6042-40c8-a955-5275f091ffe4,3917210.42957543,-17253.7628797136
1726,10,KIAMOKOMA DISP,1239,NYANZA,KISII CENTRAL,MASABA,NYARIBARI CENTRAL,CHIRONGE,GPS,4,MOH,-0.828667,34.8826,dccaa8ec-9f6e-45bf-961e-04b29825bd27,3883113.26954545,-92250.004636402
1727,20,NYABONDO MISS. HOSPITAL,1329,NYANZA,NYANDO,UPPER NYAKACH,SOUTH NYAKACH,EAST KADIANG'A,MEDS,1,MISS,-0.37815,34.97882,a51ad6a5-cfe6-4614-9587-adce733d0245,3893824.43094958,-42095.7710564118
1728,11,KIOGORO SUB-HEALTH CENTRE,1240,NYANZA,KISII CENTRAL,KEUMBU,KIOGORO,BORONYI,GPS,3,MOH,-0.718833,34.7811,3c6db485-8afa-4cae-9a5a-d65dad15c94a,3871814.34122993,-80022.2228316778
1729,22,NYAKACH AIC DISP,1298,NYANZA,NYANDO,UPPER NYAKACH,OBOCH,KAJIMBO,MEDS,4,MISS,-0.38159,34.93026,2512da4d-109e-44e3-af89-cf6da6b60982,3888418.75647666,-42478.7185213157
1730,12,KISII DISTRICT HOSPITAL,1265,NYANZA,KISII CENTRAL,TOWNSHIP,TOWNSHIP,TOWNSHIP(KISII),GPS,1,MOH,-0.66815,34.7704,68c1e3d3-961a-4153-bb17-a4c1ea37988d,3870623.22267845,-74379.8035942117
1731,0,NYAKONGO HEALTH CENTRE,0,NYANZA,NYANDO,NYANDO,WAWIDHI,NYAKONGO(NYANDO),DHMT,3,MOH,-0.161584,34.985492,aaca281b-91d8-4d87-abfb-04cc5df95e9f,3894567.15459216,-17987.4724438685
1732,13,MARANI HEALTH CENTRE,1270,NYANZA,KISII CENTRAL,MARANI,MWAGICHANA,IGEMO,GPS,3,MOH,-0.575467,34.7982,7a1c425d-d505-492a-8d77-d54c32c664b7,3873717.9045225,-64061.770485746
1733,14,MARIE STOPES DISP,0,NYANZA,KISII CENTRAL,TOWNSHIP,TOWNSHIP,TOWNSHIP(KISII),GPS,4,NGO,-0.66945,34.76971,310e9c8d-ca3f-45d4-ba1f-6ef622bd863c,3870546.4122298,-74524.5287917762
1734,23,NYAMARIMBA DISP,1299,NYANZA,NYANDO,UPPER NYAKACH,S. W NYAKACH,WEST KADIANG'A,1:50000 MAPS,4,MOH,-0.36828,34.9046,53e1a01f-cdf7-40e8-92f7-329777cb5067,3885562.29834291,-40997.0243711033
1735,15,MASIMBA HEALTH CENTRE,1258,NYANZA,KISII CENTRAL,MASABA,NYARIBARI MASABA,KEREMA,GPS,3,MOH,-0.858733,34.9404,0a253565-130c-4eb4-b4f6-a43b29650f45,3889547.5361133,-95597.2993849955
1736,25,NYANGOMA HEALTH CENTRE,1301,NYANZA,NYANDO,MIWANI,NYANGOMA,WANGAYA I,DDP,3,MOH,-0.1384,35.0531,388bc4e9-1e78-420b-ad15-3d08bb5e5af0,3902093.2427257,-15406.6325082589
1737,28,OBOCH DISP,1302,NYANZA,NYANDO,UPPER NYAKACH,OBOCH,KAJIMBO,1:50000 MAPS,4,MOH,-0.380376,34.9297,2ea5af64-9a36-4cde-b3e1-253c0315322f,3888356.41756181,-42343.5736718111
1738,16,MASONGO DISP,4804,NYANZA,KISII CENTRAL,SUNEKA,BOMORENDA,BOMAKOMBI,GPS,4,MOH,-0.714917,34.7091,630bed5e-0684-4836-a174-3881f4bbdded,3863799.33789282,-79586.2615821262
1739,17,MATONGO DISP,4805,NYANZA,KISII CENTRAL,SUNEKA,BOMARIBA,BOROKO,GPS,4,MOH,-0.6285,34.7202,27f2c972-cc1d-4e9d-a751-b814dcb0c555,3865034.98424062,-69965.7031119737
1740,29,ORIEN DISP,0,NYANZA,NYANDO,NYANDO,AWASI,BORDER I,DDP,4,MISS,-0.170549,35.0095,fc2ecc50-8cd6-4c41-9912-d4434cd44b11,3897239.71292712,-18985.4558717556
1741,18,MOSOCHO HEALTH CENTRE,1244,NYANZA,KISII CENTRAL,MOSOCHO,BOGEKA,MOGUSII(CKISII),GPS,3,MISS,-0.59759,34.74131,379800d9-f478-4749-8787-1330d8c7cd06,3867384.93869127,-66524.6206396796
1742,30,PAP ONDITI HOSP,1324,NYANZA,NYANDO,LOWER NYAKACH,PAP ONDITI,KABODHO EAST,1:50000 MAPS,1,MOH,-0.313172,34.9355,6494ffa9-4f7d-4d46-8f7a-65850c0a82cc,3889002.07060841,-34862.3211615114
1743,19,NYABURURU MISS DISP,1245,NYANZA,KISII CENTRAL,TOWNSHIP,TOWNSHIP,MWAMOSIOMA(TOWNSHIP),GPS,4,MISS,-0.6522,34.74403,d5ce58fa-3aa7-4453-873a-f17799dce54f,3867687.72770623,-72604.1398415329
1744,33,SANGOROTA DISP,1310,NYANZA,NYANDO,UPPER NYAKACH,THURDIBUORO,UPPER KADIANG'A,DHMT,4,MOH,-0.344224,34.888952,1c61ab56-e6d8-4e7b-bc08-77b168c7f809,3883820.37095097,-38319.070915338
1745,20,NYAGESENDA SDA DISP,1247,NYANZA,KISII CENTRAL,MARANI,SENSI,SENSI,GPS,4,MISS,-0.58266,34.81804,d81a0d25-9edd-4c33-8921-460c29699110,3875926.48321984,-64862.5324791795
1746,34,SIGOTI HEALTH CENTRE,1325,NYANZA,NYANDO,UPPER NYAKACH,SIGOTI,RAMOGI,DHMT,3,MOH,-0.345272,34.969642,74152385-4178-416b-b950-3bf6f7b068b0,3892802.74066308,-38435.7358535637
1747,21,NYAGUTA DISP,4491,NYANZA,KISII CENTRAL,KEUMBU,KIOGORO,NYAGUTA,GPS,4,MOH,-0.7401,34.8068,632e1a38-b164-4cac-9ef1-c36582e07a0e,3874675.25214332,-82389.8463414983
1748,35,SONDU HEALTH CENTRE,1313,NYANZA,NYANDO,UPPER NYAKACH,SOUTH NYAKACH,EAST KADIANG'A,DDP,3,MOH,-0.380033,35.0012,5a770151-83ab-4f1c-9022-13e816397224,3896315.76115353,-42305.3902457862
1749,22,NYAKWANA DISP,3297,NYANZA,KISII CENTRAL,KEUMBU,KIOGORO,MATUMWA,GPS,4,MOH,-0.75678,34.807,f61e81d5-c14f-48eb-8277-2f6ab2c63efc,3874697.51604148,-84246.813884283
1750,36,TAMU HEALTH CENTRE,1314,NYANZA,NYANDO,MUHORONI,TAMU,UPPER TAMU,DDP,3,MOH,-0.094844,35.2045,8c9a425e-7c42-49db-89ed-446fb3f0548b,3918947.0136318,-10557.9906065419
1751,23,NYAMAGUNDO DISP,3008,NYANZA,KISII CENTRAL,SUNEKA,BOMARIBA,BOROKO,GPS,4,MOH,-0.6367,34.7013,f0bb4de8-ca67-4d29-b529-8b4948e37ce0,3862931.04586463,-70878.5785776562
1752,1,ADIEDO H C,1389,NYANZA,RACHUONYO,EAST KARACHUONYO,KANYALUO WEST,KOBILA,HD MAPS,3,MOH,-0.420942,34.6015,ab919b09-c7d7-4cde-992e-708869d21a5e,3851821.36068346,-46859.4706417941
1753,5,CHEMANER DISP,1706,RIFT VALLEY,BOMET,LONGISA,CHEMANER,KAPSIGIRIO,1:50000 MAPS,4,MOH,-0.808628,35.5042,543436a3-462e-4c5a-bd24-dc303797f6be,3952309.46502255,-90019.0456281583
1754,24,NYAMAGWA SDA DISP,0,NYANZA,KISII CENTRAL,KEUMBU,IBENO,NYAMAGWA(CKISII),GPS,4,MISS,-0.78103,34.82343,ae530d38-48b8-4bf0-adc7-3e82e2ed6c82,3876526.49527521,-86946.5546565664
1755,6,CHEPWOSTUIYET DISP,0,RIFT VALLEY,BOMET,SIONGIROI,BINGWA,CHEPWASTUYET,DISTRICT ESTIMATES,4,MOH,-0.841234,35.15234,38b1c993-1810-4cd6-9eec-f6ca442666a1,3913140.58899203,-93649.1052350667
1756,3,ATEMO MISSION HEALTH CENTRE,1439,NYANZA,RACHUONYO,KASIPUL,KOJWACH,KOJWACH KAMUGA,DSA/DFH(MOH)-UNFPA REPORT,3,MISS,-0.492322,34.8612,1012cc19-4333-4a01-8f19-01453f025085,3880731.03244247,-54805.7087663215
1757,25,NYAMASIBI DISP,3010,NYANZA,KISII CENTRAL,MASABA,NYARIBARI MASABA,NYAMASIBI,GPS,4,MOH,-0.8213,34.9552,520641f2-7de9-4cd8-a327-ca5ce727ac26,3891195.06457704,-91429.8289284236
1758,7,CHESOEN DISP,0,RIFT VALLEY,BOMET,BOMET CENTRAL,CHESOEN,CHESOEN,DISTRICT ESTIMATES,4,MOH,-0.70124,35.28123,e733fee6-0fdb-4f9a-84ce-58c573bae71d,3927488.55816037,-78063.6286303618
1759,6,GENDIA MISSION HOSPITAL,0,NYANZA,RACHUONYO,EAST KARACHUONYO,NORTH KARACHUONYO,KAKWAJUOK UPPER,1:50000 MAPS,1,MISS,-0.400901,34.6635,ac8a836b-646a-46ae-bda5-cccc068c8d07,3858723.16911264,-44628.4593378323
1760,26,NYANCHWA SDA DISP,1248,NYANZA,KISII CENTRAL,KEUMBU,BOSONGO,NYANCHWA,GPS,4,MISS,-0.67766,34.76585,e8c52470-4378-448a-9c7e-a5fa288c542d,3870116.71899534,-75438.5249673382
1761,7,GOT BER DISP,4503,NYANZA,RACHUONYO,KABONDO,RAMBA,KODUMO WEST,SUBLOC CENTROID,4,MOH,-0.419823,34.823568,a99a22a9-db86-4762-8118-10da38c4134e,3876541.85736494,-46734.9007786574
1762,8,GELEGELE DISP,1582,RIFT VALLEY,BOMET,NDANAI,GELEGELE,GELEGELE,DDP,4,MOH,-0.872233,35.0385,3e14385d-3314-400b-b4c2-bdfee8b9a1c9,3900467.97816012,-97100.2839841569
1763,27,NYASORE SDA DISP.,0,NYANZA,KISII CENTRAL,MARANI,MWAKIBAGENDI,NYAMAGE,GPS,4,MISS,-0.57085,34.77067,4f1b076e-fdba-4424-8bc3-fa300eab99f1,3870653.27894096,-63547.7826794327
1764,8,GOT OYARO DISP,1393,NYANZA,RACHUONYO,WEST KARACHUONYO,KOKOTH KATENG,KAKOKO,HD MAPS,4,MOH,-0.38942,34.532,4f281352-5ff0-40fe-b1c1-edf0e837de6d,3844084.65607333,-43350.369864854
1765,9,GORGOR DISP,1584,RIFT VALLEY,BOMET,NDANAI,ABOSI,ABOSI,1:50000 MAPS,4,MOH,-0.896847,35.0788,6626e132-2adf-4fca-a958-708e80dd4df8,3904954.15363909,-99840.6285065506
1766,28,RAMASHA DISP,1251,NYANZA,KISII CENTRAL,MASABA,NYARIBARI IKORONGO,METEMBE(MASABA),GPS,4,MOH,-0.893483,34.9731,3ea5e984-adf9-4cd0-8a9d-25334be6c65f,3893187.68346224,-99466.1040304042
1767,9,HOMA LIME H C,1441,NYANZA,RACHUONYO,WEST KARACHUONYO,KANAM A,KOWOUR,HD MAPS,3,MOH,-0.414279,34.462036,f4c19b73-9d9b-408d-abf8-6ccac9bc2eaa,3836296.29921947,-46117.7291718617
1768,29,RANGANGA  DISP,1250,NYANZA,KISII CENTRAL,MOSOCHO,ETORA,RAGANGA,GPS,4,MOH,-0.598785,34.7119,7df4e2dd-d525-4185-a592-905c9b35073b,3864111.03246704,-66657.6546815181
1769,10,IRWAGA DISP,3595,RIFT VALLEY,BOMET,BOMET CENTRAL,MERIGI,MOTIGO,DISTRICT ESTIMATES,4,MOH,-0.74123,35.37412,d8585f48-62d2-4546-a872-88eda068584c,3937829.02566016,-82515.6478772039
1770,30,RIANA HEALTH CENTRE,1262,NYANZA,KISII CENTRAL,SUNEKA,RIANA,NYAMWARI,GPS,3,MOH,-0.6556,34.6631,1a34fd9d-44b4-4071-92a9-ed4081039409,3858678.64131633,-72982.6507605245
1771,11,KABOSON (AGC) HEALTH CENTRE,1664,RIFT VALLEY,BOMET,SIGOR,KABOSON,KABOSON,1:50000 MAPS,3,MISS,-0.988218,35.2314,82763e87-3a20-43f7-9c98-14021083ced3,3921941.50793415,-110013.37918249
1772,10,KABONDO H C,1394,NYANZA,RACHUONYO,KABONDO,RAMULA,UPPER KODHOCH,HD MAPS,3,MOH,-0.40823,34.8781,818e0077-bdc7-4ea2-a304-bd1bf6e27d0e,3882612.33183688,-45444.3402253057
1773,32,RIOTANCHI HEALTH CENTRE,3017,NYANZA,KISII CENTRAL,SUNEKA,BOMORENDA,BONYAORO,GPS,3,MOH,-0.70485,34.7163,c461569d-25f6-497f-9a63-c3ed8510fe88,3864600.83822653,-78465.5222471606
1774,12,KANUSIN DISP,0,RIFT VALLEY,BOMET,SOTIK,KANUSIN,KAPSANGARU,1:50000 MAPS,4,MOH,-0.791999,35.2281,4336f54c-9183-4ee9-953a-fe4888be3ff7,3921574.15361453,-88167.7332092896
1775,11,KANDIEGE H C,1396,NYANZA,RACHUONYO,WEST KARACHUONYO,KOYUGI,KAMUGA 2,HD MAPS,3,MOH,-0.45638,34.5297,7c20c4c7-37c9-44e9-9dea-98aa17407838,3843828.6212445,-50804.5264396414
1776,33,SIEKA DISP,1253,NYANZA,KISII CENTRAL,MARANI,MWAKIBAGENDI,ONYWERE,GPS,4,MOH,-0.570317,34.7628,7b954895-cdec-400d-a7b7-3fb6c50aebd6,3869777.19454841,-63488.4464485871
1777,13,KAPKESOSIO DISP,1590,RIFT VALLEY,BOMET,SIGOR,KAPKESOSIO,TUMOI,1:50000 MAPS,4,MOH,-0.860177,35.293,caf68e97-9a42-4959-9c3c-6ca2aebd8736,3928798.78856701,-95758.0628160211
1778,12,KENDU BAY MISS. HOSPITAL,1471,NYANZA,RACHUONYO,EAST KARACHUONYO,NORTH EAST KARACHUON,KONYANGO MAJIERI,HD MAPS,1,MISS,-0.36543,34.6481,c2543729-f4f0-43de-adbd-67ee914e9394,3857008.84895443,-40679.7573189578
1779,14,KAPKOROS HEALTH CENTRE,1665,RIFT VALLEY,BOMET,BOMET CENTRAL,SIBAIYAN,KAPKOROS(BOMET),DDP,3,MOH,-0.665095,35.275022,e2ff0722-66da-4daf-857a-5ec83326522c,3926797.48676153,-74039.6995305229
1780,34,SOSERA DISP,4803,NYANZA,KISII CENTRAL,MASABA,NYARIBARI IKORONGO,SOSERA,GPS,4,MOH,-0.85967,34.98721,b5031f00-a542-456f-845e-eb53ae37399a,3894758.40147734,-95701.6174770091
1781,13,KENDU SUB-DISTRICT HOSPITAL,1445,NYANZA,RACHUONYO,EAST KARACHUONYO,NORTH EAST KARACHUON,KONYANGO MAJIERI,HD MAPS,1,MOH,-0.36046,34.6335,31b2d655-d25c-4391-8395-7b0038a7f20c,3855383.58438884,-40126.4883490724
1782,15,KAPKURES DISP,0,RIFT VALLEY,BOMET,SOTIK,KIPTULWA,KINYELWET,DDP,4,MOH,-0.772466,35.1491,42bbe1aa-32f9-4c66-8aa9-ca898ffb5f9a,3912779.91384186,-85993.1269240118
1783,35,TARACHA DISP,4801,NYANZA,KISII CENTRAL,KEUMBU,KEUMBU,TARACHA,GPS,4,MOH,-0.756467,34.8565,4b3b45d1-5d9a-4168-b08f-5bde672ce236,3880207.83083574,-84211.9678453583
1784,14,KOBUYA DISP,4504,NYANZA,RACHUONYO,EAST KARACHUONYO,KOBUYA,KOBUYA WEST,ILRI VILLAGES,4,MOH,-0.37,34.77,2b98a7c8-5e17-42c4-b608-14b271c77ed7,3870578.69488213,-41188.4978691474
1785,16,KATARET DISP,0,RIFT VALLEY,BOMET,SIONGIROI,MOGOR,KATARET,DISTRICT ESTIMATES,4,MOH,-0.92324,35.182354,43ba0ec0-b557-49d8-8169-2664683c8f51,3916481.7321887,-102779.054495079
1786,1,AMATIERIO DISP,1477,NYANZA,KISII NORTH,EKERENYO,EKERENYO,BOISANGA II,HD MAPS,4,MOH,-0.58084,35.0169,2fc9397f-2b91-462d-8552-e4581cb2bd2a,3898063.47715899,-64659.9205621205
1787,15,KOKWONYO DISP,4501,NYANZA,RACHUONYO,KASIPUL,KOKWANYO,KOKWANYO EAST,SUBLOC CENTROID,4,MOH,-0.424202,34.804778,d782bca6-1f6d-4686-ae5d-5002e6bfeedc,3874450.16413294,-47222.3820520052
1788,17,KIPSUTER DISP,0,RIFT VALLEY,BOMET,SIONGIROI,SIONGIROI,KIPSUTER,DISTRICT ESTIMATES,4,MOH,-0.92324,35.23241,06c6bcf9-5040-4990-9f0a-d8bc207f5326,3922053.94061985,-102779.054495079
1789,2,BORABU HEALTH CENTRE,153,NYANZA,KISII NORTH,BORABU,NYASIONGO,NYANSIONGO/GESIMA,HD MAPS,3,MISS,-0.78705,34.9834,4a5b82d9-db03-4208-8b94-0d607b1ebe3b,3894334.27421741,-87616.7607398711
1790,17,KOSELE DISP,4599,NYANZA,RACHUONYO,EAST KARACHUONYO,RAMBIRA,KARABONDI,SUBLOC CENTROID,4,MOH,-0.379317,34.717615,ece1aebf-74a4-4424-926c-c4ef3297fdbc,3864747.22335692,-42225.6837403657
1791,18,KIPTULWA DISP,0,RIFT VALLEY,BOMET,SOTIK,KIPTULWA,KINYELWET,DISTRICT ESTIMATES,4,MOH,-0.781234,35.16234,5bc4a2ae-e401-43b1-a95f-1df6d89895c6,3914253.78389996,-86969.2659433018
1792,3,BOSIANGO DISP,1478,NYANZA,KISII NORTH,NYAMIRA,BOSAMARO MASABA,KEGOGI,HD MAPS,4,MOH,-0.65449,34.9633,14c4eac9-6567-48fa-ae92-c93d05f7a11f,3892096.75245247,-72859.0780499566
1793,18,MAWEGO MISS. H C,1449,NYANZA,RACHUONYO,EAST KARACHUONYO,KOBUYA,KOBUYA WEST,MEDS,3,MISS,-0.3896,34.77038,97faec35-3ccc-4a66-89a1-db070de2373a,3870620.99628863,-43370.4078362319
1794,19,KIROMWOK DISP,955,RIFT VALLEY,BOMET,BOMET CENTRAL,KIROMWOK,KIROMWOK,DISTRICT ESTIMATES,4,MOH,-0.741236,35.41245,4032b61b-25f5-40fd-be70-3c9033257345,3942095.90174226,-82516.3158500438
1795,4,CHEPNGOMBE HEALTH CENTRE,1501,NYANZA,KISII NORTH,BORABU,ESISE,MANGA/LIETIGO,HD MAPS,3,MOH,-0.85534,35.0001,1915aa62-c26f-4b85-8389-d809bad55193,3896193.30971366,-95219.5500937036
1796,19,MIRIU H C,1452,NYANZA,RACHUONYO,EAST KARACHUONYO,WANG'CHIENG,KOBALA,HD MAPS,3,MOH,-0.33976,34.7682,16590bef-8731-4556-b755-f180a4aa3507,3870378.3197987,-37822.1318559655
1797,20,KITOBEN DISP,1620,RIFT VALLEY,BOMET,BOMET CENTRAL,MUGANGO,KITOBEN,DISTRICT ESTIMATES,4,MOH,-0.72123,35.40123,25f00e5a-e6c6-4aad-9f27-708c28d3eb7e,3940846.89705557,-80289.0767226311
1798,5,EKERENYO HEALTH CENTRE,1502,NYANZA,KISII NORTH,EKERENYO,EKERENYO,BOISANGA 1,HD MAPS,3,MOH,-0.52795,34.9707,33753f8c-66e8-4730-9268-25e272e59b86,3892920.51668434,-58771.9568558727
1799,20,MISAMBI H C,3651,NYANZA,RACHUONYO,KABONDO,KASEWE,KASEWE 'B',HD MAPS,3,MISS,-0.45487,34.9172,e7d2a177-622d-43c7-8b50-e84534ed0a7a,3886964.9239269,-50636.4286935855
1800,21,LONGISA DISTRICT HOSPITAL,1624,RIFT VALLEY,BOMET,LONGISA,CHEBOIN,SAMITUK,GPS,1,MOH,-0.85793,35.38941,e469898e-afdf-4eb3-b8fd-995569f2da36,3939531.10067439,-95507.89980247
1801,6,EKERUBO GIETAI DISP,0,NYANZA,KISII NORTH,BORABU,ESISE,EKERUBO,SUBLOC CENTROID,4,NGO,-0.823096,35.055337,1b237770-af45-4f6f-895d-c680de876cf8,3902342.26442661,-91629.7793208657
1802,22,NYABOLA S D A DISP,2179,NYANZA,RACHUONYO,KASIPUL,KONUONGA,KOTIENO-KONUONGA,HD MAPS,4,MISS,-0.56,34.71,27a6b393-f1f9-4330-a9d1-4c7916ef9514,3863899.52543453,-62339.9073868109
1803,22,LUGUMEK DISP,0,RIFT VALLEY,BOMET,SIGOR,LELAITICH,LUGUMEK,DISTRICT ESTIMATES,4,MOH,-0.999671,35.293236,1acfe5e2-45c1-4d0c-a2ff-6b8740be22f6,3928825.05996684,-111288.513176868
1804,7,ERONGE HEALTH CENTRE,1479,NYANZA,KISII NORTH,BORABU,ESISE,MANGA/LIETIGO,HD MAPS,3,MISS,-0.84931,35.0196,bbfbfeab-b51c-4779-98ce-6f44ac3eaea3,3898364.03978413,-94548.2192852993
1805,24,NYAGOWA H C,1413,NYANZA,RACHUONYO,KASIPUL,KODERA,KADEL-KAMIDIGO,HD MAPS,3,MISS,-0.57393,34.6592,90dcbea9-6bad-4ace-86a5-9f784aa0915c,3858244.49530223,-63890.6638210696
1806,23,MAKIMENYI DISP,1625,RIFT VALLEY,BOMET,SIONGIROI,MAKIMENY,KABEMA,DDP,4,MOH,-0.83482,35.1948,d96ed2b9-f831-4ca5-a90f-5aafc182bbda,3917867.21457111,-92935.0256407524
1807,8,ESANI SUB-HEALTH CENTRE,1503,NYANZA,KISII NORTH,RIGOMA,MOCHENWA,KARANTINI,HD MAPS,3,MOH,-0.70872,34.9466,b6f6f8b1-f0c4-459e-a24c-0d07f215788c,3890237.71695622,-78896.3614566249
1808,25,NYANGIELA DISP,4497,NYANZA,RACHUONYO,KASIPUL,KONUONGA,KOTIENO-KONUONGA,DDP,4,MOH,-0.550179,34.6906,6a5f8473-bad4-405e-9232-78f61477b987,3861739.92731314,-61246.5873572616
1809,24,MENET DISP,0,RIFT VALLEY,BOMET,BOMET CENTRAL,KIROMWOK,MENET,DISTRICT ESTIMATES,4,MOH,-0.771423,35.452341,790be6dd-daa7-4160-bbd4-f8e65e1dc746,3946536.5475495,-85877.0101564576
1810,9,ETONO DISP,1480,NYANZA,KISII NORTH,NYAMIRA,KEERA,TIMI,HD MAPS,4,MOH,-0.55875,34.8897,cb367cb3-c959-4c89-8af0-37c38701fdc7,3883903.63793008,-62200.7513915523
1811,26,NYASORE DISP,4502,NYANZA,RACHUONYO,KABONDO,KOWOUR,KOWIDI,SUBLOC CENTROID,4,MOH,-0.434471,34.895159,d1fbf03d-6669-4d69-9b6c-40cc0a8b5ee2,3884511.33103032,-48365.5539989361
1812,25,MERIGI DISP,1632,RIFT VALLEY,BOMET,BOMET CENTRAL,MERIGI,MERIGI,DISTRICT ESTIMATES,4,MOH,-0.771423,35.40123,1da433a1-2518-4ffe-862e-d97ccaf05e03,3940846.89705557,-85877.0101564576
1813,10,GEKANO DISP,3283,NYANZA,KISII NORTH,MANGA,NORTH KITUTU,GEKANO,HD MAPS,4,MISS,-0.67859,34.9098,3b4ca373-5898-4852-b1fe-d6627296eba7,3886141.15969503,-75542.0593452069
1814,27,OBER DISP,1419,NYANZA,RACHUONYO,KASIPUL,KOJWACH,KOJWACH KAMIORO,HD MAPS,4,MOH,-0.47143,34.8352,f3570c72-fa52-415d-9115-e7dfc5c1cee6,3877836.72568185,-52479.9396973399
1815,26,MOTIRET DISP,0,RIFT VALLEY,BOMET,NDANAI,KAPKELEI,MOTIRET,DISTRICT ESTIMATES,4,MOH,-0.80234,35.13241,60935593-b2ce-45d9-98bc-26372efb15b7,3910921.99154052,-89318.9994932792
1816,11,GESIMA DISP,1481,NYANZA,KISII NORTH,RIGOMA,GESIMA,RIAMONI,HD MAPS,4,MOH,-0.71608,34.9988,a0850742-df54-4a93-896c-2f17bfee59d6,3896048.59437563,-79715.7362452721
1817,28,OLANDO DISP,1174,NYANZA,RACHUONYO,EAST KARACHUONYO,KANYALUO SOUTH,KAMENYA CENTRAL,HD MAPS,4,MOH,-0.46574,34.635,337db47f-c04e-485a-88f5-19d1d8c628f8,3855550.56362504,-51846.5106109944
1818,27,NDANAI HEALTH CENTRE,1668,RIFT VALLEY,BOMET,NDANAI,NDANAI,CHEPKEIGEI,DDP,3,MOH,-0.829001,35.1067,13c493c9-9982-44b1-a54f-b281b9f2bce2,3908059.96743222,-92287.1892369164
1819,12,GETARE DISP,1482,NYANZA,KISII NORTH,NYAMIRA,KEERA,NYAMERU,HD MAPS,4,MOH,-0.55072,34.899,e5a4c4f2-e5bb-4844-83a9-a0e3a49f3812,3884938.90919446,-61306.8139811404
1820,30,ORIANG CATHOLIC H C,3176,NYANZA,RACHUONYO,KABONDO,WANG'CHIENG,RONGO PALA,HD MAPS,3,MISS,-0.44886,34.9398,cf635ca7-9d47-42d8-8ab0-dd7000d425ac,3889480.74441883,-49967.3777471088
1821,28,NDARAWETA DISP,1637,RIFT VALLEY,BOMET,BOMET CENTRAL,NDAREWETA,NGAINET,1:50000 MAPS,4,MOH,-0.680587,35.3678,14e862bf-5979-4fb5-a3dd-e5b89dae008e,3937125.48647835,-75764.3800067065
1822,13,GIETAI DISP,1483,NYANZA,KISII NORTH,EKERENYO,EKERENYO,BOKURATI II,HD MAPS,4,MISS,-0.56344,35.0055,74f3c5d4-bae6-4aee-98e9-047260bf6f7a,3896794.43496394,-62722.8648391711
1823,29,OLBUTYO (AGC) DISP,4254,RIFT VALLEY,BOMET,SIONGIROI,SIONGIROI,SIONGIROI,DISTRICT ESTIMATES,4,MISS,-0.875123,35.24123,f3403b73-45c3-449c-99c8-8c4b09b3e2cd,3923035.77852864,-97422.0347183645
1824,31,OTARO DISP,0,NYANZA,RACHUONYO,WEST KARACHUONYO,KANYIPIR,KOWILI I & II,1:50000 MAPS,4,MOH,-0.445946,34.5685,1b8748d1-98fe-4fbf-913c-f1c354ac8195,3848147.81748728,-49642.9828609437
1825,14,IGENA-ITAMBE DISP,1485,NYANZA,KISII NORTH,NYAMIRA,BOSAMARO CHACHE,BIGEGE(NYAMIRA),HD MAPS,4,MOH,-0.62972,34.9084,25006469-bcf2-4cb7-a99e-b71122149369,3885985.31240791,-70101.5210778555
1826,30,OLBUTYO H C,1639,RIFT VALLEY,BOMET,SIONGIROI,SIONGIROI,SIONGIROI,DISTRICT ESTIMATES,3,MOH,-0.873524,35.24234,f029fdfc-2ff8-45ca-8445-0dc081dd0d33,3923159.34316342,-97244.0141258468
1827,32,OTHORO H C,1370,NYANZA,RACHUONYO,KABONDO,WANG'CHIENG,KAKANGUTU EAST,HD MAPS,3,MOH,-0.429427,34.9579,dab31e9c-1a78-4695-a7a1-a5a06b6375a8,3891495.62720218,-47804.0425303772
1828,15,ISOGE DISP,1487,NYANZA,KISII NORTH,BORABU,NYASIONGO,ISOGE/KINENI,HD MAPS,4,MOH,-0.78303,35.0584,e609e0c1-e0dc-4982-aa3c-15367012758e,3902683.23602691,-87169.2143780572
1829,16,ITIBO HEALTH CENTRE,1488,NYANZA,KISII NORTH,MANGA,KEMERA,KEMERA,HD MAPS,3,MISS,-0.68729,34.8421,1315cd9b-bcca-4573-b8ad-e41c571671ba,3878604.83016833,-76510.6077188283
1830,31,OLOKYIN DISP,1640,RIFT VALLEY,BOMET,LONGISA,KIPLABOTWA,OLOKYIN,1:50000 MAPS,4,MOH,-0.946646,35.3878,0fbae7aa-23f1-41e9-9427-f7f05b3e05eb,3939351.87629421,-105384.945444513
1831,33,OYUGIS DISTRICT HOSPITAL,1457,NYANZA,RACHUONYO,KASIPUL,WEST KAMAGAK,KAMUMA,HD MAPS,1,MOH,-0.4921,34.7295,f39ae279-c471-4e82-be20-7d28ce473d88,3866070.255505,-54780.9949274278
1832,34,RARUOWA MISS. H C,1461,NYANZA,RACHUONYO,WEST KARACHUONYO,KOYUGI,KOJWANG,HD MAPS,3,MISS,-0.419631,34.5437,19cdf4e6-b0b0-4f14-8bff-60ed7bcaed1b,3845387.09411561,-46713.5268629134
1833,17,ITIMBO DISP,3438,NYANZA,KISII NORTH,EKERENYO,EKERENYO,BOKURATI II,1:50000 MAPS,4,MOH,-0.560811,34.997297,ef01c66a-69c3-4ff0-87c3-1c83072841e9,3895881.28118097,-62430.1918124044
1834,32,RONGENA DISP,1641,RIFT VALLEY,BOMET,SOTIK,RONGENA,RONGENA(BOMET),DISTRICT ESTIMATES,4,MOH,-0.72411,35.1121,d41a36d2-8f55-4c6b-bcaa-30ba15bfd4bd,3908661.09268251,-80609.7023595029
1835,37,SINO DISP,1430,NYANZA,RACHUONYO,KASIPUL,EAST KAMAGAK,SINO KAGOLA,HD MAPS,4,MOH,-0.43757,34.7592,ad1530a2-61bd-46ba-9d2c-3c896938e4d8,3869376.44438156,-48710.5430903978
1836,18,KEBIRIGO HEALTH CENTRE,1504,NYANZA,KISII NORTH,RIGOMA,MOCHENWA,KARANTINI,HD MAPS,3,MISS,-0.70202,34.9352,a92abbd6-dc70-42b9-aac6-30138ca001ea,3888968.67476118,-78150.4643439793
1837,0,SARUCHAT DISP,0,RIFT VALLEY,BOMET,SOTIK,RONGENA,KIPNGOSOS,SUBLOC CENTROID,4,MOH,-0.75,35.08,5bfe0b9c-458d-457b-a317-1c072dcc7999,3905087.73702804,-83492.0024838433
1838,38,WAGWE H C,1435,NYANZA,RACHUONYO,WEST KARACHUONYO,KANJIRA,KADIK,HD MAPS,4,MOH,-0.34503,34.5651,880a2dcd-e7f7-4ce2-903d-c09abfed084b,3847769.33121858,-38408.7960479858
1839,19,KENYENYA HEALTH CENTRE,0,NYANZA,KISII NORTH,RIGOMA,MOCHENWA,NYABIOSI,HD MAPS,3,MISS,-0.72412,34.9606,79ef0050-6df7-4db9-b38b-48bc1f711915,3891796.18982733,-80610.8156433227
1840,33,SEGUTIET DISP,1645,RIFT VALLEY,BOMET,BOMET CENTRAL,CHESOEN,KAMOGOSO,DISTRICT ESTIMATES,4,MOH,-0.70123,35.25123,0bb72a22-27dd-4189-bf6d-168c13ebe579,3924148.97343658,-78062.5153520789
1841,39,WIRE S D A DISP,1437,NYANZA,RACHUONYO,KASIPUL,EAST KAMAGAK,KACHIENG,HD MAPS,4,MISS,-0.48936,34.7833,13a267d1-722f-47cd-aa7b-081d953b2ae8,3872059.24410968,-54475.9683348209
1842,20,KEROKA HEALTH CENTRE,1256,NYANZA,KISII NORTH,RIGOMA,EAST KITUTU,NYANKOBA,HD MAPS,3,MOH,-0.7509,34.9191,1444c53b-7369-4e54-ad26-81cb0c73b852,3887176.43095941,-83592.198619909
1843,34,SIGOR SUB-DISTRICT HOSPITAL,1670,RIFT VALLEY,BOMET,SIGOR,SIGOR,SIGOR,1:50000 MAPS,1,MOH,-0.918919,35.2973,77984460-e55c-4b54-96f5-a15b73ea7d14,3929277.46237742,-102297.980813784
1844,1,AKALA DISP,1341,NYANZA,SIAYA,WAGAI,SOUTH GEM,KAMBARE,HD MAPS,4,MOH,-0.0349,34.4672,3747b46d-5fea-47b7-b2ca-1c970ba037b4,3836871.15306992,-3885.0504689215
1845,21,KIBIRIGO MISS HOSPITAL,0,NYANZA,KISII NORTH,RIGOMA,GESIMA,RIAMONI,HD MAPS,1,MISS,-0.693,34.975,4742097e-a8bc-4a3c-ae89-9176934ea264,3893399.19049475,-77146.2881261752
1846,35,SIGORWET DISP,1646,RIFT VALLEY,BOMET,BOMET CENTRAL,SINGORWET,SINGORWET,DDP,4,MOH,-0.729233,35.2988,661b6dfe-4976-4927-b3c4-343bb2a5130f,3929444.44161361,-81180.0379807058
1847,2,ALUOR HEALTH CENTRE,1342,NYANZA,SIAYA,WAGAI,SOUTH GEM,ONYINYORE,GPS,3,MISS,0.01047,34.465,bafb240e-d5df-4792-90b7-b9eefb3668b3,3836626.25019018,1165.515075098
1848,22,KIJAURI DISP,886,NYANZA,KISII NORTH,BORABU,NYASIONGO,NYANSIONGO/GESIMA,HD MAPS,4,MOH,-0.77567,35.0216,2e0f1a42-f0b4-4567-8c62-8508e2cce41d,3898586.67876571,-86349.8271247097
1849,3,AMBIRA DISP,1344,NYANZA,SIAYA,UGUNJA,CENTRAL UGENYA,AMBIRA,HD MAPS,4,MOH,0.1894,34.2644,0fd70a95-4c00-4654-8ad0-8f4a57ee3861,3814295.56033705,21083.9499548864
1850,36,SILIBWET DISP,0,RIFT VALLEY,BOMET,BOMET CENTRAL,TOWNSHIP,SILIBWET(BOMET),DISTRICT ESTIMATES,4,MOH,-0.73234,35.34123,acf47d55-1cb4-4179-b038-da7302d792b5,3934167.72760797,-81525.9357736925
1851,23,KIPKEBE DISP,3286,NYANZA,KISII NORTH,BORABU,MEKENENE,MOGUSII(NYAMIRA),ILRI VILLAGES,4,MISS,-0.65,35.05,53da074b-c864-4398-a76b-ff1c0f57575e,3901748.15230425,-72359.2211479353
1852,4,BORO DISP,1345,NYANZA,SIAYA,BORO,CENTRAL ALEGO,OJWANDO 'A',HD MAPS,4,MOH,0.0671,34.2052,b8f67b51-044d-4e8d-a103-eff69d28f246,3807705.44648209,7469.53953966144
1853,37,SIOGIROI HEALTH CENTRE,1672,RIFT VALLEY,BOMET,SIONGIROI,SIONGIROI,SIONGIROI,DDP,3,MOH,-0.873065,35.2131,58cd20a0-fb0e-4ab6-96e2-69cb86a0d70e,3919904.36125263,-97192.9125438667
1854,5,DIENYA DISP,2463,NYANZA,SIAYA,WAGAI,WEST GEM,DIENYA W,HD MAPS,4,MOH,0.0008,34.3969,5975d81a-b0b2-4286-883c-c511ed913930,3829045.39286716,89.0555926397532
1855,25,MAGOMBO MKT (PEKEZA) DISP,4368,NYANZA,KISII NORTH,MANGA,NORTH KITUTU,GEKANO,ILRI MKT CENTRES,4,LA,-0.682895,34.916912,18f477a7-069f-48a7-be3d-60636c601b0c,3886932.86391355,-76021.323579949
1856,38,SOYMET DISP,0,RIFT VALLEY,BOMET,SOTIK,KIPTULWA,KIPSONOI(BOMET),DISTRICT ESTIMATES,4,MOH,-0.71421,35.2141,5b128d96-f82f-42e4-b549-8b43963212d0,3920015.68074342,-79507.5525810972
1857,26,MAGOMBO SUB-HEALTH CENTRE,1493,NYANZA,KISII NORTH,MANGA,KEMERA,KEMERA,HD MAPS,3,MOH,-0.66654,34.8361,b1ff9aa5-44c5-42bf-a981-08c66ac72173,3877936.91322356,-74200.5670564434
1858,6,GOGO HEALTH CENTRE,0,NYANZA,SIAYA,YALA,NORTH GEM,LUNDHA,HD MAPS,3,MOH,0.093434,34.4248,2e5c05d5-9d67-400f-b969-69db64b6c5a9,3832151.20666029,10401.029912667
1859,39,ST. AUGUSTUS MEDICAL DISP,0,RIFT VALLEY,BOMET,BOMET CENTRAL,TOWNSHIP,CHEPNGAINA,ILRI MKT CENTRES,4,MISS,-0.777641,35.340059,dc37be86-a818-4255-819b-b0cc5586dc6b,3934037.37248425,-86569.2580002489
1860,27,MAGWAGWA DISP,1494,NYANZA,KISII NORTH,EKERENYO,N. MUG. CHACHE,EGETONTO,HD MAPS,4,MOH,-0.46251,34.9777,049cc46d-1a71-4b37-9649-a5084646c7d9,3893699.75311989,-51486.9368584514
1861,7,HAWINGA DISP,1348,NYANZA,SIAYA,URANGA,S.W.ALEGO,KABURA-UHUYI,HD MAPS,4,MOH,0.1344,34.1624,91b0c35d-7741-4bc8-87be-aada07b84f1f,3802940.97227613,14961.3532832176
1862,40,TARAKWA DISP,1654,RIFT VALLEY,BOMET,SOTIK,MUTARAKWA,LELDAET,1:50000 MAPS,4,MOH,-0.75209,35.268,cf5693c0-6f94-47de-9993-cb50d0a8d8de,3926015.80129718,-83724.6802092679
1863,8,KADENGE RATUORO DISP,4245,NYANZA,SIAYA,BORO,S.CENTRAL ALEGO,OBAMBO,HD MAPS,4,MOH,0.0375,34.2103,bb14a11a-41f7-400a-bfa5-d8745c99da9f,3808273.17588514,4174.48120278619
1864,28,MAKAIRO DISP,3284,NYANZA,KISII NORTH,BORABU,ESISE,EKERUBO,HD MAPS,4,MISS,-0.80178,35.0637,7f5db4fb-c226-464e-9111-3ab21ae1b7fa,3903273.22932811,-89256.6544699549
1865,29,MANGA HEALTH CENTRE,1505,NYANZA,KISII NORTH,MANGA,CENTRAL KITUTU,NYAKONGO(NYAMIRA),HD MAPS,3,MOH,-0.63574,34.8729,37a16007-899e-4cf1-9f22-ad2e33081c94,3882033.47048476,-70771.7052777246
1866,41,TEGAT DISP,1657,RIFT VALLEY,BOMET,LONGISA,TEGAT,TEGAT(BOMET),DDP,4,MOH,-0.789094,35.4776,19bedd76-4987-4a70-bd4d-4baf948298de,3949348.36656745,-87844.3193040516
1867,9,KALUO DISP,2465,NYANZA,SIAYA,UGUNJA,SOUTH UGENYA,YIRO EAST,HD MAPS,4,MOH,0.1609,34.4214,60656e5d-9a7c-4855-985c-d642a426d541,3831772.72039159,17911.3296106578
1868,30,MATONGO HEALTH CENTRE,1506,NYANZA,KISII NORTH,EKERENYO,N. MUG. CHACHE,NYAKERIMO I & II,HD MAPS,3,MISS,-0.43757,34.9894,6928d4c8-659f-4d5e-b014-a0d697a995ee,3895002.19116217,-48710.5430903978
1869,42,TENWEK MISS. HOSPITAL,1683,RIFT VALLEY,BOMET,BOMET CENTRAL,SINGORWET,AISAK,1:50000 MAPS,1,MISS,-0.71221,35.3317,f5455553-0f7e-4a17-8f90-eab88df201c2,3933106.85286071,-79284.8963495093
1870,10,KODIAGA HEALTH CENTRE,1291,NYANZA,SIAYA,YALA,NORTH GEM,MALIERA,CDC PROJECT,3,MOH,0.106619,34.4566,303f5541-cb4a-4ab0-b741-fc912c893d83,3835691.16646751,11868.7796387057
1871,31,MOCHENWA DISP,4367,NYANZA,KISII NORTH,BORABU,NYASIONGO,NYANSIONGO/GESIMA,HD MAPS,4,MOH,-0.79843,34.9747,d3f84dc8-709e-42e5-9692-186bbfea62de,3893365.79464751,-88883.6978118793
1872,11,KOGELO DISP,2466,NYANZA,SIAYA,KAREMO,S.E.ALEGO,NYANGOMA,HD MAPS,4,MOH,-0.0145,34.3429,658e9c64-19a4-49da-b547-d9d648aad4f9,3823034.14036432,-1614.13263372616
1873,0,BUTIIK DISP,0,RIFT VALLEY,BURET,BURET,CHEPLANGET,BUTIIK,SUBLOC CENTROID,4,MOH,-0.66,35.09,7e6415e1-4e8d-400e-9373-697b35274bce,3906200.93193597,-73472.4888021229
1874,32,MWONGORI DISP,1495,NYANZA,KISII NORTH,BORABU,MEKENENE,MATUTU,HD MAPS,4,MOH,-0.7288,35.037,188d8152-cbc7-4922-b45b-7bd3d91c8656,3900300.99892393,-81131.8327391884
1875,2,CHEBANGANG HEALTH CENTRE,1663,RIFT VALLEY,BURET,KIMULOT,CHEBANGANG,CHEBANGANG(BURET),DHMT,3,MOH,-0.544006,35.296326,f1f9e437-9625-4911-a4e8-1c55ba882268,3929169.03719339,-60559.3808124378
1876,12,LIGEGA DISP,2468,NYANZA,SIAYA,UKWALA,N.EAST UGENYA,LIGEGA,HD MAPS,4,MOH,0.2119,34.244,b57a2add-12c5-45c6-8d39-62c6bbdc73b3,3812024.64272486,23588.6538726949
1877,0,CHEBILAT DISP,0,RIFT VALLEY,BURET,SOTIK,MANARET,CHEBILAT(MANARET),SUBLOC CENTROID,4,MOH,-0.68,35.08,93745358-909a-41bf-89ee-2db7ab53cebd,3905087.73702804,-75699.0308593095
1878,13,MALANGA HEALTH CENTRE,1349,NYANZA,SIAYA,YALA,NORTH GEM,MALANGA(SIAYA),HD MAPS,3,MOH,0.1334,34.4295,461931ea-690f-4568-81e1-c80b1df04904,3832674.40826702,14850.0334884379
1879,33,NYABIKOMU DISP,1496,NYANZA,KISII NORTH,EKERENYO,EKERENYO,IKONGE,HD MAPS,4,MISS,-0.53733,34.9888,f4ee090b-fd34-4422-8346-16c10944e9ed,3894935.39946769,-59816.1788020152
1880,3,CHEBORGE DISP,1562,RIFT VALLEY,BURET,BURET,CHEBORGE,CHEBORGE,DSA/DFH(MOH)-UNFPA REPORT,4,MOH,-0.576044,35.1419,154705cd-c7f5-4fcf-aadd-6d05c4aba6fb,3911978.41350815,-64126.0050750819
1881,14,MARENYO DISP,1351,NYANZA,SIAYA,YALA,YALA TOWNSHIP,MARENYO,HD MAPS,4,MOH,0.062,34.5345,1e5ab04d-7bf0-4044-8a25-7afa19d3ba08,3844362.95480031,6901.80977613577
1882,34,NYACHOGOCHOGO AIC DISP,3007,NYANZA,KISII NORTH,NYAMIRA,BOSAMARO MASABA,KEGOGI,ILRI VILLAGES,4,MISS,-0.65,34.93,f96d81e0-6dd5-4c9c-bb77-5d39e2a27c99,3888389.81340905,-72359.2211479353
1883,0,CHEMALAL DISP,0,RIFT VALLEY,BURET,KIMULOT,KIMULOT,CHEMALAL,SUBLOC CENTROID,4,MOH,-0.52,35.2,c4ea57f4-193e-41da-9ed8-13e15a2d09c4,3918446.07592323,-57886.9298950325
1884,35,NYAMAIYA SUB-HEALTH CENTRE,1507,NYANZA,KISII NORTH,NYAMIRA,W. MUGIRANGO,BOKIAMBORI,HD MAPS,3,MOH,-0.48712,34.9084,e59b5e4d-731f-4fd3-8ffd-340c253cdedb,3885985.31240791,-54226.6036217725
1885,15,MBAGA MISSION HEALTH CENTRE,1352,NYANZA,SIAYA,BORO,NORTH ALEGO,KOMOLO(SIAYA),MEDS,3,MISS,0.08298,34.27626,ae715b24-9997-4808-b210-4d1ef1ba1f2b,3815615.80949786,9237.29457522974
1886,36,NYAMAKOROTO DISP,4483,NYANZA,KISII NORTH,RIGOMA,MOCHENWA,NYAMAKOROTO,SUBLOC CENTROID,4,MOH,-0.697179,34.945104,e336db40-4552-4988-a736-62aac607efca,3890071.182998,-77611.5265137853
1887,16,MIDHINE DISP,3813,NYANZA,SIAYA,YALA,YALA TOWNSHIP,MARENYO,HD MAPS,4,MOH,0.0589,34.5427,53c01b65-055e-4874-923a-b80d945c49e0,3845275.77462481,6556.71916256522
1888,0,CHEMOSOT DISP,1571,RIFT VALLEY,BURET,BURET,KISIARA,RORET,DSA/DFH(MOH)-UNFPA REPORT,4,MOH,-0.48336,35.1657,1dee748a-bed9-4b50-a2e5-69700a9c3460,3914627.81738903,-53808.0273253033
1889,37,NYAMIRA DISTRICT HOSPITAL,1512,NYANZA,KISII NORTH,RIGOMA,GESIMA,NYATIENO,HD MAPS,1,MOH,-0.67554,34.9414,37cfda18-ea83-48f1-a9cc-a507fa287b74,3889658.85560409,-75202.5111909671
1890,17,NDERE HEALTH CENTRE,1369,NYANZA,SIAYA,YALA,NORTH GEM,NDERE,HD MAPS,3,MOH,0.1385,34.3857,911c1e4a-17ec-48a2-964a-5b7b3ee5a4dc,3827798.61457027,15417.7644898476
1891,4,CHEPCHABAS DISP,4680,RIFT VALLEY,BURET,KIMULOT,SAOSA,CHEPCHABAS,1:50000 MAPS,4,MOH,-0.461088,35.3246,f0ea3ae6-6b56-4c21-ad3c-6ad720c69b8c,3932316.48447608,-51328.6354007636
1892,38,NYAMIRA SDA HEALTH CENTRE,3011,NYANZA,KISII NORTH,NYAMIRA,BONYAMATUTA CHA,TOWNSHIP(NYAMIRA),ILRI MKT CENTRES,3,MISS,-0.557761,34.932733,240b8a70-9cab-45f3-80ef-95b85473b103,3888694.04957739,-62090.6511890832
1893,18,NG'IYA HEALTH CENTRE,1354,NYANZA,SIAYA,WAGAI,S.WEST GEM,KAUDHA WEST,MEDS,3,MISS,-0.044965,34.372725,b020ec19-39d1-475d-9415-0a6904411d6d,3826354.24417723,-5005.48141731798
1894,5,CHEPLANGET DISP,1573,RIFT VALLEY,BURET,BURET,CHEPLANGET,CHEPLANGET,DSA/DFH(MOH)-UNFPA REPORT,4,MOH,-0.64662,35.1342,2c691db9-6c71-4da4-85ce-0d696ff527b9,3911121.25342904,-71982.9371809657
1895,39,NYAMUSI HEALTH CENTRE,884,NYANZA,KISII NORTH,EKERENYO,N. MUG. CHACHE,NYAKERIMO I & II,HD MAPS,3,MOH,-0.44761,34.9727,823382b2-d28d-4e76-b9ff-bdcc31f83620,3893143.15566592,-49828.2241253862
1896,40,NYANGENA DISP,1497,NYANZA,KISII NORTH,NYAMIRA,KEERA,TIMI,HD MAPS,4,MOH,-0.57549,34.891,0069e702-6bb6-4a9e-bb2d-c49822a46665,3884048.35326812,-64064.3309631865
1897,19,NJEJRA HEALTH CENTRE,0,NYANZA,SIAYA,WAGAI,WEST GEM,DIENYA W,CDC PROJECT,3,MOH,-0.001698,34.4071,b5fe576a-eb90-4df6-85fd-a7d075e834f1,3830180.85167325,-189.020495392175
1898,6,CHEPTALAL SUB-DISRICT HOSPITAL,1577,RIFT VALLEY,BURET,KONOIN,CHEPTALAL,TOBOINO,DDP,1,MOH,-0.610343,35.3878,415cd055-cf4f-4400-b925-276362685023,3939351.87629421,-67944.356986374
1899,41,NYASIONGO MISSION HEALTH CENTRE,1509,NYANZA,KISII NORTH,BORABU,ESISE,MANGA/LIETIGO,ILRI VILLAGES,3,MISS,-0.86,35.01,dbff9a7f-7e25-4848-815f-d59e2d5b9260,3897295.37267251,-95738.3570459287
1900,20,NYAGOND HEALTH CENTRE,0,NYANZA,SIAYA,WAGAI,N.EAST GEM,WAGAI,CDC PROJECT,3,MOH,0.050708,34.4149,d858fe42-7144-4849-8d08-1f5b6f58490e,3831049.14370144,5644.7894760436
1901,7,ITARE FOREST DISP,1585,RIFT VALLEY,BURET,KIMULOT,KAPTEBENGWET,KAMAGOMON,1:50000 MAPS,4,MOH,-0.580631,35.2973,5b770ffa-e6ef-452e-b333-c6861fd04ab9,3929277.46237742,-64636.6535934041
1902,42,OGANGO DISP,900,NYANZA,KISII NORTH,NYAMIRA,KEERA,CHARACHANI,HD MAPS,4,MOH,-0.53398,34.8736,c2c5d698-607d-4525-942d-f07c6eb249ab,3882111.39412831,-59443.2422100809
1903,21,NYAMBARE DISP,4495,NYANZA,SIAYA,URANGA,USONGA,NYADORERA 'A',CDC PROJECT,4,MOH,0.133418,34.102043,94f9b8bc-4f40-4650-8202-9b8ee1b48e33,3796222.06177032,14852.0372447036
1904,8,KALAACHA DISP,4679,RIFT VALLEY,BURET,BURET,CHEBWAGAN,CHERIBO,DHMT,4,MOH,-0.609808,35.136559,ab219787-d639-43c7-8827-48461cdcf67f,3911383.85610782,-67884.7976825257
1905,43,OMOSARIA DISP,3013,NYANZA,KISII NORTH,EKERENYO,N. MUG. CHACHE,MATONGO(NYAMIRA),HD MAPS,4,MOH,-0.42753,35.0115,59872064-9e08-4822-bc5b-5b109c47f175,3897462.35190871,-47592.8635511711
1906,22,NYAMBARE FPFK DISP,1355,NYANZA,SIAYA,URANGA,USONGA,NYADORERA 'A',MEDS,4,MISS,0.13,34.1,c417cd81-42ae-4a21-ab1d-a9ea22dedd86,3795994.63605064,14471.546219806
1907,9,KAPKATET DISTRICT HOSPITAL,6176,RIFT VALLEY,BURET,BURET,KAPKATET,ITOIK,GPS,1,MOH,-0.62738,35.19319,6e4a0cbd-8102-47a7-a6f5-fa548fc9080c,3917687.99019094,-69841.0177941749
1908,45,RANGENYO HEALTH CENTRE,1510,NYANZA,KISII NORTH,NYAMIRA,W. MUGIRANGO,BONYAIGUBA,HD MAPS,3,MISS,-0.51523,34.883,8819d577-7824-4323-9fff-1c152d3b71c6,3883157.79734177,-57355.9142546039
1909,23,NYANGWE HEALTH CENTRE,0,NYANZA,SIAYA,YALA,CENTRAL GEM,KAGILO,CDC PROJECT,3,MOH,0.073523,34.454,8747bec2-d6b2-4d34-b8e4-46e56c792807,3835401.73579146,8184.54516777615
1910,0,KAPLETUNDO DISP,0,RIFT VALLEY,BURET,SOTIK,KAPLETUNDO,CHESILYOT,SUBLOC CENTROID,4,MOH,-0.65,35.19,89b424ff-226a-498c-91ed-80c027af4f9d,3917332.8810153,-72359.2211479353
1911,46,RIAKWORO DISP,1498,NYANZA,KISII NORTH,MANGA,NORTH KITUTU,NYAMBARIA,HD MAPS,4,MISS,-0.68595,34.9211,c791508f-aba1-43c2-838c-008c8c8a376b,3887399.06994099,-76361.4288894278
1912,24,NYAWARA HEALTH CENTRE,1386,NYANZA,SIAYA,YALA,CENTRAL GEM,NYAWARA,CDC PROJECT,3,MOH,0.09451,34.4888,13f5e45a-18d1-4bd3-8669-f3edd3ad3021,3839275.65407106,10520.8098458666
1913,10,KAPLONG CATHOLIC HOSPITAL,1679,RIFT VALLEY,BURET,SOTIK,CHEMAGEL,KAPLONG,GPS,1,MISS,-0.67435,35.1384,913933bf-d2de-4462-adeb-65533a09e727,3911588.79529037,-75070.0318050303
1914,47,TINGA SUB-HEALTH CENTRE,1511,NYANZA,KISII NORTH,NYAMIRA,BOSAMARO CHACHE,IKOBE,HD MAPS,3,MOH,-0.60026,34.893,d8a27f30-bbb2-4575-b277-ddfd7ba32ba1,3884270.9922497,-66821.859919592
1915,25,OGERO HEALTH CENTRE,0,NYANZA,SIAYA,WAGAI,SOUTH GEM,GOMBE,CDC PROJECT,3,MOH,0.005518,34.4828,70dd836d-0f4e-4400-916c-7c43fe25e268,3838607.7371263,614.260951151415
1916,11,KIBUGAT DISP,1608,RIFT VALLEY,BURET,RORET,KIBUGAT,KIBUGAT,DSA/DFH(MOH)-UNFPA REPORT,4,MOH,-0.59305,35.0764,97574ab2-3a9c-4859-a9cc-7512da7adff3,3904686.98686118,-66019.2028695905
1917,48,TOMBE DISP,1500,NYANZA,KISII NORTH,MANGA,CENTRAL KITUTU,KIOGUTWA,HD MAPS,4,MOH,-0.65114,34.8656,7b8ee985-0c6c-4b7a-bd3d-4d552b0cfade,3881220.83820196,-72486.1335485477
1918,26,OPICHE HEALTH CENTRE,0,NYANZA,SIAYA,YALA,NORTH GEM,MALANGA(SIAYA),CDC PROJECT,3,MOH,0.120028,34.4372,fbf8dde5-1f72-45bd-a53b-8c3b5f39675b,3833531.56834613,13361.4656138278
1919,12,KIBWASITULYO DISP,1609,RIFT VALLEY,BURET,BURET,TECHOGET,AROKYET,DSA/DFH(MOH)-UNFPA REPORT,4,MOH,-0.614308,35.1079,3d075e73-887c-4d59-a677-cbc77bb0760c,3908193.55082117,-68385.7639746499
1920,1,AKADO DISP,0,NYANZA,KISUMU,KOMBEWA,S.W. SEME,WEST KADINGA,DDP,4,MOH,-0.141642,34.4409,de69b6ed-87ea-49e5-80dc-b5085cff707a,3833943.45046206,-15767.5313751547
1921,27,RABAR DISP,1358,NYANZA,SIAYA,URANGA,WEST ALEGO,KOMENYA KOWALA,SUBLOC CENTROID,4,MOH,0.152112,34.190021,9660a33f-a1b7-4469-a1ee-42f092b29714,3806015.72793134,16933.0502749761
1922,4,BARKORWA DISP,1274,NYANZA,KISUMU,KOMBEWA,N.C. SEME,EAST KATIENO,MEDS,4,MISS,-0.06531,34.51371,b8f55fbb-31ac-4637-865b-8b44b7f6a342,3842048.62258672,-7270.27751809906
1923,13,KINYAGORO DISP,3644,RIFT VALLEY,BURET,KONOIN,CHEMELET,CHEMELET,DHMT,4,MOH,-0.576262,35.21451,72c2b45e-465e-4066-82fe-6a033a0abf6e,3920061.32173465,-64150.2739510752
1924,5,BODI DISP,1275,NYANZA,KISUMU,KOMBEWA,S.W. SEME,SOUTH ALUNGO,DDP,4,MOH,-0.155489,34.5087,e4483c36-f4f3-4021-8542-d375ccc3a1ab,3841490.91193784,-17308.9775498166
1925,14,KIPSONOI HEALTH CENTRE,1616,RIFT VALLEY,BURET,SOTIK,KAMUNGEI,KENENE,DHMT,3,MOH,-0.68335,35.220952,543e687a-612b-43f0-8bad-8387c51e5887,3920778.44189434,-76071.977548488
1926,28,RAMULA HEALTH CENTRE,1387,NYANZA,SIAYA,WAGAI,SOUTH GEM,GOMBE,HD MAPS,3,MOH,-0.0175,34.4988,5d27459a-731a-428e-bda0-5f42a0d80920,3840388.84897899,-1948.09111916361
1927,16,KIPTEWIT DISP,865,RIFT VALLEY,BURET,BURET,LITEIN,LALAGIN,DSA/DFH(MOH)-UNFPA REPORT,4,MOH,-0.557337,35.164,59469ffb-d025-440a-954a-a452cb0babab,3914438.57425468,-62043.4494901532
1928,29,RANGALA MISSION HOSPITAL,1377,NYANZA,SIAYA,UGUNJA,SOUTH UGENYA,RANGALA,MEDS,1,MISS,0.15529,34.33179,d4a55f54-ee0f-4b6a-b6e3-b37217c944d3,3821797.38082161,17286.8248896908
1929,7,CHIGA DISP,1280,NYANZA,KISUMU,WINAM,EAST KOLWA,CHIGA,ILRI MKT CENTRES,4,LA,-0.097199,34.845014,38869d8e-1902-4cdf-bb2d-8178e753ac9d,3878929.21516449,-10820.1483755254
1930,17,KIPTOME DISP,1619,RIFT VALLEY,BURET,BURET,CHEBOIN,CHEBOIN(BURET),DSA/DFH(MOH)-UNFPA REPORT,4,MOH,-0.548834,35.1206,054060c9-9682-4c37-a51e-073c15c6da39,3909607.30835425,-61096.855755925
1931,9,GOT NYABONDO DISP,4492,NYANZA,KISUMU,WINAM,EAST KAJULU,GOT NYABONDO,SUBLOC CENTROID,4,MOH,0.009604,34.810577,34bab7f5-18e2-444a-8abd-ffa434c57109,3875095.70586004,1069.11239458751
1932,30,RATUORO DISP,2464,NYANZA,SIAYA,BORO,S.CENTRAL ALEGO,KADENGE,SUBLOC CENTROID,4,MOH,0.03116,34.178541,0e123271-8607-47ff-9640-b7faaea3754f,3804737.78017703,3468.71550411304
1933,18,KOIWA H C,1896,RIFT VALLEY,BURET,KONOIN,KOIWA,CHEPTINGTING,DISTRICT ESTIMATES,3,MOH,-0.60231,35.3321,d1b4b387-87ab-4df7-9ea4-996ffc403b4a,3933151.38065702,-67050.0774426979
1934,31,RERA HEALTH CENTRE,1359,NYANZA,SIAYA,WAGAI,SOUTH GEM,RERA,CDC PROJECT,3,MOH,-0.005207,34.448,5c93b2da-0c69-4021-b1b9-08aa25bd8a0f,3834733.81884669,-579.640589350794
1935,10,HONGO NGOSA DISP,3567,NYANZA,KISUMU,KADIBO,BWANDA,LOWER BWANDA,SUBLOC CENTROID,4,MOH,-0.250225,34.868784,2f7d3617-512c-4246-9713-995d456ed4ba,3881575.27946065,-27855.0081297238
1936,19,LITEIN AIC HOSPITAL,1681,RIFT VALLEY,BURET,BURET,LITEIN,LITEIN,DSA/DFH(MOH)-UNFPA REPORT,1,MISS,-0.576894,35.1853,8be634a1-66f1-4e1e-9985-690d1965b917,3916809.67940857,-64220.6314316955
1937,32,RWAMBWA H C,1360,NYANZA,SIAYA,UKWALA,UKWALA,DOHO-EAST,ILRI MKT CENTRES,3,MOH,0.196039,34.188548,bd7923fb-387e-4e98-87eb-d6e4ac8a6f05,3805851.75432139,21823.0042354058
1938,20,MOGOGOSIEK DISP,1633,RIFT VALLEY,BURET,KONOIN,MOGOGOSIEK,SASETA,1:50000 MAPS,4,MOH,-0.620721,35.268,2a2db994-28a8-415e-89a5-67a5fbdbd54a,3926015.80129718,-69099.6973336091
1939,11,KAJULU / GITA DISP,1284,NYANZA,KISUMU,WINAM,EAST KAJULU,KADERO(WINAM),SUBLOC CENTROID,4,LA,-0.023373,34.803392,1caf67da-98a3-4e66-b333-26f6b0ad1dd4,3874295.87531869,-2601.87053046836
1940,22,RORET HEALTH CENTRE,1669,RIFT VALLEY,BURET,RORET,KISIARA,MABASI,DSA/DFH(MOH)-UNFPA REPORT,3,MOH,-0.499516,35.1019,358f3e0f-d9ad-4a78-b3fc-622c0d51f629,3907525.63387642,-55606.5711822492
1941,12,KAJULU KAGER DISP,0,NYANZA,KISUMU,MASENO,EAST SEME,KOKER KAJULU,ILRI VILLAGES,4,MISS,-0.12,34.55,4ca53a5c-92b9-4e2c-8f99-a494b97d3e6e,3846088.40690761,-13358.3486612357
1942,33,SEGA MISSION HOSPITAL,1371,NYANZA,SIAYA,UKWALA,NORTH UGENYA,SEGA(SIAYA),MEDS,1,MISS,0.25934,34.22549,16afe477-e6cc-4ee1-80b8-8fb9c9c75c63,3809964.11895028,28869.6953215688
1943,0,SIMBI DISP,0,RIFT VALLEY,BURET,SOTIK,MANARET,MONIRE,SUBLOC CENTROID,4,MOH,-0.622,35.07,f9e1cce3-ffe0-40ad-974e-31169092cdaa,3903974.54212011,-69242.0833352212
1944,34,SIAYA DISTRICT HOSPITAL,1379,NYANZA,SIAYA,KAREMO,TOWNSHIP,MULAHA,CDC PROJECT,1,MOH,0.063129,34.2839,b422c33d-21bc-46f0-9c10-fedcde946743,3816466.29040752,7027.48955617152
1945,14,KISUMU DISTRICT HOSPITAL,1330,NYANZA,KISUMU,WINAM,TOWNSHIP,SOUTHERN,HD MAPS,1,MOH,-0.105021,34.7606,187eff4f-8ba2-4742-a692-4e312771b01f,3869532.29166867,-11690.890789011
1946,23,SIOMO DISP,3598,RIFT VALLEY,BURET,KONOIN,EMBOMOS,SIOMO,DISTRICT ESTIMATES,4,MOH,-0.55412,35.3812,85810101-534b-47b1-b950-5ae7a1ea24cd,3938617.16765497,-61685.3178425124
1947,15,KOMBEWA RHTC,1338,NYANZA,KISUMU,KOMBEWA,S.C. SEME,UPPER KOMBEWA,DDP,3,MOH,-0.097329,34.5053,9e75fa0c-1d3d-442e-b677-aab58aeceb4b,3841112.42566915,-10834.6199301809
1948,35,SIFUYO DISP,4256,NYANZA,SIAYA,UKWALA,WEST UGENYA,SIFUYO WEST,HD MAPS,4,MOH,0.1639,34.1165,737e78c4-b776-4100-b08a-aeaf93c3be32,3797831.40764872,18245.2894245814
1949,25,SIROIN SDA HEALTH CENTRE,0,RIFT VALLEY,BURET,SOTIK,KAMUNGEI,SIROIN,DHMT,3,MISS,-0.662707,35.258317,65d0acec-0957-4f63-b808-e68f416261e3,3924937.89466782,-73773.8507396538
1950,36,SIGOMER HEALTH CENTRE,1372,NYANZA,SIAYA,UGUNJA,EAST UHOLO,SIGOMRE,HD MAPS,3,MOH,0.1963,34.3645,a158a4ba-9b4f-4b9a-9a91-f5fe7f592410,3825438.64136546,21852.0587928
1951,16,LUMUMBA HOSPITAL,1317,NYANZA,KISUMU,WINAM,WEST KOLWA,NYALENDA 'A',HD MAPS,1,MISS,-0.116,34.7817,242bf840-40d2-429b-8726-24a50d1b1ea7,3871881.13292441,-12913.0697536476
1952,26,SOTIK DISP,1651,RIFT VALLEY,BURET,SOTIK,CHEMAGEL,SOTIK,DISTRICT ESTIMATES,4,MOH,-0.69123,35.1142,d7efa352-5f7b-4f82-aed3-9c1bbf0b517a,3908894.86361317,-76949.2382510013
1953,17,MANYATTA CHILDREN'S HOME DISP,3473,NYANZA,KISUMU,WINAM,WEST KOLWA,MANYATTA 'B',DDP,4,MISS,-0.089721,34.7911,5b6c3da6-ca5a-4b8d-aa34-ff187aa94a93,3872927.53613786,-9987.70011530859
1954,37,SIKALAME DISP,1361,NYANZA,SIAYA,UKWALA,EAST UGENYA,KATHIENO 'C',HD MAPS,4,MOH,0.2965,34.3714,33765d32-08ae-445d-8842-c2c4d1737bd7,3826206.74585193,33006.376336812
1955,27,TEBESONIK DISP,1656,RIFT VALLEY,BURET,RORET,TEBESONIK,TEBESONIK,DSA/DFH(MOH)-UNFPA REPORT,4,MOH,-0.551385,35.0977,55e096a5-68fc-4507-8e62-00e5c99a7e74,3907058.09201508,-61380.8448664088
1956,38,SIREMBE HEALTH CENTRE,0,NYANZA,SIAYA,WAGAI,N.WEST GEM,SIREMBE,CDC PROJECT,3,MOH,0.095027,34.4,7f9d4fd6-f216-4dbe-a753-5ea79ba56823,3829390.48328861,10578.3621013338
1957,39,ST. LUKE MASENO WEST DIOCESE DISP,4246,NYANZA,SIAYA,KAREMO,TOWNSHIP,NYANDIWA(KAREMO),MEDS,4,MISS,0.06048,34.28555,3aaefcdd-81dd-4b8d-8278-d1d558fc418b,3816649.96756733,6732.60405346951
1958,2,AMBOSELI DISP,1514,RIFT VALLEY,KAJIADO,LOITOKITOK,ENTONET,AMBOSELI,DDP,4,MOH,-2.73827,37.3418,02f38037-4224-4770-94cf-6f4e7dc3003c,4156870.16130427,-304938.927231085
1959,40,TINGARE DISP,1362,NYANZA,SIAYA,UGUNJA,NORTH UHOLO,TINGARE EAST,HD MAPS,4,MOH,0.2588,34.3857,41545612-07e1-4410-910f-733d0c05e132,3827798.61457027,28809.5821820319
1960,4,ATHI RIVER PRISON DISP,0,RIFT VALLEY,KAJIADO,CENTRAL,KITENKELA,KITENKELA,DDP,4,MOH,-1.47463,36.9358,0bfa22e0-3ab1-4392-9bda-f856e5a2c359,4111674.4480422,-164173.186451478
1961,41,TING'WANG'I DISP,1363,NYANZA,SIAYA,KAREMO,SOUTH ALEGO,BAR DING,HD MAPS,4,MOH,0.0141,34.3286,15cd402d-caad-4ef8-bef8-a5348f607c8d,3821442.27164598,1569.60483603266
1962,5,BISSEL HEALTH CENTRE,1540,RIFT VALLEY,KAJIADO,NAMANGA,BISSIL,BISSIL,SUBLOC CENTROID,3,MOH,-2.201375,36.842032,b5202e3f-e278-4025-a690-a5a0a347cdce,4101236.2420295,-245116.25790187
1963,42,UKWALA HEALTH CENTRE,1373,NYANZA,SIAYA,UKWALA,UKWALA,DOHO-EAST,HD MAPS,3,MOH,0.2078,34.1808,85491a80-3a80-4720-89ce-1df6c0ce399a,3804989.25090673,23132.2408990788
1964,8,EMURUA  DIKIRR DISP,0,RIFT VALLEY,KAJIADO,NAMANGA,BISSIL,ILPARTIMARO,1:50000 MAPS,4,MOH,-2.23,36.69225,adb41c91-27c0-463a-9c9c-7d6e8abf7173,4084562.5860595,-248305.16248481
1965,9,EMUTOROKI DISP,4556,RIFT VALLEY,KAJIADO,MASHURU,MAPARASHA,EMOTOROKI,SUBLOC CENTROID,4,MOH,-2.29497,36.994148,8af1db2d-9c0a-428e-9c41-7ef2562e5959,4118169.71769101,-255543.232572633
1966,43,URENGA DISP,1364,NYANZA,SIAYA,WAGAI,N.EAST GEM,URIRI,HD MAPS,4,MOH,0.0161,34.4397,b6328830-30fd-41f4-a866-85802c580248,3833809.86707311,1792.24382536296
1967,44,YALA SUB-DISTRICT HOSPITAL,1384,NYANZA,SIAYA,YALA,YALA TOWNSHIP,SAURI,CDC PROJECT,1,MOH,0.101019,34.5375,eeff6e01-8e5f-46f9-83b3-57e7aa0ea19c,3844696.91327269,11245.3894666365
1968,10,ENGIRRGIR DISP,0,RIFT VALLEY,KAJIADO,CENTRAL,ISINYA,ENKIRIGIRRI,SUBLOC CENTROID,4,MOH,-1.738131,36.887361,f0de318b-e6b6-4c93-bf49-7366ebda0c4f,4106282.24322766,-193517.541833026
1969,1,KAMASENGERE BORDER DISP,3290,NYANZA,SUBA,MBITA,RUSINGA WEST,KAMASENGRE WEST,1:50000 MAPS,4,MISS,-0.417221,34.1221,72822ae2-7b84-4e4a-b3e4-ce6ad3a03248,3798454.79679717,-46445.2397359003
1970,11,ENKORIKA HEALTH CENTRE,1541,RIFT VALLEY,KAJIADO,CENTRAL,OLOBELIBEL,PELEWA,DDP,3,MOH,-1.9961,36.9407,a39f21b3-0984-4032-8158-c08ace8e1c10,4112219.91354709,-222249.798376174
1971,2,KIGWA DISP,4123,NYANZA,SUBA,GWASSI,GWASSI EAST,KIBWER,HD MAPS,4,MOH,-0.63123,34.21112,86bd2d5a-c08b-4cef-a6cf-30c6c4135f6e,3808364.45786758,-70269.6236862112
1972,12,ENTARARA H C,4549,RIFT VALLEY,KAJIADO,LOITOKITOK,ROMBO,ENTARARA,SUBLOC CENTROID,3,MOH,-2.978681,37.616278,d49e3fd4-52f3-4420-b007-1f250be18051,4187424.91249823,-331734.717414255
1973,3,KISEGI SUB-DISTRICT HOSPITAL,357,NYANZA,SUBA,GWASSI,GWASSI NORTH,UTERERE,HD MAPS,1,MOH,-0.63123,34.08234,d9c9a534-4c43-40b8-a622-cbfef018ed9e,3794028.73384322,-70269.6236862112
1974,13,ENTASOPIA HEALTH CENTRE,1515,RIFT VALLEY,KAJIADO,MAGADI,OLKIRAMATIAN,ENTASOPIA,SUBLOC CENTROID,3,MOH,-1.700811,36.063152,a4411344-36f2-4519-82d5-40477fd2e107,4014531.71704043,-189361.226860995
1975,4,KITARE HEALTH CENTRE,1397,NYANZA,SUBA,MBITA,GEMBE EAST,KAYANJA,HD MAPS,3,MOH,-0.48212,34.32213,cbaa6137-8a1b-4c63-8307-ebbc6cb76bea,3820722.03454055,-53669.986257158
1976,14,EREMITI DISP,1516,RIFT VALLEY,KAJIADO,NGONG,CENTRAL KEEKONYOKIE,EREMIT,SUBLOC CENTROID,4,MOH,-1.389954,36.362888,4c60c081-30a3-4390-af09-2a4e911e9689,4047898.17593284,-154744.150391467
1977,5,LUANDA GWASI SDA DISP,4124,NYANZA,SUBA,GWASSI,GWASSI CENTRAL,KIABUYA,DHMT,4,MISS,-0.718275,34.105024,c9321f34-28b4-4b09-8685-891d5f2b4d19,3796553.90517238,-79960.1016706699
1978,15,EWASO KEDONG DISP,1517,RIFT VALLEY,KAJIADO,NGONG,NORTH KEEKONYOKIE,NAJILE,DDP,4,MOH,-1.17818,36.4918,d263fd5a-3519-4370-9c83-4c950927033c,4062248.59412999,-131163.641569378
1979,6,MAGUNGA HEALTH CENTRE,1402,NYANZA,SUBA,GWASSI,GWASSI CENTRAL,MAGUNGA,1:50000 MAPS,3,MOH,-0.69086,34.1474,6320a4ef-fba6-4bd4-bf9d-e1b8febbc958,3801271.17991424,-76908.0470434404
1980,16,FATIMA (LENGESIM) H C,1523,RIFT VALLEY,KAJIADO,LOITOKITOK,LENKISM,LENKISM,ILRI MKT CENTRES,3,MISS,-2.394393,37.212735,8549187e-3ed0-4ecb-996f-8b899dc08539,4142502.71122504,-266620.225413486
1981,18,FATIMA HEALTH CENTRE,1542,RIFT VALLEY,KAJIADO,NGONG,NGONG,NGONG TOWNSHIP,ILRI MKT CENTRES,3,MISS,-1.359548,36.65548,b9ca54b2-08a2-4960-9aaf-95c9666eefd8,4080469.36838303,-151358.395357016
1982,19,I CROSS DISP,1518,RIFT VALLEY,KAJIADO,NGONG,NGONG,NGONG TOWNSHIP,ILRI MKT CENTRES,4,MOH,-1.359548,36.65548,348126dd-829c-4aba-a4b6-685e67f88dda,4080469.36838303,-151358.395357016
1983,20,ILBISSIL HEALTH CENTRE,0,RIFT VALLEY,KAJIADO,NAMANGA,BISSIL,BISSIL,DDP,3,MOH,-2.11477,36.822,cf9b1e2d-9a48-4aaa-8e73-9460a87978db,4099006.28998993,-235468.589776413
1984,21,ILKELUNYETI DISP,1519,RIFT VALLEY,KAJIADO,MASHURU,KENYEWA,MASIMBA,SUBLOC CENTROID,4,MOH,-2.171527,37.52038,bbafaef9-9f3a-47be-ad82-4aba404ea154,4176749.59597013,-241791.172928798
1985,22,ILMAKUTANI DISP,2378,RIFT VALLEY,KAJIADO,CENTRAL,TOROSEI,EMUKUTAN,SUBLOC CENTROID,4,MOH,-2.171036,36.48369,bc3e675c-28ff-46ac-a2b1-6b1847167595,4061345.79305965,-241736.475788025
1986,23,ILMARORO DISP,4555,RIFT VALLEY,KAJIADO,MASHURU,IMARORO,MASHURU,SUBLOC CENTROID,4,MOH,-2.08313,37.147352,a6862ce9-a388-431c-a1a6-adc10b614527,4135224.3089585,-231944.076323903
1987,25,ILMUTOROK DISP,0,RIFT VALLEY,KAJIADO,MASHURU,MAPARASHA,EMOTOROKI,1:50000 MAPS,4,MOH,-2.29505,37.0302,d9454344-ca10-4d13-abdc-40bafaffb142,4122183.00797308,-255552.145280896
1988,26,ILPOLOSAT DISP,1520,RIFT VALLEY,KAJIADO,CENTRAL,ISINYA,ILPOLOSAT,SUBLOC CENTROID,4,MOH,-1.70993,37.028244,29d6a1e0-2fc0-440d-ab54-339ac8d23f28,4121965.26704909,-190376.79912093
1989,27,ILTILAL DISP,3369,RIFT VALLEY,KAJIADO,LOITOKITOK,KUKU,KUKU,SUBLOC CENTROID,4,MOH,-2.949365,37.749396,f3b0b2d9-bcf6-42a3-b341-13992c5e0d99,4202243.54047364,-328466.903506639
1990,28,ISINYA HEALTH CENTRE,1543,RIFT VALLEY,KAJIADO,CENTRAL,OLTUROTO,KISAJU(CENTRAL),DDP,3,MOH,-1.61715,36.8407,28fa7cc8-2ca4-452b-bc20-2bfa136ee7e0,4101087.96446776,-180044.220822581
1991,29,KAJIADO CHILD CARE CENTRE,0,RIFT VALLEY,KAJIADO,CENTRAL,TOWNSHIP,MAJENGO(KAJIADO),ILRI MKT CENTRES,4,MISS,-1.85023,36.795334,7d999f32-07fa-4440-8ea6-63c46ab06297,4096037.84444843,-206002.468215977
1992,30,KAJIADO DISTRICT HOSPITAL,1553,RIFT VALLEY,KAJIADO,CENTRAL,TOWNSHIP,HOSPITAL(KAJIADO),DDP,1,MOH,-1.8526,36.7832,4a5fd9f1-eb1c-46e3-a4b4-6ff705a5347e,4094687.09374715,-206266.433206515
1993,31,KENYA MARBLE DISP,1521,RIFT VALLEY,KAJIADO,CENTRAL,ILDAMAT,OLKILORITI(KAJ),DHMT,4,MOH,-1.9,36.73,811bb324-31e9-4a1c-971e-52d4d2444dcf,4088764.89683695,-211545.807784801
1994,32,KIMANA HEALTH CENTRE,1522,RIFT VALLEY,KAJIADO,LOITOKITOK,KIMANA,KIMANA,DDP,3,MOH,-2.86722,37.54,d8a33d40-5530-41d3-9b97-eea5136e3ff9,4178933.6843795,-319310.770271426
1995,33,KIPETU DISP,0,RIFT VALLEY,KAJIADO,NGONG,SOUTH KEEKONYOKIE,KIPETO,SUBLOC CENTROID,4,MOH,-1.5057,36.723208,93fccf7c-bfd8-4059-9c9c-ab49797ba16a,4088008.81485548,-167633.053187324
1996,34,KISERIAN HEALTH CENTRE,1544,RIFT VALLEY,KAJIADO,NGONG,KISERIAN,UPPER MATASIA,1:50000 MAPS,3,MISS,-1.42793,36.6856,746ed40b-6087-40e6-866d-f1b82d4fa0ec,4083822.31144573,-158972.897951643
1997,35,KITENGELA HEALTH CENTRE,4206,RIFT VALLEY,KAJIADO,CENTRAL,KITENKELA,OLOOSIRIKON,DDP,3,MOH,-1.45532,36.7479,d5205d60-0cf2-49ed-bb12-2c7355cd7200,4090757.51572215,-162022.904233268
1998,36,LOITOKITOK SUB-DISTRICT HOSP,1554,RIFT VALLEY,KAJIADO,LOITOKITOK,KUKU,LOOLOPON,DDP,1,MOH,-2.9356,37.5549,a03e58ad-c46f-4c5c-8598-31b1cc47c6e4,4180592.34479231,-326932.567798005
1999,37,MAILWA DISP,1524,RIFT VALLEY,KAJIADO,NAMANGA,MAILWA,MAILWA,DDP,4,MOH,-2.32574,36.9275,06cac815-797d-4698-a36e-98679e9d3136,4110750.49626862,-258971.319949337
2000,38,MAPARASHA DISP,2114,RIFT VALLEY,KAJIADO,MASHURU,MAPARASHA,OLMOLELIAN,SUBLOC CENTROID,4,MOH,-2.147983,36.936632,46475911-3e0a-45cc-ab21-055973c7f34c,4111767.06585854,-239168.403692443
2001,12,CHEPKOPEGH DISP,4310,RIFT VALLEY,WEST POKOT,CHEPARERIA,CHEPKOPEGH,CHEPKOPEGH,DDP,4,MOH,1.44881,35.2211,68e0eca0-7802-44f9-ad4d-29f7dbfe52a6,3920794.91717897,161297.9815573
2002,52,LOKITAUNG SUB-DISTRICT HOSP.,2173,RIFT VALLEY,TURKANA,LOKITAUNG,LOKITAUNG,NAKALALE(LOKITAUNG),HD MAPS,1,MOH,4.2679,35.7514,3d33efef-a120-462c-9d15-fb36d7831b9c,3979827.64314665,475540.422043288
2003,14,CHEPNYAL DISP,2496,RIFT VALLEY,WEST POKOT,CHEPARERIA,PTOYO,KETYAM,DDP,4,MISS,1.63047,35.2826,0cde6e8f-1aae-4f05-81ec-3eb55805d0ed,3927641.06586276,181527.592127351
2004,53,LOKORE DISP,433,RIFT VALLEY,TURKANA,KAKUMA,NAKALALE,NAKALALE(KAKUMA),DDP,4,MISS,3.72872,35.1987,5f71ed26-8f67-4d20-ab64-c98cba4147f2,3918301.3605852,415372.513131274
2005,15,CHESTA DISP,2180,RIFT VALLEY,WEST POKOT,SIGOR,WEI WEI,TAKAR,DDP,4,MISS,1.44508,35.5157,a11290ac-813b-48ec-b132-390703c97264,3953589.63916667,160882.627415022
2006,16,FAITH HOMES DISP,3989,RIFT VALLEY,WEST POKOT,KAPENGURIA,MNANGEI,PSIGIRIO,SUBLOC CENTROID,4,MISS,1.25,35.09,15504624-dedb-4723-82c7-162693402ce2,3906200.93193597,139160.40316985
2007,54,LOKORI HEALTH CENTRE,2167,RIFT VALLEY,TURKANA,LOKORI,LOCHAKULA,LOKWAMUSING,DDP,3,MISS,1.96004,35.9645,dc7e2227-26bb-4fa8-8326-faec502986f9,4003549.82663469,218233.224041802
2008,55,LOKUDULE DISP,0,RIFT VALLEY,TURKANA,KAKUMA,PELEKECH,NAMON,DDP,4,MISS,3.95486,34.8816,fde6b2fe-67df-4e80-b5ab-10ba24a32e70,3883001.95005466,440603.015624572
2009,17,KABICH BICH CATH DISP,2206,RIFT VALLEY,WEST POKOT,LELAN,KAPYOGEN,SIMOTWO,DDP,4,MISS,1.23466,35.2738,7102cdf4-1d7c-496e-a200-2f9d5ffe5c24,3926661.45434378,137452.360680795
2010,56,LOKUDULEE DISP,2153,RIFT VALLEY,TURKANA,KAKUMA,PELEKECH,NAMON,DDP,4,MOH,3.95486,34.8816,af504bb8-9112-4e2c-91ac-7ce486f458b1,3883001.95005466,440603.015624572
2011,18,KABICHBICH HEALTH CENTRE,2492,RIFT VALLEY,WEST POKOT,LELAN,LELAN,MBAYAI,DDP,3,MOH,1.23175,35.2845,f2fe4455-6d9f-49d9-bf41-8b081f339f72,3927852.57289527,137128.345913819
2012,57,LOKWII DISP,2147,RIFT VALLEY,TURKANA,LOKORI,LOKORI,LOTUBAE,DDP,4,MOH,2.02338,36.3584,750fc09e-c096-47c4-9ffa-c4081647a1eb,4047398.57405817,225288.463257817
2013,19,KACHELIBA DISP,2183,RIFT VALLEY,WEST POKOT,KACHELIBA,SUAM,NGENGECHWO,DDP,4,MISS,1.53079,35.0104,b1b4e210-d8a4-4771-b3d0-adddb71a7a0f,3897339.90046883,170427.040094562
2014,58,LOMELO DISP,0,RIFT VALLEY,TURKANA,LOMELO,LOMELO,LOMELO,DDP,4,MOH,1.43688,36.2472,90582547-1ace-4d91-a10b-047c5dc79d23,4035019.84668195,159969.518827639
2015,20,KACHELIBA HEALTH CENTRE,2207,RIFT VALLEY,WEST POKOT,KACHELIBA,SUAM,NGENGECHWO,DDP,3,MOH,1.54569,34.9918,dae9d869-f3aa-4c52-8fac-e9488b61bd8b,3895269.35794008,172086.298456555
2016,59,LOMELO SUB-HEALTH CENTRE,2181,RIFT VALLEY,TURKANA,LOMELO,LOMELO,LOMELO,DDP,3,MISS,1.43688,36.2472,3b8f8e6a-659b-4d08-971a-20d72c45a8b1,4035019.84668195,159969.518827639
2017,22,KANYARKWAT DISP,2184,RIFT VALLEY,WEST POKOT,KONGELAI,KANYARKWAT,ADURKOIT,DDP,4,MOH,1.31746,34.9172,0e0db51e-c2d0-40e5-9463-f1517b2e03ea,3886964.9239269,146671.901753286
2018,24,KAPENGURIA DISTRICT HOSPITAL,2209,RIFT VALLEY,WEST POKOT,KAPENGURIA,KAPENGURIA,CHEWOYET,HD MAPS,1,MOH,1.2335,35.1162,c74cdbbf-cca7-4545-94c3-f132b31792a8,3909117.50259476,137323.200112661
2019,60,LOPPIDING DISP,4294,RIFT VALLEY,TURKANA,LOKICHOGGIO,MOGILA,LOPIDING,SUBLOC CENTROID,4,MISS,4.175862,34.364047,ff098d8f-0b33-4212-a00e-bfe46daf3776,3825388.21363612,465266.919821672
2020,61,LOPUR DISP,4297,RIFT VALLEY,TURKANA,KAKUMA,PELEKECH,NAMON,DDP,4,MISS,3.78752,34.9586,620e7797-715f-470c-a324-d1f8e4107579,3891573.55084574,421932.205151167
2021,26,KAPSANGAR DISP,4402,RIFT VALLEY,WEST POKOT,LELAN,KAPTABUK,KAPSANGAR,DDP,4,MISS,1.2271,35.3917,47644c63-02c5-4f8b-b5b8-477e23310618,3939786.02230831,136610.591092454
2022,28,KAPTABUK DISP (WEST POKOT),288,RIFT VALLEY,WEST POKOT,LELAN,CHEBON,CHEBON,DDP,4,MOH,1.25318,35.3656,d7fd3657-fc31-4908-9a7f-77bd19833aca,3936880.5835986,139514.483626665
2023,62,LOPUR DISP,2148,RIFT VALLEY,TURKANA,KAKUMA,PELEKECH,NAMON,DISTRICT ESTIMATES,4,MOH,3.78752,34.9586,c4f8dd13-e78c-493b-a678-d9f5632fd8ed,3891573.55084574,421932.205151167
2024,63,LORENG DISP,0,RIFT VALLEY,TURKANA,OROPOI,LORENG,NAMUKIRIONOKI,DDP,4,MISS,3.53424,34.6189,26386ea2-08e0-45bf-830a-632ebc77ab59,3853758.31982326,393679.53028535
2025,32,KASEI DISP,3042,RIFT VALLEY,WEST POKOT,KASEI,KASEI,KASEI,DDP,4,MOH,2.03849,35.1959,aa93cb8b-cbf6-4318-aea4-da6e8a33bf36,3917989.66601098,226971.55802392
2026,34,KAURIONG DISP,366,RIFT VALLEY,WEST POKOT,ALALE,KASES,KAMUNAI,DISTRICT ESTIMATES,4,MOH,2.2014,35.0925,b6fc851c-a5cf-485f-af0d-05281db49a6d,3906479.23066296,245119.04294455
2027,64,LORENGIPPI DISP,2150,RIFT VALLEY,TURKANA,LOIMA,LOIMA,LOCHOR EDOME,DDP,4,MISS,2.78796,35.0039,16692103-8945-4b08-88e4-ea79657299d4,3896616.32377867,310476.831391276
2028,65,LOROGON DISP,3319,RIFT VALLEY,TURKANA,KAINUK,KAPUTIR,LOROGON,DISTRICT ESTIMATES,4,MOH,1.93212,35.4121,4fc8a6e3-9d6f-44b2-b120-727f70f0819a,3942056.93992049,215123.390162113
2029,35,KERINGETI DISP,2361,RIFT VALLEY,WEST POKOT,KAPENGURIA,KERINGET,CHEPTUYA,DISTRICT ESTIMATES,4,MOH,1.26321,35.0141,e7b1d820-5ada-4bfd-8cf7-52ba473c9528,3897751.78258476,140631.28738585
2030,37,KIWAWA DISP,2189,RIFT VALLEY,WEST POKOT,ALALE,KIWAWA,CHELOPOI,DDP,4,MISS,2.01986,35.0887,c1efda3c-5474-4c65-b8f6-7372331a06d6,3906056.21659795,224896.374609048
2031,66,LORUGUM MISSION HEALTH CENTRE,2168,RIFT VALLEY,TURKANA,TURKWEL,LORUGUM,LORUGUM,SUBLOC CENTROID,3,MISS,2.904771,35.205502,43ca4f77-714d-41f6-9aaf-afd488866bdd,3919058.55576158,323496.237000013
2032,67,LOWARENGAK DISP,2576,RIFT VALLEY,TURKANA,LOKITAUNG,RIOKOMORI,RIOKOMORI,DDP,4,MISS,4.06341,35.8103,2b5161c7-0c7c-4f7e-b56f-b7f3e3d05858,3986384.36115437,452716.390622484
2033,38,KODICH DISP,2190,RIFT VALLEY,WEST POKOT,KACHELIBA,KODICH,KARAMERI,DDP,4,MOH,1.69102,35.0561,5738e56a-f10a-4338-ae5c-a4e394d38ed8,3902427.20119809,188270.82009709
2034,40,KONYAO DISP,2191,RIFT VALLEY,WEST POKOT,KACHELIBA,KAPCHOK,KONYAO,DDP,4,MOH,1.80374,35.0486,247e0c05-e476-4d08-b824-830f8ac6f1c1,3901592.30501714,200824.592803626
2035,68,LOYAPAT DISP,2151,RIFT VALLEY,TURKANA,KAINUK,KAINUK,LOYAPAT,SUBLOC CENTROID,4,MISS,1.909379,35.487085,d4e764f2-c2fe-4e52-8d44-8be278870d69,3950404.23193762,212590.450456315
2036,69,LUKANGAI DISP,2152,RIFT VALLEY,TURKANA,KAKUMA,KAKUMA,MORUNGOLE,ILRI MKT CENTRES,4,MISS,3.695045,34.845207,46b2d253-ce27-4978-b7cd-e3fe0595428e,3878950.69982622,411615.948754505
2037,42,LOMUT DISP,2193,RIFT VALLEY,WEST POKOT,CHESEGON,LOMUT,TOGHOMO,ILRI MKT CENTRES,4,MOH,1.408,35.561,6915ae7f-27e7-49f4-b281-580798a07f2f,3958632.41209961,156753.620901861
2038,44,LOYAPAT DISP,2192,RIFT VALLEY,WEST POKOT,CHESEGON,SEKEROT,AMALER,SUBLOC CENTROID,4,MISS,1.66,35.75,92e52289-08a4-49c5-bfcd-22755c9ce64d,3979671.79585954,184816.212429773
2039,70,MACHEKWI DISPESARY,2155,RIFT VALLEY,TURKANA,KALOKOL,NAMUKUSE,NAMUKUSE,DISTRICT ESTIMATES,4,MOH,3.45123,35.9211,a53de793-c974-4a74-af1d-b4eb3a44ee90,3998718.56073426,384421.702414357
2040,71,MAKUTANO DISP,4300,RIFT VALLEY,TURKANA,KAALING,KAERIS,KANUKURUDIO,DDP,4,MOH,3.66088,35.4116,0b491666-5711-429a-8d6e-5d813e83e452,3942001.28017509,407804.868862427
2041,47,MARICH DISP,3490,RIFT VALLEY,WEST POKOT,SIGOR,SEKERR,ORWA,DDP,4,MISS,1.55687,35.4738,cdbee247-f2d8-48cc-b4e4-e2ba3bf40cd2,3948925.35250243,173331.306665963
2042,48,MURKWIJIT PEFA DISP,2195,RIFT VALLEY,WEST POKOT,KAPENGURIA,MNANGEI,PSIGIRIO,ILRI VILLAGES,4,MISS,1.2,35.08,393c1950-5813-455f-869a-d79064792f08,3905087.73702804,133593.15606158
2043,73,NADAPAL DISP,3050,RIFT VALLEY,TURKANA,KAKUMA,KAKUMA,NADAPAL(KAKUMA),SUBLOC CENTROID,4,MISS,3.712745,34.850385,39fa5783-4539-4738-a549-c12f0cb2e30c,3879527.11214955,413590.427984355
2044,74,NAKALEI DISP,3055,RIFT VALLEY,TURKANA,LOKICHAR,KALAPATA,NAKALALEI,SUBLOC CENTROID,4,MISS,2.668189,35.943461,82f80265-d2ba-4ed3-a4bf-3bdc4c12f80a,4001207.7758679,297128.854601658
2045,52,NASOLOT DISP,0,RIFT VALLEY,WEST POKOT,SIGOR,PORKOYU,NASOLOT,DDP,4,MISS,1.88944,35.3983,e831ac84-bc20-4cf8-84fe-b6697a88467b,3940520.73094754,210369.630905718
2046,75,NAKURIO DISP,2156,RIFT VALLEY,TURKANA,KERIO,KERIO,NAKURIO(KERIO),DDP,4,MISS,2.90104,36.1908,aec670ef-91cc-48a5-924d-e489faa6c1eb,4028741.42740121,323080.370335653
2047,50,NAUYAPONG DISP,2197,RIFT VALLEY,WEST POKOT,ALALE,LOKITANYALA,LOKITANYALA,DISTRICT ESTIMATES,4,MOH,2.44558,34.9433,edabed2b-34cc-4f52-829f-03f22a81aafd,3889870.36263661,272323.422708011
2048,51,NYARKULIAN DISP,2489,RIFT VALLEY,WEST POKOT,SIGOR,SONDANY,NYARKULIAN,SUBLOC CENTROID,4,MISS,1.323668,35.432623,3c0d299d-c1ac-40e1-889f-bb0b25a264aa,3944341.54983004,147363.156748255
2049,76,NAKWAMORU HEALTH CENTRE,2169,RIFT VALLEY,TURKANA,KAINUK,KAPUTIR,NAKWAMORU,SUBLOC CENTROID,3,MISS,2.063724,35.420583,28685e34-2c5f-4a96-8510-c20f82b15bc6,3943001.26316089,229782.394981713
2050,55,ORTUM CATHOLIC MISSION HOSP.,2210,RIFT VALLEY,WEST POKOT,CHEPARERIA,BATEI,SOBUKWO,HD MAPS,1,MISS,1.45572,35.3482,9874e24a-c757-4d36-b657-3c195f25159a,3934943.6244588,162067.446401325
2051,77,NAMAKUSE DISP,2158,RIFT VALLEY,TURKANA,KALOKOL,NAMUKUSE,NAMUKUSE,DDP,4,MOH,3.543094,35.919286,537b75db-2dd5-4449-8ed0-dd969ca2a3d9,3998516.62717797,394667.035864085
2052,78,NAMORUPUTH DISP,3188,RIFT VALLEY,TURKANA,TURKWEL,LORUGUM,LORUGUM,DDP,4,MISS,2.80153,35.1851,00b0b6e2-588d-4b23-a201-5c285b3e5e73,3916787.41551041,311989.235718184
2053,57,PTOYO DISP,2198,RIFT VALLEY,WEST POKOT,CHEPARERIA,PTOYO,PTOYO,DDP,4,MOH,1.70778,35.2314,b0dbef16-4e55-4d42-bc25-f873cc0bd596,3921941.50793415,190137.355726459
2054,79,NANAM DISP,2159,RIFT VALLEY,TURKANA,LOKICHOGGIO,NANAM,NANAM,DDP,4,MISS,4.23528,34.6506,07ee9b6e-04e1-4afd-bb2b-b5b9fae98e5a,3857287.14768141,471899.159917284
2055,61,SEREWO DISP,2200,RIFT VALLEY,WEST POKOT,KONGELAI,SEREWO,MTEMBUR,DDP,4,MOH,1.37801,35.0253,2aabcfdb-89f5-4edb-962a-cd2904c7c63e,3898998.56088165,153414.162408458
2056,62,SIGOR HEALTH CENTRE (WEST POKOT),2208,RIFT VALLEY,WEST POKOT,SIGOR,WEI WEI,KORELLACH,DDP,3,MOH,1.50377,35.4719,abc1e2d6-fc98-425d-bd4d-b8198bf32b22,3948713.84546993,167418.132456454
2057,80,NAPUSMORU DISP,4296,RIFT VALLEY,TURKANA,LOKICHAR,LOCHWANGAMATAK,NAPUSIMORU,SUBLOC CENTROID,4,MISS,2.791269,35.757268,640d279e-dee0-4cf8-bf6f-523a6fda1a97,3980480.86591862,310845.624615369
2058,83,NATIRA DISP,3052,RIFT VALLEY,TURKANA,OROPOI,KALOBEYEI,NATIRA,SUBLOC CENTROID,4,MISS,3.814225,34.587029,d13ca628-9255-4301-9ca5-b2c80acb858d,3850210.45633219,424911.545361016
2059,63,SINA DISP,2202,RIFT VALLEY,WEST POKOT,CHEPARERIA,PARUA,CHEPKORIONG,DDP,4,MOH,1.31932,35.3572,f7a06490-c741-4a2e-b1d0-44d2bca4bd0e,3935945.49987594,146879.010832925
2060,67,TAMKAL DISP,2203,RIFT VALLEY,WEST POKOT,SIGOR,MWINO,KITOYO,DDP,4,MOH,1.4013,35.4812,fc6d87db-cc85-462d-b5cc-3f00cad071e9,3949749.1167343,156007.556123358
2061,84,OROPOI DISP,2160,RIFT VALLEY,TURKANA,OROPOI,KALOBEYEI,OROPOI,DDP,4,MISS,3.81982,34.3801,cc1ba5b8-fed5-4607-8ef3-0dca41717924,3827175.22542183,425535.762591889
2062,85,SONGOT DISP,0,RIFT VALLEY,TURKANA,LOKICHOGGIO,LOTETELEITIT,LOREMEIT,DDP,4,NGO,4.10864,34.3471,997078ce-ebd9-4a05-b952-8c2ca4f63b57,3823501.68222565,457764.201889257
2063,68,TAMUOGH DISP,2204,RIFT VALLEY,WEST POKOT,CHEPARERIA,TAMUGH,TAMUGH,DDP,4,MOH,1.58202,35.2659,ec9eee90-a611-4f99-b48c-7b69cd338576,3925782.03036651,176132.042541299
2064,86,TODONYANG DISP,4295,RIFT VALLEY,TURKANA,LAPUR,KOKURO,TODONYANG,DDP,4,MISS,4.592236,35.90691,67e7f46c-ad03-444d-a0ea-dfd20d18c92e,3997138.93715991,511753.581298147
2065,69,TURKWEL GORGE DISP,2205,RIFT VALLEY,WEST POKOT,KASEI,KORPU,SIRWACH,DDP,4,MOH,1.93602,35.3321,1f847b28-e325-4957-a422-a258d3098b77,3933151.38065702,215557.783639803
2066,11,ENDUL HEALTH CENTRE,2036,RIFT VALLEY,MARAKWET,TIRAP,EMBOBUT,ENDUL,DDP,3,MISS,1.22673,35.5996,438487ac-4d4b-465f-ae08-f441644fb675,3962929.34444423,136569.393435691
2067,87,TURKWEL DISP,2161,RIFT VALLEY,TURKANA,TURKWEL,LORUGUM,TURKWEL,DDP,4,MOH,2.98245,35.466,90341372-0208-4e8f-b6bc-0b36d54826ae,3948057.06047425,332154.848916661
2068,12,KABETWA DISP,2001,RIFT VALLEY,MARAKWET,TOT,MOKORO,OLOT,DISTRICT ESTIMATES,4,MOH,1.17124,35.6512,95dcd2fd-5fee-472d-803e-12cf06dfc849,3968673.43016916,130390.921900271
2069,1,ACTION AID CLINIC (WEBUYE),3165,WESTERN,BUNGOMA,WEBUYE,WEBUYE,MARAKA,ILRI MKT CENTRES,4,NGO,0.595069,34.754303,47dc19a5-3f82-44f9-8ea9-2f1a56bab4c8,3868831.31283515,66243.9690027638
2070,1,AINABKOI HEALTH CENTRE,1914,RIFT VALLEY,UASIN GISHU,AINABKOI,OLARE,KAPKENO,HD MAPS,3,MISS,0.231127,35.4565,b42c82c3-2e40-4ed0-b68d-dcc461d4952e,3946999.52531171,25729.0097281903
2071,2,BOKOLI HEALTH CENTRE,2222,WESTERN,BUNGOMA,WEBUYE,BOKOLI,BOKOLI,DDP,3,MOH,0.721372,34.663,613ed290-2b6c-412a-9843-9b53500ef233,3858667.50936725,80304.8853430316
2072,13,KABIEGO DISP,25,RIFT VALLEY,MARAKWET,KAPYEGO,KAPYEGO,KAPYEGO,DDP,4,MOH,1.1746,35.4552,bba6063d-216a-429f-9ae7-cef4ba089fe3,3946854.80997368,130765.033777074
2073,3,ASURURIET S.D.A DISP,4858,RIFT VALLEY,UASIN GISHU,AINABKOI,OLARE,KAPKENO,HD MAPS,4,MISS,0.231127,35.4565,e3e81d6d-7012-428d-a96c-c318643cbc47,3946999.52531171,25729.0097281903
2074,14,KABIKOS DISP,568,RIFT VALLEY,MARAKWET,KAPCHEROP,KOISUNGUR,KIBIGOS,DDP,4,MOH,1.0315,35.3937,e6853174-650a-4fde-904d-4658fe6f5717,3940008.66128989,114832.25797899
2075,3,BULONDO DISP,2211,WESTERN,BUNGOMA,BUMULA,S.BUKUSU,LUMBOKA,DDP,4,MOH,0.497461,34.4841,5b7260a8-838c-448f-b086-919414c09af2,3838752.45246433,55377.8009703808
2076,4,BONSOMBE DISP,0,RIFT VALLEY,UASIN GISHU,SOY,KOISAGAT,BARSOMBE,HD MAPS,4,MOH,0.892526,35.3301,ebda8ae4-eaab-4ed4-ad8b-c1415ff55315,3932928.74167544,99359.5583369814
2077,15,KAKMTI DISP,2015,RIFT VALLEY,MARAKWET,TIRAP,KIPKANER,CHESIYO,DISTRICT ESTIMATES,4,MOH,1.1123,35.6012,2affad3c-13b8-460f-93c2-b831b657643b,3963107.4556295,123828.447850969
2078,5,BURNT FOREST MISS. HEALTH CENTRE,1872,RIFT VALLEY,UASIN GISHU,SOY,MOI'S BRIDGE,MOI'S BRIDGE(UGISHU),HD MAPS,3,MISS,0.878439,35.1406,2bd004da-6171-45c7-b046-46cb48c7457c,3911833.69817012,97791.2133749068
2079,4,BUMULA HEALTH CENTRE,2476,WESTERN,BUNGOMA,BUMULA,BUMULA,LUNAO,DDP,3,MOH,0.572483,34.4379,776d5096-74f2-472d-9471-d6a0ce5d65cd,3833609.49198968,63729.5764566011
2080,6,BURNT FOREST RURAL HEALTH DEMONSTRATION CENTRE,1927,RIFT VALLEY,UASIN GISHU,AINABKOI,OLARE,KAPKENO,HD MAPS,3,MOH,0.231535,35.4467,674c6f1d-f343-4345-919f-e67bbe0fd557,3945908.59430194,25774.4284506241
2081,5,BUNGOMA DISTRICT HOSPITAL,2237,WESTERN,BUNGOMA,KANDUYI,TOWNSHIP,TOWNSHIP(KANDUYI),HD MAPS,1,MOH,0.572,34.557,bddc9aa8-4e3d-4aba-b063-d0ddf9e049c5,3846867.64334316,63675.8064607909
2082,6,BUNGOMA GK PRISON DISP,4237,WESTERN,BUNGOMA,KANDUYI,TOWNSHIP,KHALABA(BUNGOMA),DDP,4,MOH,0.560941,34.5626,199ff8a8-7646-4a2c-b22c-febfc6c8b200,3847491.0324916,62444.6640396328
2083,8,CENGALO DISP,1874,RIFT VALLEY,UASIN GISHU,KESSES,OL'LEINGUSE,LEINGUSE,HD MAPS,4,MOH,0.140206,35.3826,d8edf84a-e700-4ebd-935e-4e7dcd295532,3938773.01494208,15607.6761028541
2084,17,KAMOGO DISP,2002,RIFT VALLEY,MARAKWET,TIRAP,KIPKANER,KIMUREN,DISTRICT ESTIMATES,4,MOH,1.0923,35.6023,668277b7-7526-4980-9205-aa1be4f2daba,3963229.90706937,121601.645933342
2085,78,NYAMAMITHI DISP,2828,RIFT VALLEY,NAKURU,MBOGOINI,WASEGES,NYAMAMITHI,GPS,4,MOH,0.11517,36.22108,db18bcf7-29d4-405b-a2db-e0cae3304eb7,4032112.18158243,12820.6743882904
2086,9,CHEBURBUI DISP,1875,RIFT VALLEY,UASIN GISHU,MOIBEN,KIMONING,CHEBURBUR,DISTRICT ESTIMATES,4,MOH,0.62114,35.4321,aaf01f92-b36e-412a-9a4b-129d49e08f6f,3944283.32973635,69146.3429394187
2087,7,CHEBUKUTUMI DISP,0,WESTERN,BUNGOMA,SIRISIA,SIRISIA,S.KULISIRU,DDP,4,MOH,0.70983,34.4991,188796da-43de-4f58-b01e-087ed2352d63,3840422.24482623,79019.935559804
2088,10,CHEMBULET DISP,0,RIFT VALLEY,UASIN GISHU,MOIBEN,SERGOIT,CHEPKOILEL,HD MAPS,4,MOH,0.666733,35.4175,2680c94c-d305-401e-a075-7855ab760c0f,3942658.06517077,74222.0531724807
2089,18,KAMOI DISP,2003,RIFT VALLEY,MARAKWET,KAPCHEROP,KAMOI,KAMOI,SUBLOC CENTROID,4,MISS,1.087288,35.25949,5405a092-4471-48f8-8918-abab334899c9,3925068.47243052,121043.611705775
2090,79,NYAMATHI DISP,4617,RIFT VALLEY,NAKURU,NAIVASHA,HELL'S GATE,MIRERA,GPS,4,MOH,-0.77738,36.51153,504a158f-b9ef-4392-9621-d64d3a06f753,4064444.92768334,-86540.2009377879
2091,19,KAMOI DISP,0,RIFT VALLEY,MARAKWET,KAPCHEROP,KAMOI,KAMOI,DDP,4,MOH,1.08834,35.2563,59ccc8f9-a028-419d-9481-f53b6cdfa896,3924713.3632549,121160.740919994
2092,8,CHESAMISI MISS DISP,2213,WESTERN,BUNGOMA,BUMULA,S.BUKUSU,LUMBOKA,ILRI VILLAGES,4,MISS,0.5,34.5,3af7f57d-17b9-4a68-913b-4dd0161d3632,3840522.43236794,55660.4518654275
2093,12,CHEPKANKA HEALTH CENTRE,0,RIFT VALLEY,UASIN GISHU,MOIBEN,SERGOIT,KELJI,HD MAPS,3,MOH,0.628494,35.3684,5449165c-6f0c-4594-ac6f-4ebf56ade274,3937192.27817282,69965.03515485
2094,80,NYS GILGIL DISP,1723,RIFT VALLEY,NAKURU,GILGIL,GILGIL,GILGIL,GPS,4,MOH,-0.47958,36.31161,48839a29-e479-4fc3-8dc4-7c264e0b1fa1,4042189.93508394,-53387.224792758
2095,22,KAPCHEROP DISP,2951,RIFT VALLEY,MARAKWET,KAPCHEROP,SENGWER,KAPCHEROP,DDP,4,MISS,1.04598,35.3104,fb328e33-69ac-49f1-84a7-df47fa5d45b6,3930735.74770682,116444.429143974
2096,9,CHESIKAKI (FRIENDS) DISP,3190,WESTERN,BUNGOMA,SIRISIA,SIRISIA,N. KULISIRU,1:50000 MAPS,4,MISS,0.774054,34.509009,305d71c1-a0fd-484f-bd55-c7d20c2dcd02,3841525.3096605,86169.9183755767
2097,13,CHEPSAITA DISP (PROPOSED),4875,RIFT VALLEY,UASIN GISHU,TURBO,NGENYILEL,CHEPSAITA,HD MAPS,4,MOH,0.571652,34.8947,61ace3b5-f189-4190-a39e-dd8530843294,3884460.23538405,63637.0653485978
2098,81,NYS NAIVASHA DISP,1747,RIFT VALLEY,NAKURU,NAIVASHA,NAIVASHA EAST,MUNUNGA,GPS,4,MOH,-0.64834,36.48788,9d5799af-3ae1-4bb1-981b-c3c98a86132e,4061812.22172608,-72174.4189315873
2099,23,KAPCHEROP HEALTH CENTRE,2038,RIFT VALLEY,MARAKWET,KAPCHEROP,SENGWER,KAPCHEROP,DDP,3,MOH,1.04598,35.3104,3ea7eee2-b7eb-4775-b976-5d513a09c015,3930735.74770682,116444.429143974
2100,10,CHWELE DISP,3120,WESTERN,BUNGOMA,CENTRAL,SIRARE,W.NALONDO,ILRI MKT CENTRES,4,MISS,0.638781,34.614998,a7617edd-8391-4007-89f4-815a64c824d4,3853323.95117019,71110.2487888955
2101,14,CHEPYAKWAI DISP,2974,RIFT VALLEY,UASIN GISHU,KAPSARET,NGERIA,KAPLELACH(KAPSARET),HD MAPS,4,MISS,0.348074,35.2391,085ee010-478e-415c-bb30-8ec60c295549,3922798.66801325,38747.658776474
2102,82,OGILGEI DISP,4613,RIFT VALLEY,NAKURU,NJORO,NGATA,NGATA,GPS,4,MOH,-0.29438,35.9559,3c71eb66-2057-466a-a90d-ee3d09c42483,4002592.47901387,-32770.3758788686
2103,24,KAPLENGE DISP,3323,RIFT VALLEY,MARAKWET,CHEBIEMIT,KUSERWO,YEMIT,DISTRICT ESTIMATES,4,MOH,0.99123,35.4523,b4fdde7d-e7b2-4553-8435-77aba4c421a9,3946531.98345038,110348.723519105
2104,11,CHWELE HEALTH CENTRE,2225,WESTERN,BUNGOMA,CHWELE,CHWELE,CHWELE,AMKENI,3,MOH,0.734351,34.57788,6df637c0-713a-4378-9be0-6d9f6b78cb21,3849191.99431092,81749.8176078236
2105,15,CHUIROT DISP,4404,RIFT VALLEY,UASIN GISHU,SOY,KIPLOMBE,KUINET,DISTRICT ESTIMATES,4,MOH,0.64214,35.3014,a18ca68c-0e63-4968-8f94-cfeb7d580db9,3929733.87228967,71484.1943206976
2106,83,OLENGURUENE HEALTH CENTRE,1771,RIFT VALLEY,NAKURU,OLENGURUONE,AMALO,AMALO,GPS,3,MOH,-0.58851,35.68496,80aa7451-fd0e-460b-a77b-1154825c4c25,3972431.57617834,-65513.7855140412
2107,16,CHUIYAT DISP,0,RIFT VALLEY,UASIN GISHU,KESSES,TULWET,TULWET(UG),HD MAPS,4,MOH,0.255207,35.3392,434ce595-b181-4488-b03f-8645d8f85ba8,3933941.74904166,28409.6072277573
2108,25,KAPSAIT DISP,118,RIFT VALLEY,MARAKWET,KAPCHEROP,LELAN,KAPSAIT(MARAKWET),DDP,4,MISS,1.13716,35.3689,1952f168-f686-4ed0-a230-eae2d4a7f79c,3937247.93791822,126596.383703731
2109,85,OLRONGAI DISP,4631,RIFT VALLEY,NAKURU,RONGAI,KAMPI YA MOTO,MENENGAI,DDP,4,MOH,-0.177176,36.0089,0303626e-8304-425a-8c29-624c2f878853,4008492.41202591,-19723.1735341186
2110,12,KABUCHAI HEALTH CENTRE,2226,WESTERN,BUNGOMA,CENTRAL,KABUCHAI,KISIWA,AMKENI,3,MOH,0.646573,34.560124,8783ee9e-24fa-438c-a54c-7cb3169376dd,3847215.4054324,71977.704831727
2111,26,KAPSOWAR AIC  HOSPITAL,2043,RIFT VALLEY,MARAKWET,KAPSOWAR,KAPSOWAR,KAPSOWAR,1:50000 MAPS,1,MISS,0.981081,35.560811,62c6a58c-7763-493d-9fde-518ae73f3262,3958611.37271585,109218.774640968
2112,17,CHUKURA DISP,4863,RIFT VALLEY,UASIN GISHU,SOY,MOI'S BRIDGE,MATUNDA(UGISHU),HD MAPS,4,MOH,0.856108,35.1553,10abc38d-62dd-495c-9a14-07e6e9a1b9bc,3913470.09468478,95305.0529986166
2113,13,KABULA DISP,0,WESTERN,BUNGOMA,BUMULA,KABULA,EAST MATEKA,DDP,4,MOH,0.474377,34.5257,2c10e4a7-0f43-4a87-b14b-6232a254111f,3843383.34328133,52808.0094113953
2114,86,PCEA  DISP,4627,RIFT VALLEY,NAKURU,NJORO,NJORO,NJORO(NAKURU),GPS,4,MISS,-0.32113,35.94395,439552b0-3f24-4dd2-82a7-5c9674c3c47c,4001262.21109889,-35748.2152417588
2115,19,ELDORET DISTRICT HOSPITAL (MOI REFERRAL & TEACHING HOSPITAL),1923,RIFT VALLEY,UASIN GISHU,SOY,KIBULGENY,KAMUKUNJI(UGISHU),HD MAPS,2,MOH,0.538332,35.2886,0881afea-22ba-46ef-9916-63cac683a336,3928308.98280752,59927.7258462081
2116,27,KAPTABUK DISP,0,RIFT VALLEY,MARAKWET,KAPYEGO,KAPYEGO,KESSOM,DDP,4,MISS,1.15018,35.5239,854e01d4-f6fa-4b8c-bda5-3100bfa876e0,3954502.45899117,128046.05226588
2117,87,PCEA NAKURU WEST DISP,0,RIFT VALLEY,NAKURU,NAKURU MUNI.,KAPTEMBWO,VIWANDA,GPS,4,MISS,-0.28905,36.05525,2c85d39a-6066-44e7-9ef9-de11b2589ead,4013652.07042418,-32177.0353023938
2118,14,KAMUKUYWA DISP,4670,WESTERN,BUNGOMA,KIMILILI,KAMUKUYWA,MAKHONGE,1:50000 MAPS,4,MISS,0.808559,34.797297,d5aa13a5-cad3-46db-86fe-963a810744d0,3873617.38302231,90011.3638183402
2119,20,ELGEYO BORDER DISP,1878,RIFT VALLEY,UASIN GISHU,MOIBEN,TEMBELIO,TUIYO LUK,HD MAPS,4,MOH,0.548374,35.4175,a5e2dc3c-aa54-477b-8cf3-4e9c7f10eec7,3942658.06517077,61045.6464427608
2120,28,KAPTALAMWA DISP,2005,RIFT VALLEY,MARAKWET,KAPCHEROP,KAPKOCHUR,KAPKOCHUR,DDP,4,MISS,1.07143,35.4295,a5999448-826c-40ee-89ef-8f13447175e1,3943993.89906029,119277.993929539
2121,88,PCEA UMOJA DISP,4424,RIFT VALLEY,NAKURU,RONGAI,RONGAI,RONGAI(NAKURU),GPS,4,MISS,-0.20712,35.93096,e9763c3b-f5d6-40ed-a132-03c3392282ad,3999816.17091348,-23056.5431491133
2122,15,KAMUSINGA DISP,2214,WESTERN,BUNGOMA,KIMILILI,KIBINGEI,CHEBUKWABI,ILRI VILLAGES,4,MISS,0.8,34.7,cd1e9aa4-d7f7-444a-a7a8-054c319b03cc,3862786.3305266,89058.4864167164
2123,29,KAPYEGO DISP,2962,RIFT VALLEY,MARAKWET,KAPYEGO,KAPYEGO,KAPYEGO,DDP,4,MISS,1.17461,35.4552,73f348ab-5999-4bdc-9c82-8f1ce48cd4b7,3946854.80997368,130766.147205947
2124,21,ELGEYO DISP,3097,RIFT VALLEY,UASIN GISHU,MOIBEN,TEMBELIO,ELEGEYO BORDER,DISTRICT ESTIMATES,4,MOH,0.54321,35.4421,aa222bf8-899e-49ae-97df-9f2595ec2bc9,3945396.52464429,60470.7665093887
2125,16,KAPTANAI DISP,4239,WESTERN,BUNGOMA,SIRISIA,NAMWELA,MENU,1:50000 MAPS,4,MISS,0.789189,34.5378,fa46ca32-14eb-43aa-8cb1-a3b41d437bbf,3844730.30911993,87854.8956588266
2126,89,PWANI DISP,3987,RIFT VALLEY,NAKURU,LARE,NAISHI,PWANI,GPS,4,MOH,-0.39012,36.02324,7a195d22-78cf-4796-8347-cc528fd99587,4010088.73352389,-43428.2953115065
2127,22,KABOBO HEALTH CENTRE,2347,RIFT VALLEY,UASIN GISHU,SOY,SOY,KONGASIS(SOY),HD MAPS,3,MOH,0.738398,35.2638,fbf032ee-c9a2-414e-9810-4452d97f940d,3925548.25943585,82200.3647968891
2128,30,KIPNAI DISP,2009,RIFT VALLEY,MARAKWET,CHEBIEMIT,KUSERWO,KIMNAI,DDP,4,MISS,1.03125,35.4554,5c7b66d8-10f4-463c-919c-1c4b49db2696,3946877.07387184,114804.423596799
2129,90,RARE DISP,1755,RIFT VALLEY,NAKURU,LARE,LARE,NGURIGA,GPS,4,MOH,-0.44341,36.0069,18984eae-e6b7-4b66-8e71-e5cd7943d1fa,4008269.77304433,-49360.668129758
2130,17,KARIMA DISP,2216,WESTERN,BUNGOMA,TONGAREN,MBAKALO,MBAKALO,DDP,4,MOH,0.736377,34.8396,55fe620c-27b7-463e-a660-345f5945f1ae,3878326.53144134,81975.3694729395
2131,31,KIPSAIYA DISP,4853,RIFT VALLEY,MARAKWET,KAPSOWAR,KIPSAIYA,KIPSAIYA,DDP,4,MISS,1.00386,35.5799,5379377b-e8be-46b8-a5b9-76e12fca7b59,3960736.3504756,111754.901808191
2132,24,KAPNGETUNY DISP,1881,RIFT VALLEY,UASIN GISHU,AINABKOI,KAPNGE'TUNY,SILIBOI,HD MAPS,4,MOH,0.136848,35.5705,15a567f3-6d47-4ce8-8d46-588204f1befc,3959689.94726214,15233.8641601546
2133,91,ROCCO DISP,1756,RIFT VALLEY,NAKURU,NAIVASHA,MALEWA,TARAMBETE,GPS,4,MOH,-0.75123,36.29123,8db0d901-ba3a-4601-91d1-a5bdb1637468,4039921.24386158,-83628.9372083021
2134,32,KONDABILET DISP,2014,RIFT VALLEY,MARAKWET,KAPCHEROP,CHEBORORWA,KONDABILET,DDP,4,MOH,0.942465,35.4325,0fd500a9-ae61-4b11-a06f-4ee7bf617235,3944327.85753267,104919.455400538
2135,18,KAVUJAI DISP,0,WESTERN,BUNGOMA,CENTRAL,KABUCHAI,KISIWA,1:50000 MAPS,4,MOH,0.643617,34.5576,ac405d19-5d22-4aca-9be5-90f66ffa8e71,3846934.43503764,71648.6235590035
2136,25,KAPSAOS DISP,3982,RIFT VALLEY,UASIN GISHU,TURBO,KAPYEMIT,KAPSAOS(UGISHU),DISTRICT ESTIMATES,4,MOH,0.58341,35.2441,88a97144-2f11-4a08-bc5a-9fb831dd895b,3923355.26546722,64946.0264200868
2137,92,RONGAI HEALTH CENTRE,1772,RIFT VALLEY,NAKURU,RONGAI,RONGAI,RONGAI(NAKURU),GPS,3,MOH,-0.17066,35.85911,43abde70-44ac-4bc5-98cd-688a71dffa1d,3991817.86549999,-18997.812390012
2138,34,MAINA DISP,2018,RIFT VALLEY,MARAKWET,TIRAP,KOIBATEK,MAINA(MARA),DISTRICT ESTIMATES,4,MOH,1.03211,35.5712,77e921d7-e62f-4d71-826a-ce952b7fbd14,3959767.8709057,114900.173880717
2139,19,KHASOKO MISSION HEALTH CENTRE,2228,WESTERN,BUNGOMA,BUMULA,KHASOKO,KHASOKO,AMKENI,3,MISS,0.484107,34.402313,0cbc4584-e301-4c1e-b0e8-c03e80666688,3829647.96527082,53891.1859486893
2140,26,KAPSARET DISP,1883,RIFT VALLEY,UASIN GISHU,KAPSARET,KAPSARET,LEMOK,DISTRICT ESTIMATES,4,MOH,0.49231,35.1742,e2294e10-edaf-4469-8dc7-d2cb05ed7c81,3915574.03306077,54804.3728831262
2141,35,MATIRA DISP,3988,RIFT VALLEY,MARAKWET,KAPYEGO,KAPYEGO,KARARIA,DISTRICT ESTIMATES,4,MOH,1.12233,35.5024,ab8a8e26-e706-4241-bec1-7a2f1ac4766a,3952109.08993912,124945.194677789
2142,94,SIAPEI HEALTH CENTRE,0,RIFT VALLEY,NAKURU,MAU NAROK,MAU NAROK,SIAPEI,DDP,3,MOH,-0.597156,35.9929,842ae90a-f12d-44a8-a1d8-40d791f22838,4006711.30017323,-66476.3053546604
2143,20,KIBABII SUB HEALTH CENTRE,3315,WESTERN,BUNGOMA,KANDUYI,KIBABII,TUUTI,1:50000 MAPS,3,MISS,0.618794,34.5253,ea1f8750-c318-4d6a-b092-b8e4d06b5530,3843338.81548502,68885.172124888
2144,27,KAPTAT DISP,1886,RIFT VALLEY,UASIN GISHU,AINABKOI,KAPTAGAT,TENDWO,DISTRICT ESTIMATES,4,MOH,0.46241,35.4441,943ad52b-cbd2-471f-9521-d2176b0034c2,3945619.16362587,51475.8045467568
2145,36,MOGIL DISP,2021,RIFT VALLEY,MARAKWET,TUNYO,KABAIMWA,CHUGOR,DDP,4,MOH,1.06114,35.6415,5622e5fc-a7f6-4011-b20a-790a663d2a13,3967593.63110847,118132.317977361
2146,21,KIMAETI DISP,3118,WESTERN,BUNGOMA,BUMULA,KIMAETI,MYANGA/SYOMBE,1:50000 MAPS,4,MOH,0.603723,34.4069,7e1b07fe-d9ae-4a35-a917-d8c590e713da,3830158.58777509,67207.3805951788
2147,28,KAPTELDON DISP,2966,RIFT VALLEY,UASIN GISHU,KAPSARET,KAPSARET,LEMOK,HD MAPS,4,MOH,0.477149,35.2004,ea01c886-ebc3-4fca-a163-c2b4132ae331,3918490.60371955,53116.5976784665
2148,95,ST FRANCIS HEALTH CENTRE,1740,RIFT VALLEY,NAKURU,MBOGOINI,WASEGES,SUBUKIA WEST,DDP,3,MISS,0.156732,36.2486,bd573b03-30be-412d-9e93-1d1e88f31215,4035175.69396906,17447.3481904958
2149,22,KIMALEWA HEALTH CENTRE,2229,WESTERN,BUNGOMA,CHWELE,MUKUYUNI,MUKUYUNI(BUNGOMA),DDP,3,MOH,0.771002,34.5788,5bff6579-15e5-4ca2-a4af-7c4deba7aa76,3849294.40824245,85830.1404050502
2150,29,KARUNA DISP,0,RIFT VALLEY,UASIN GISHU,MOIBEN,KARUNA,SOSIO,HD MAPS,4,MOH,0.746853,35.4813,9c61859c-d328-499b-98dc-955942c63869,3949760.24868338,83141.6501565602
2151,37,SANGURURU DISP,3324,RIFT VALLEY,MARAKWET,KAPSOWAR,KOIBARAK,SUNG'URUR,DDP,4,MOH,0.886607,35.5661,5e6763b1-6c34-439b-adda-78aa60cfba9d,3959200.14150265,98700.5788479628
2152,96,ST. CLAIRE DISP,0,RIFT VALLEY,NAKURU,ELBURGON,ELBURGON,ELBURGON,ILRI MKT CENTRES,4,MISS,-0.299628,35.811834,9c117e18-fa5f-4e19-ba48-efea37913d42,3986555.12525324,-33354.5884158428
2153,23,KIMILILI SUB-DISTRICT HOSPITAL,2230,WESTERN,BUNGOMA,KIMILILI,KIMILILI,TOWNSHIP(KIMILILI),AMKENI,1,MOH,0.788988,34.712779,07bf30ba-c93e-4c1a-a6f7-773ee0638256,3864208.88229945,87832.518319024
2154,38,TENDEN DISP,2957,RIFT VALLEY,MARAKWET,KAPCHEROP,CHERANGANY,TENDEN,DDP,4,MOH,1.01964,35.3643,7eb66f40-60af-49a0-968b-22290ba6ce66,3936735.86826057,113511.797287153
2155,97,ST. FRANCIS CATHOLIC HEALTH CENTRE,3503,RIFT VALLEY,NAKURU,NAKURU MUNI.,LAKE NAKURU,LAKE NAKURU(NAT.PARK,ILRI VILLAGES,3,MISS,-0.47,36.08,ee68c6ee-b5ba-40a8-8e96-9c95d450c835,4016407.22782131,-52320.7474532048
2156,30,KATUIYO DISP,2967,RIFT VALLEY,UASIN GISHU,AINABKOI,KIPKUBUS,SONGICH,HD MAPS,4,MOH,0.329864,35.4193,9231301e-2885-4307-8b38-17ed6df2571f,3942858.4402542,36720.4953647945
2157,39,TUNYO DISP,4849,RIFT VALLEY,MARAKWET,TUNYO,ARROR,NIWAI,DISTRICT ESTIMATES,4,MOH,0.93241,35.6024,05d87a12-9b8d-43d6-9c77-96aaa56c954d,3963241.03901845,103799.988084922
2158,24,KIMININI DISP(TABANI),3191,WESTERN,BUNGOMA,TONGAREN,TONGAREN,TONGAREN,DDP,4,MISS,0.785,34.9689,de52ab3c-7c0f-4582-bb58-d85d1b2b5f7f,3892720.14160091,87388.5343075809
2159,99,ST. MARTIN'S DISP,3643,RIFT VALLEY,NAKURU,MOLO,MOLO,MOLO,ILRI MKT CENTRES,4,MISS,-0.241789,35.72882,81cabea7-d0d6-4695-b688-07175db4f1fe,3977314.04904453,-26915.9082482706
2160,31,KESSES DISP,2968,RIFT VALLEY,UASIN GISHU,KESSES,KESSES,KESSES,HD MAPS,4,MOH,0.271595,35.2828,2ae444fa-d977-4360-bcfe-51a809833a0e,3927663.32976092,30233.9303270347
2161,40,TUTURUNG DISP,4891,RIFT VALLEY,MARAKWET,TIRAP,KIPKANER,CHESIYO,DDP,4,MOH,1.12009,35.6062,3c4167a4-045e-4bc0-8de5-38ae392bb64e,3963664.05308346,124695.791266879
2162,100,STATE HOUSE NAKURU DISP,1758,RIFT VALLEY,NAKURU,NAKURU MUNI.,CENTRAL,AFRAHA,GPS,4,MOH,-0.28154,36.08157,01a9b758-334f-4c34-80fc-bdf632ca50c9,4016581.99942186,-31341.0155619043
2163,25,KIMOBO (FRIENDS) DISP,3192,WESTERN,BUNGOMA,KIMILILI,KIBINGEI,CHEBUKWABI,ILRI VILLAGES,4,MISS,0.79,34.68,9d6af360-87d9-4e45-8c3f-7121e4a9b18e,3860559.94071073,87945.1843393841
2164,1,ACK MUTUKANIO DISP,0,RIFT VALLEY,NAKURU,NJORO,KIHINGO,LUSIRU,GPS,4,MISS,-0.43226,35.97143,325ae736-c652-4e82-a9e5-7cd70f9326c0,4004321.27070589,-48119.4195642684
2165,32,KIMONING DISP,4874,RIFT VALLEY,UASIN GISHU,MOIBEN,KIMONING,KAMAUA,HD MAPS,4,MOH,0.590255,35.4594,f09bf33e-7679-40ff-98cc-9e2f674adda9,3947322.35183501,65708.0483034131
2166,26,KIPSIROK DISP,0,WESTERN,BUNGOMA,KANDUYI,E.BUKUSU,E. SANGALO,ILRI MKT CENTRES,4,MISS,0.540464,34.631622,12c71bf6-aa29-4d8c-8ec6-c596a67b5c36,3855174.52638514,60165.0695182245
2167,33,KIMOTHON FOREST DISP,1887,RIFT VALLEY,UASIN GISHU,SOY,KIPSOMBA,KAPSANG,ILRI VILLAGES,4,MOH,0.78463,35.236661,bbc30361-0765-4e5b-8e1c-cee53cf6c8f4,3922527.1597752,87347.3422317307
2168,101,SUBUKIA HEALTH CENTRE,1773,RIFT VALLEY,NAKURU,MBOGOINI,SUBUKIA,SUBUKIA EAST,GPS,3,MOH,0.00554,36.22949,46da624e-cee1-4806-b8ba-3b3af86064dc,4033048.3785,616.70997996114
2169,3,AIC SUBUKIA DISP,0,RIFT VALLEY,NAKURU,MBOGOINI,SUBUKIA,SUBUKIA EAST,GPS,4,MISS,0.0055,36.22833,409644c0-ec99-4a25-85af-cd243ed3a7f1,4032919.24789068,612.257200308363
2170,27,KOLANYA HEALTH CENTRE,0,WESTERN,BUNGOMA,MALAKISI,MALAKISI,TAMULEGA,1:50000 MAPS,3,MISS,0.713754,34.4127,459b2153-9b2a-4ab5-9bed-9091d1d1e7b7,3830804.24082169,79456.786951786
2171,102,SUBUKU FULL GOSPEL DISP,4614,RIFT VALLEY,NAKURU,NJORO,KIHINGO,LUSIRU,GPS,4,MISS,-0.40184,35.96352,f2bc42eb-dfc1-4beb-bf72-bd7afcb8ef66,4003440.73353372,-44732.9909045303
2172,34,KIPKABUS DISP,1889,RIFT VALLEY,UASIN GISHU,AINABKOI,CHEPNG'OROR,KOILUGET,HD MAPS,4,MOH,0.266133,35.4794,25fff01e-cec0-44ee-a563-5b2875ac7180,3949548.74165088,29625.8965736069
2173,28,KONGOLI DISP,0,WESTERN,BUNGOMA,WEBUYE,SITIKHO,KHALUMULI,DDP,4,MOH,0.557478,34.6896,f5e119f6-3336-46d8-8498-d4acc19c8c5a,3861628.60782235,62059.1462811754
2174,4,APDK DISP,0,RIFT VALLEY,NAKURU,NAKURU MUNI.,CENTRAL,AFRAHA,GPS,4,NGO,-0.27958,36.08022,f46e6fa0-df97-411c-9dda-3f8b230aa67d,4016431.71810929,-31122.8267441188
2175,103,TERET DISP,1761,RIFT VALLEY,NAKURU,MAUCHE,TERET,TERET,GPS,4,MOH,-0.45114,35.94684,792b1641-b820-4c48-9744-7f6f987a0244,4001583.92442729,-50221.1940144233
2176,35,KIPKURERE DISP,1890,RIFT VALLEY,UASIN GISHU,KESSES,TIMBOROA,MATHARU,ILRI VILLAGES,4,MOH,0.08,35.43,4ce7df4d-83c0-4b6e-b636-a35ace3f4334,3944049.55880569,8905.56215710963
2177,29,KOROSIANDET DISP,3121,WESTERN,BUNGOMA,MALAKISI,NAMUBILA,MACHAKHA,DDP,4,MOH,0.744456,34.4391,9b0243d4-a8d9-4360-a2cf-de71f57defdd,3833743.07537863,82874.794739117
2178,36,KIPLOMBE DISP,1891,RIFT VALLEY,UASIN GISHU,SOY,KIPLOMBE,KIPLOMBE(UGISHU),HD MAPS,4,MISS,0.629888,35.2189,f748f031-d142-4a71-bb39-5c880c84b357,3920550.01429923,70120.2238822124
2179,5,ASTU GILGIL DISP,2812,RIFT VALLEY,NAKURU,GILGIL,GILGIL,GILGIL,GPS,4,MOH,-0.46977,36.33384,a058d89d-3cf2-4fd0-adc1-4de2e482d43a,4044664.56736428,-52295.1431092857
2180,104,TINET DISP,4625,RIFT VALLEY,NAKURU,KERINGET,TINET,KAPNANDA,GPS,4,MOH,-0.47866,35.61255,f126638b-e72d-41cb-aa06-b50bac6e3a2e,3964370.93185,-53284.8072803866
2181,30,LUGULU MISSION HOSPITAL,2238,WESTERN,BUNGOMA,WEBUYE,MISIKHU,KITUNI,AMKENI,1,MISS,0.661309,34.752781,eb55674d-728f-4fd0-8f4e-b2267f27645d,3868661.88457016,73618.2157030118
2182,6,BAHATI DISP,1714,RIFT VALLEY,NAKURU,BAHATI,BAHATI,CHANIA,GPS,4,MOH,-0.15104,36.15276,8f592887-4583-46ae-b4a0-7432205b7c72,4024506.83397144,-16813.7153632429
2183,37,KIPLOMBE DISP,3823,RIFT VALLEY,UASIN GISHU,SOY,KIPLOMBE,KIPLOMBE(UGISHU),SUBLOC CENTROID,4,MOH,0.626596,35.223923,0ad8c1d2-687a-4ad0-a92b-f64188fa024d,3921109.17210149,69753.7380876113
2184,31,LUKHUNA DISP,3194,WESTERN,BUNGOMA,TONGAREN,KIMININI,KIMININI(BUNGOMA),DDP,4,MISS,0.799857,34.9239,083a0349-e28f-4270-b119-45ee8bcb898f,3887710.76451521,89042.5661779655
2185,105,UPPER SOLAI HEALTH CENTRE,1775,RIFT VALLEY,NAKURU,BAHATI,SOLAI,NYADUNDO,GPS,3,MOH,-0.09957,36.12654,89da7937-d582-4967-9bbb-39ad0bd1442a,4021588.03692283,-11084.0872773372
2186,38,KIPTOGOT FOREST DISP (UASIN GISHU),1892,RIFT VALLEY,UASIN GISHU,MOIBEN,KARUNA,KAPSUBERE,ILRI VILLAGES,4,MOH,0.76079,35.408313,4be24081-3107-4c89-8697-677e42bc13ac,3941635.37300886,84693.244190464
2187,32,LUKUSI DISP,0,WESTERN,BUNGOMA,NDIVISI,LUKUSI,MISIMO,DDP,4,MOH,0.655584,34.8223,1439c551-3fbe-48b8-8cad-79c0f1254087,3876400.70425061,72980.869532079
2188,7,BAHATI RHDC (NAKURU),1789,RIFT VALLEY,NAKURU,BAHATI,BAHATI,BAHATI,GPS,3,MOH,-0.16743,36.12324,d5f4b528-b4b2-4b5c-bf76-79cfad0205b3,4021220.68260322,-18638.24886974
2189,40,LANGAS BAPTIST DISP,4868,RIFT VALLEY,UASIN GISHU,KAPSARET,SIMAT,SIMAT(UG),SUBLOC CENTROID,4,MISS,0.497384,35.245448,88ce37f4-9e37-4aa2-87d1-a20e081db97f,3923505.32414081,55369.2290465571
2190,1,CHEMASE H C,2086,RIFT VALLEY,NANDI,ALDAI,CHEMASE,KIBISIEM,HD MAPS,3,MOH,-0.02479,35.0105,cc7877e0-1f76-4163-ac2f-38eba0d04b38,3897351.03241791,-2759.61026285932
2191,33,MACHWELE DISP,3116,WESTERN,BUNGOMA,BUMULA,BUMULA,NORTH MYANGA,ILRI MKT CENTRES,4,MISS,0.551732,34.459568,59de10a9-74b2-4b35-a858-d4728bd233c4,3836021.56271619,61419.4745196163
2192,42,LANGAS RACECOURSE COMMUNITY DISP,0,RIFT VALLEY,UASIN GISHU,KAPSARET,PIONEER,LANGAS,SUBLOC CENTROID,4,MISS,0.497384,35.254477,2e130cd1-9d68-4fc0-a25e-8f41b1a1bf89,3924510.42782318,55369.2290465571
2193,34,MAKHONGE DISP,3557,WESTERN,BUNGOMA,KIMILILI,KAMUKUYWA,MAKHONGE,DDP,4,MOH,0.832174,34.7865,a32473b4-6f17-472c-8930-f0eb164cf965,3872415.46648022,92640.4430984304
2194,45,MATUNDA DISP,1895,RIFT VALLEY,UASIN GISHU,SOY,MOI'S BRIDGE,MATUNDA(UGISHU),SUBLOC CENTROID,4,MISS,0.845478,35.154164,6e92382c-2574-4880-956a-1a6b44c2402a,3913343.63574323,94121.5963379023
2195,35,MALAKISI HEALTH CENTRE,2231,WESTERN,BUNGOMA,MALAKISI,MALAKISI,MWALIE,AMKENI,3,MOH,0.682338,34.420863,b39ffa76-9454-4136-ab2e-e13e1527896a,3831712.94182504,75959.3142227989
2196,2,CHEPKUMIA DISP,0,RIFT VALLEY,NANDI,KAPSABET,CHEPKUMA,CHEBOITE,HD MAPS,4,MOH,0.11292,34.9535,2b2f2e7f-2d82-4c1b-a252-766dab21195d,3891005.8214427,12570.205037818
2197,46,MEIBEKI DISP,4867,RIFT VALLEY,UASIN GISHU,MOIBEN,MEIBEKI,MEIBEKI,HD MAPS,4,MOH,0.888884,35.3829,f3f273c9-a51a-4cef-9669-a2424edfff9d,3938806.41078933,98954.0837569394
2198,36,MALOMONY DISP,0,WESTERN,BUNGOMA,NDIVISI,LUKUSI,LUTACHO,DDP,4,MOH,0.69598,34.8223,d470c15c-98ea-4b00-8e96-7ebffb99937a,3876400.70425061,77478.044579643
2199,47,MOIBEN HEALTH CENTRE,1919,RIFT VALLEY,UASIN GISHU,MOIBEN,MOIBEN,MOIBEN,HD MAPS,3,MOH,0.814705,35.369,073fda55-b88d-45bc-a76b-f79074d1eda6,3937259.0698673,90695.602059495
2200,37,MAYEKWE (FRIENDS) DISP,3193,WESTERN,BUNGOMA,MALAKISI,LWANDANYI,MAYEKWE,ILRI VILLAGES,4,MISS,0.8,34.42,80768bc9-8076-42b0-889e-efa58499eb6f,3831616.87310448,89058.4864167164
2201,48,MOI'S BRIDGE CATHOLIC DISP,1897,RIFT VALLEY,UASIN GISHU,SOY,MOI'S BRIDGE,MOI'S BRIDGE(UGISHU),1:50000 MAPS,4,MISS,0.913369,35.136531,1e889a16-e866-400e-bc78-c42c50d9a44a,3911380.73916208,101680.078651363
2202,38,MECHIMERU HC,2232,WESTERN,BUNGOMA,KANDUYI,E.BUKUSU,E. SANGALO,DDP,3,MOH,0.502077,34.6584,44e9d9d8-2870-4aa0-ac80-5738ecca86ea,3858155.4397096,55891.6712885532
2203,49,MOI'S BRIDGE DISP,3617,RIFT VALLEY,UASIN GISHU,SOY,MOI'S BRIDGE,MOI'S BRIDGE(UGISHU),HD MAPS,4,MOH,0.910735,35.1262,61ba1e69-6073-4530-a476-28cab26366c0,3910230.69750269,101386.825959342
2204,39,MILO DISP,3831,WESTERN,BUNGOMA,WEBUYE,WEBUYE,MATULO,DDP,4,MOH,0.605954,34.7046,aea481b1-67a1-42a0-9882-993a6f878dfd,3863298.40018424,67455.7482178305
2205,3,CHEPKUMIA PEFA DISP,2049,RIFT VALLEY,NANDI,KAPSABET,CHEPKUMA,CHEPKUMA,ILRI MKT CENTRES,4,MISS,0.137412,34.937776,8e0d5565-6213-4bac-823c-f1e7f864cb1c,3889255.43376946,15296.6485327823
2206,50,NABKOI DISP,1898,RIFT VALLEY,UASIN GISHU,KESSES,OL'LEINGUSE,LEINGUSE,HD MAPS,4,MOH,0.094967,35.4521,e779ffa9-8567-4147-bfe3-12620ed0fe5a,3946509.71955222,10571.6829227028
2207,40,MISIKHU MISSION HOSPITAL,2239,WESTERN,BUNGOMA,NDIVISI,NAMARAMBI,MARINDA,HD MAPS,1,MISS,0.71883,34.7575,369365fc-31d2-4b4c-be6a-1851c072a26a,3869187.20124721,80021.8888469281
2208,52,NGENYILEL DISP,4866,RIFT VALLEY,UASIN GISHU,TURBO,NGENYILEL,OSORONGAI,HD MAPS,4,MOH,0.564368,34.9748,d4c08d08-bef1-4dac-a17a-68a7d06817d7,3893376.92659659,62826.1743301148
2209,42,MUHANDA DISP,3117,WESTERN,BUNGOMA,MALAKISI,NAMUBILA,WANONO,ILRI VILLAGES,4,MISS,0.78,34.48,669d117e-e08b-49a4-9de1-9ca170fc5a3a,3838296.04255208,86831.8849413608
2210,53,NGERIA DISP,0,RIFT VALLEY,UASIN GISHU,KESSES,MEGUN,SONGOLIET(UG),HD MAPS,4,MOH,0.384492,35.3247,9a5e8e6a-67d5-470f-82d9-7bd8ae33deae,3932327.61642516,42801.7749028866
2211,44,MUKUYUNI DISP,4238,WESTERN,BUNGOMA,TONGAREN,NAITIRI,MILIMA,DDP,4,MISS,0.776773,34.8246,d3d8a970-9273-4fb7-a111-52ffba51dfc9,3876656.73907944,86472.6237918269
2212,55,P.C.E.A PLATEAU HOSPITAL,1926,RIFT VALLEY,UASIN GISHU,AINABKOI,CHEPKERO,KILEGES,HD MAPS,1,MISS,0.404511,35.4251,adb3da43-b3e0-488c-ae82-6da4641ecbbc,3943504.0933008,45030.3326259924
2213,45,NAITIRI HEALTH CENTRE,2233,WESTERN,BUNGOMA,TONGAREN,NAITIRI,MILIMA,AMKENI,3,MOH,0.756302,34.890797,d48e0e51-282e-4660-a4d0-cff2f268d1f8,3884025.75541149,84193.5985287413
2214,46,NDALU HEALTH CENTRE,2234,WESTERN,BUNGOMA,TONGAREN,NDALU,NDALU,AMKENI,3,MOH,0.843136,34.993038,ca276976-0d6c-413e-b24a-66ca40de4370,3895407.17146968,93860.8577815518
2215,58,SABOR DISP (UASIN GISHU),1906,RIFT VALLEY,UASIN GISHU,AINABKOI,KAPNGE'TUNY,KAPNG'ETUNY,DISTRICT ESTIMATES,4,MOH,0.17231,35.5641,0ec8d359-6927-4b61-85ff-b46c2bc0b026,3958977.50252107,19181.4903725223
2216,47,NGWELO DISP,3196,WESTERN,BUNGOMA,KANDUYI,E.BUKUSU,WEST SANGALO,ILRI MKT CENTRES,4,MISS,0.545875,34.601533,92897516-abb3-42c9-a680-56cf179da672,3851825.03422666,60767.4463513988
2217,59,SAMBUT DISP,0,RIFT VALLEY,UASIN GISHU,TURBO,KAMAGUT,LESERU,HD MAPS,4,MOH,0.635844,35.1469,b5b84a71-4296-4caa-9f96-b48a7e0a9ff0,3912535.01096211,70783.2832175965
2218,48,SHIKENDU DISP,0,WESTERN,BUNGOMA,KIMILILI,MAENI,SIKHENDI,DDP,4,MOH,0.765231,34.7681,a23c5775-6204-454f-9241-1458a046763a,3870367.18784962,85187.6578891276
2219,60,SEGERO S.D.A DISP,1907,RIFT VALLEY,UASIN GISHU,SOY,SEGERO,SEGERO,HD MAPS,4,MISS,0.930765,35.2573,7ad9c14e-65f2-4e30-bcba-29d860f72ed3,3924824.68274569,103616.843314668
2220,5,CHEPTERIT MISSION DISP,2050,RIFT VALLEY,NANDI,KOSIRAI,CHEPTERIT,SEGUT(NANDI),HD MAPS,4,MISS,0.23985,35.1263,71e3a2e4-7a75-4283-85ca-e72a4cec7fc2,3910241.82945177,26700.0578490224
2221,8,BANITA DISP,1715,RIFT VALLEY,NAKURU,RONGAI,MAKONGENI,BANITA,GPS,4,MOH,-0.07274,36.07525,df6dbfb2-ca0e-4241-b29e-a991b65e5f11,4015878.46024005,-8097.38193547546
2222,49,SIRAKARU (FRIENDS) DISP,3197,WESTERN,BUNGOMA,KIMILILI,KIMILILI,TOWNSHIP(KIMILILI),ILRI MKT CENTRES,4,MISS,0.777262,34.708107,efa4bbc2-06a3-4e30-82f5-18f6c74cf18b,3863688.79763846,86527.0640289278
2223,6,CHEPTERWAI DISP,2051,RIFT VALLEY,NANDI,KIPKAREN,KAPKOIMUR,KAPKOIMUR,HD MAPS,4,MOH,0.52203,34.9656,f2fe41cf-a356-49a9-bf23-7a351743d4ad,3892352.78728129,58112.9178048179
2224,9,BARAKA MISSION DISP(NAKURU),1717,RIFT VALLEY,NAKURU,MOLO,MOLO,MOLO,ILRI VILLAGES,4,MISS,-0.25,35.73,b084c2c9-62a6-4c69-aa32-1de17224f69e,3977445.40604367,-27829.9610056503
2225,61,SENGALO DISP,3981,RIFT VALLEY,UASIN GISHU,KESSES,TARAKWA,TARAKWA(UG),DISTRICT ESTIMATES,4,MOH,0.28124,35.3941,3498c563-9f76-4a0f-8686-fad6bec267d3,3940053.18908621,31307.6193119208
2226,50,SIRISIA HEALTH CENTRE,2235,WESTERN,BUNGOMA,SIRISIA,SIRISIA,N. KULISIRU,AMKENI,3,MOH,0.753888,34.509054,b2d3a4fd-c559-493d-a3d4-844aa0928a02,3841530.31903759,83924.8499397211
2227,10,CHEBARA HEALTH CENTRE,3984,RIFT VALLEY,NAKURU,KERINGET,CHEBARA,CHEBARA(NAKURU),GPS,3,MOH,-0.47481,35.6792,a799ea33-fcc9-4882-bd2b-4c4fa0570731,3971790.37591137,-52856.2124045304
2228,7,KABIEMIT DISP,0,RIFT VALLEY,NANDI,KIPKAREN,KABIEMIT,KAPLEMUR,ILRI MKT CENTRES,4,MOH,0.521044,35.073836,54ae15a2-8b9c-44a4-b34c-04c4747501ae,3904401.56368679,58003.1522395518
2229,62,SERGOIT DISP,1908,RIFT VALLEY,UASIN GISHU,MOIBEN,SERGOIT,SERGOIT(UG),DISTRICT ESTIMATES,4,MOH,0.69421,35.3521,2833dadb-ef13-4c78-ae45-dc6ff6af0849,3935377.77047289,77280.9945803951
2230,51,SITUKHO DISP,0,WESTERN,BUNGOMA,WEBUYE,SITIKHO,SITIKHO,DDP,4,MOH,0.474377,34.663,b7afd7fb-6aa3-4ccf-862f-4a77f727d1c9,3858667.50936725,52808.0094113953
2231,63,SERGOIT DISP,1910,RIFT VALLEY,UASIN GISHU,MOIBEN,SERGOIT,SERGOIT(UG),1:50000 MAPS,4,MISS,0.69729,35.403018,2c99f840-e231-446b-84de-b7a37f024755,3941045.9363051,77623.8838922394
2232,8,KABIRISANG DISP,2053,RIFT VALLEY,NANDI,KILIBWONI,KABIRIRSANG,UNDERIT,HD MAPS,4,MOH,0.173029,35.1622,05408aff-5928-491d-bbb2-5bce23277d9b,3914238.19917125,19261.529449866
2233,11,CHEPAKUNDI DISP,2814,RIFT VALLEY,NAKURU,OLENGURUONE,KAPLAMAI,CHEPAKUNDI,GPS,4,MOH,-0.67506,35.6553,cb29cfb7-5aec-4d14-828e-4587683cabd4,3969129.84008141,-75149.0741238348
2234,64,SIRIKWA DISP,3048,RIFT VALLEY,UASIN GISHU,SOY,SIRIKWA,SIRIKWA(UG),DISTRICT ESTIMATES,4,MOH,0.86214,35.2834,4391333a-86c5-4fdf-b89a-3cbf549667fa,3927730.12145539,95976.6076609108
2235,9,KABIYET H C,2087,RIFT VALLEY,NANDI,KAPSABET,KAMOIYWO,KAMOIYWO,HD MAPS,3,MOH,0.38533,35.098,14dee684-a71f-4559-bf5d-4ee89bb9617c,3907091.48786232,42895.0627412579
2236,52,SOY SAMBU DISP,3123,WESTERN,BUNGOMA,KIMILILI,KAMUKUYWA,NABIKOTO,ILRI VILLAGES,4,MISS,0.77,34.8,526f22af-0450-4a7f-a079-64ce61bc7918,3873918.27960593,85718.5881887158
2237,13,CRESCENT MEDICAL DISP,2817,RIFT VALLEY,NAKURU,NAKURU MUNI.,CENTRAL,AFRAHA,GPS,4,MISS,-0.28508,36.07409,d735debf-6eff-4f81-ac18-4991c0cebf63,4015749.32963073,-31735.0913769378
2238,14,EBURRU DISP,1719,RIFT VALLEY,NAKURU,GILGIL,GILGIL,EBURRU,DDP,4,MOH,-0.584415,36.307,eb0ce6e2-0189-4516-99e9-b8e9c988604c,4041676.75223139,-65057.9083183276
2239,53,ST LAOS MEDICAL DISP,0,WESTERN,BUNGOMA,KANDUYI,E.BUKUSU,E. SANGALO,ILRI MKT CENTRES,4,NGO,0.540464,34.631622,13b3ca79-f8c2-4520-826b-6c82dbc158bb,3855174.52638514,60165.0695182245
2240,65,SOSIAN HEALTH CENTRE,1921,RIFT VALLEY,UASIN GISHU,TURBO,SUGOI,SOSIANI,HD MAPS,3,MOH,0.580757,35.1351,2ad5706d-c33b-493b-8f49-225e79ffb84c,3911221.44097076,64650.680569667
2241,10,KABRISANG DISP,4420,RIFT VALLEY,NANDI,KILIBWONI,KABIRIRSANG,KABIRIRSANG,ILRI MKT CENTRES,4,MOH,0.171938,35.167341,f66b56c4-7ff0-4dc2-a2ea-39af85aeb1af,3914810.49267342,19140.0793350882
2242,11,KABUNYERIA DISP,2055,RIFT VALLEY,NANDI,NANDI HILLS,SIRET,TAITO,HD MAPS,4,MOH,0.09436,35.2259,862683a6-40ee-4270-b43a-4eea391736a9,3921329.25073478,10504.1118995653
2243,66,SOSIANI DISP,0,RIFT VALLEY,UASIN GISHU,TURBO,SUGOI,SOSIANI,ILRI MKT CENTRES,4,MISS,0.566903,35.157856,fe654171-4a69-40c3-aff5-8d1400fa1031,3913754.62730324,63108.3829912638
2244,55,ST. ANTHONY HC (KIBABII),2217,WESTERN,BUNGOMA,KANDUYI,KIBABII,TUUTI,ILRI VILLAGES,4,MISS,0.62,34.52,afe7ab39-06f8-4839-a953-ab2516af7176,3842748.82218381,69019.4312759639
2245,15,ELBURGON HOSPITAL,1764,RIFT VALLEY,NAKURU,ELBURGON,ELBURGON,ELBURGON,GPS,1,MOH,-0.30325,35.80739,d66e4f59-472a-45e9-b8a9-3aa332b946d1,3986060.42143616,-33757.7931917457
2246,16,EMETIK DISP,1721,RIFT VALLEY,NAKURU,OLENGURUONE,EMITIK,EMITIK,GPS,4,MOH,-0.62071,35.60274,bdbdbcc9-6715-4dad-8aaf-70ee5d3a4dd8,3963278.88764532,-69098.4727473515
2247,56,TAMLEGA DISP,3122,WESTERN,BUNGOMA,MALAKISI,MALAKISI,TAMULEGA,SUBLOC CENTROID,4,MOH,0.713581,34.417107,e0ac9bd8-55dd-40cc-b237-6317933010cc,3831294.82581762,79437.5271858371
2248,67,SOY HEALTH CENTRE,1922,RIFT VALLEY,UASIN GISHU,SOY,SOY,SOY(UG),HD MAPS,3,MOH,0.690475,35.1742,eaebf92e-0049-4e43-b907-cbfd0ac6ae5c,3915574.03306077,76865.1859254801
2249,13,KAIBOI HOSPITAL,2088,RIFT VALLEY,NANDI,KABIYET,LOLKERINGET,KAIBOI,HD MAPS,1,MISS,0.42375,35.0155,0a72d9cb-1bac-4182-91ec-c108b851f9cb,3897907.62987187,47172.0642645608
2250,68,TANGASIR DISP,2965,RIFT VALLEY,UASIN GISHU,MOIBEN,MEIBEKI,MEIBEKI,HD MAPS,4,MOH,0.923884,35.3919,e4966d54-9c4c-4d0f-ac29-8e8eecb59c43,3939808.28620647,102850.753561687
2251,17,ENGASHURA DISP,3455,RIFT VALLEY,NAKURU,BAHATI,BAHATI,KABATINI,GPS,4,MOH,-0.25569,36.13368,1bc15a8c-9ea2-4afb-9d07-d0be4330977a,4022382.8580871,-28463.3750761866
2252,14,KAIGAT MISSION H C,2089,RIFT VALLEY,NANDI,KIPKAREN,KABIEMIT,KABIEMIT(NANDI),HD MAPS,3,MISS,0.51519,35.0814,bd714bfe-3519-4513-b9c8-261bd27a9844,3905243.58431515,57351.4612949546
2253,57,TEREMI (FRIENDS) DISP,3198,WESTERN,BUNGOMA,CHWELE,CHWELE,SIKULU,ILRI VILLAGES,4,MISS,0.75,34.63,d127cbd0-6f92-432c-b13e-bfe744fecc59,3854993.96617107,83492.0024838553
2254,18,EVERBEST NURSING HOME,0,RIFT VALLEY,NAKURU,MOLO,MOLO,MOLO,GPS,4,MISS,-0.26138,35.74411,d2b072d0-1573-4ec2-a187-71e405d55826,3979016.12405876,-29096.7894274407
2255,69,TARAKWA DISP,2963,RIFT VALLEY,UASIN GISHU,SOY,KIPSOMBA,KIPSOMBA,HD MAPS,4,MOH,0.75862,35.1929,8ef2de7e-2338-495a-959b-f6733385116f,3917655.7075386,84451.659659198
2256,15,KAPCHUMBA DISP,0,RIFT VALLEY,NANDI,KOSIRAI,NGECHEK,LELBOINET(NANDI),SUBLOC CENTROID,4,MOH,0.287142,35.196595,231ab021-eccc-479b-8495-c30ac923ffba,3918067.03305709,31964.6350289038
2257,58,TONGARENI DISP,2236,WESTERN,BUNGOMA,TONGAREN,TONGAREN,TONGAREN,1:50000 MAPS,4,MOH,0.788315,34.9608,f4379101-bb8e-4b9b-87d0-9c5922581072,3891818.45372549,87757.5932040528
2258,59,WEBUYE DISTRICT HOSPITAL,2240,WESTERN,BUNGOMA,WEBUYE,WEBUYE,MARAKA,HD MAPS,1,MOH,0.5971,34.7585,7e29e43d-ad92-4ae1-a527-1dfa30e75d05,3869298.520738,66470.0711246286
2259,19,GILGIL HOSPITAL,1790,RIFT VALLEY,NAKURU,GILGIL,GILGIL,GILGIL,GPS,1,MOH,-0.50339,36.32343,21668cd9-01ee-4f8f-9c16-2ff03e5437db,4043505.73146512,-56037.8394066151
2260,16,KAPKANGANI H C,2057,RIFT VALLEY,NANDI,KAPSABET,KIPTUIYA,KIPTUIYA,HD MAPS,3,MOH,0.20665,35.0062,27b8f146-1ef0-41a3-b32f-105b0c14dcaf,3896872.3586075,23004.2226473671
2261,72,TULWET DISP,1862,RIFT VALLEY,UASIN GISHU,KESSES,TULWET,TULWET(UG),DISTRICT ESTIMATES,4,MOH,0.27412,35.3241,29ef8061-11e8-4c31-9aaa-249c452a5185,3932260.82473068,30515.0152286847
2262,17,KAPKERER HEALTH CENTRE,0,RIFT VALLEY,NANDI,ALDAI,KAPKERER,KAPKERER,1:50000 MAPS,3,MISS,0.006594,34.7964,522c3129-8d90-41e6-93ff-18fcf6332404,3873517.52943907,734.040723918555
2263,60,WEBUYE HEALTH CENTRE,2475,WESTERN,BUNGOMA,WEBUYE,WEBUYE,TOWNSHIP(WEBUYE),DDP,3,MOH,0.603646,34.7669,bf67b5bc-597d-480c-b51c-93323c06e9da,3870233.60446067,67198.8085185819
2264,20,GILIGIL SISTERS HEALTH CENTRE,0,RIFT VALLEY,NAKURU,GILGIL,GILGIL,GILGIL,DDP,3,MISS,-0.47015,36.33,fc9095f6-366b-4e75-acf3-9531ce25bf80,4044237.10051963,-52337.4459388151
2265,73,TURBO MISSION DISP,1913,RIFT VALLEY,UASIN GISHU,TURBO,TAPSAGOI,TURBO,ILRI MKT CENTRES,4,MISS,0.635623,35.0498,cba2ca1f-d882-48e9-9f8f-0ecf953c06ea,3901725.88840609,70758.6800956681
2266,1,ACTION AID CLINIC (NAMBALE),3166,WESTERN,BUSIA,NAMBALE,NAMBALE T/SHIP,NAMBALE TOWNSHIP,ILRI MKT CENTRES,4,NGO,0.451889,34.249569,f90d9db4-e418-414c-8c53-7ae30d2bcf9c,3812644.5809691,50304.5749020409
2267,21,GITARE SISTERS DISP,3610,RIFT VALLEY,NAKURU,GILGIL,GILGIL,GILGIL,GPS,4,MISS,-0.49887,36.31849,fefcc09d-fa3f-4104-bb2c-1e506e1ae638,4042955.8131806,-55534.6560617183
2268,18,KAPKERER MISSION DISP,2414,RIFT VALLEY,NANDI,ALDAI,KAPKERER,KAPKERER,HD MAPS,4,MISS,0.01381,34.7982,ad4af3cf-b3ef-4a52-8668-12ecefd14853,3873717.9045225,1537.32218274439
2269,74,TURBO RURAL HEALTH DEMONSTRATION CENTRE,1928,RIFT VALLEY,UASIN GISHU,TURBO,TAPSAGOI,TURBO,HD MAPS,3,MOH,0.622182,35.0413,21759b40-dbec-4c1c-b537-03eeadb9a94f,3900779.67273434,69262.3446768103
2270,2,AGENGA DISP,2244,WESTERN,BUSIA,FUNYULA,AGENGA,AGENGA,AMKENI,4,MOH,0.252663,34.070668,b22f64c2-af80-4de6-b009-cab430738b47,3792729.41274669,28126.4076617669
2271,23,HEKIMA HEALTH CENTRE,1725,RIFT VALLEY,NAKURU,NAKURU MUNI.,CENTRAL,BAHARINI,GPS,3,MISS,-0.3012,36.08373,1ce65832-27c1-4fe8-8bb2-711ca46c8b66,4016822.44952198,-33529.5850608138
2272,19,KAPKOLEI DISP,2058,RIFT VALLEY,NANDI,ALDAI,KAPKOLEI,KIMOLWO,HD MAPS,4,MOH,0.01703,34.9996,15205eb3-e27a-4c90-bcfc-71dab583a01b,3896137.64996826,1895.77095612658
2273,75,UHURU DISP,3321,RIFT VALLEY,UASIN GISHU,AINABKOI,KAPTAGAT,TENDWO,HD MAPS,4,MOH,0.495567,35.4284,7afa5e9a-13e5-48f1-b744-f1d4b697783c,3943871.44762042,55166.9539379574
2274,24,HURUMA HEALTH CENTRE,1726,RIFT VALLEY,NAKURU,NJORO,NJORO,NJORO(NAKURU),GPS,3,MISS,-0.33391,35.93955,8858912b-9eb6-4b51-9614-9322bbd45bbb,4000772.4053394,-37170.9015809136
2275,43,BUDALANGI DISP,0,WESTERN,BUSIA,BUDALANGI,BUNYALA EAST,BUDALANGI,AMKENI,4,MOH,0.130355,34.027765,41ecc3c7-e7dd-49a8-8768-0954fc4acca2,3787953.47263318,14511.0647410372
2276,20,KAPSABET DISTRICT HOSP.,2096,RIFT VALLEY,NANDI,KAPSABET,KAPSABET,TOWNSHIP(KAPSABET),HD MAPS,1,MOH,0.2028,35.0954,8be0490d-5045-44b6-ac02-8161e7d3bfb4,3906802.05718626,22575.6398718292
2277,76,ZIWA DISP,2964,RIFT VALLEY,UASIN GISHU,SOY,ZIWA,KEROTET,HD MAPS,4,MOH,0.865212,35.2372,1db145b8-d386-4e0c-9191-d0bce34a6b07,3922587.16098074,96318.6199928368
2278,25,IKUMBI DISP,3,RIFT VALLEY,NAKURU,KERINGET,CHEMANER,CHEMANER(NAKURU),DDP,4,MOH,-0.419557,35.6018,1f653726-c0c2-434c-8474-388f94a9ca3d,3963174.24732397,-46705.2889996961
2279,3,BUDUTA DISP,2243,WESTERN,BUSIA,FUNYULA,AGENGA,AJIBO,AMKENI,4,MOH,0.22236,34.109533,cd51846c-80c9-45bf-b880-32649be0fc73,3797055.84475637,24753.0641092316
2280,21,KAPSABET FOREST DISP,1882,RIFT VALLEY,NANDI,KAPSABET,KAPSABET,KAMOBO,1:50000 MAPS,4,MOH,0.19234,35.0608,badf72ab-19ff-4a5c-977f-c4ece20ec686,3902950.40280481,21411.2310738764
2281,26,INDUSTRIAL AREA DISP,3499,RIFT VALLEY,NAKURU,NAKURU MUNI.,KAPTEMBWO,VIWANDA,GPS,4,MOH,-0.28027,36.04289,d154917a-be9e-4165-b051-b74bdd79d4a7,4012276.16151798,-31199.63810948
2282,2,AIC MAKUTANO DISP,0,RIFT VALLEY,WEST POKOT,KAPENGURIA,MNANGEI,PSIGIRIO,DHMT,4,MISS,1.22044,35.101471,689a3898-a51a-49a7-8180-952644cecbb8,3907477.87781487,135869.034141008
2283,22,KAPSABET SUB HEALTH CENTRE,2046,RIFT VALLEY,NANDI,KAPSABET,KIPTUIYA,KIPTUIYA,1:50000 MAPS,3,MISS,0.20045,35.01892,cce773d0-5f96-4a4a-977d-562d9e6c3164,3898288.34253039,22314.0374486736
2284,4,BUJUMBA ACK DISP,3199,WESTERN,BUSIA,BUTULA,BUJUMBA,BUJUMBA,AMKENI,4,MISS,0.322439,34.214092,d39c9be1-0f37-4310-b8f8-6251ffd0dfa7,3808695.29939422,35893.934753334
2285,27,KABARAK HIGH SCHOOL H C,1727,RIFT VALLEY,NAKURU,RONGAI,KAMPI YA MOTO,MAKUTANO(NAKURU),GPS,4,MOH,-0.16334,35.967,ea608404-d662-4cb9-ba0b-d5c843a8d10b,4003828.12536167,-18182.9502555346
2286,3,ALALE AIC DISP,2174,RIFT VALLEY,WEST POKOT,ALALE,ALALE,ALALE,SUBLOC CENTROID,4,MISS,2.247847,35.008339,387a8612-0de9-49ed-92fa-3ac5b8646e6f,3897110.4709983,250293.399250434
2287,23,KAPSENGER DISP,4418,RIFT VALLEY,NANDI,ALDAI,TERIK,KAPSENGERE(NANDI),SUBLOC CENTROID,4,MOH,-0.01034,34.757311,bc711fd7-6c03-4b14-b7ad-6cb268f7ec7f,3869166.16186345,-1151.04354104291
2288,5,BUMALA ' B ' H C,2254,WESTERN,BUSIA,BUTULA,ELUKHARI,BUKATI,HD MAPS,3,MOH,0.35675,34.3574,83fd107f-329c-4e45-8322-338e6790feb9,3824648.27298082,39713.4849488929
2289,24,KAPSISIYWA DISP,2060,RIFT VALLEY,NANDI,KAPSABET,KAPSISIYWA,TALAI(NANDI),HD MAPS,4,MOH,0.312137,35.0656,b7836a7d-cea8-4e4c-a1b5-654bc9eaa0a7,3903484.73636062,34747.1037731279
2290,4,AMAKURIAT DISP,2176,RIFT VALLEY,WEST POKOT,ALALE,KALAPATA,KALAPATA(WPOKOT),DDP,4,MISS,2.32355,35.0309,4d246294-4910-4a2a-beef-374681a1092c,3899621.95003009,258727.329470223
2291,28,KABATINI DISP,1728,RIFT VALLEY,NAKURU,BAHATI,BAHATI,WENDO,GPS,4,MOH,-0.21116,36.16205,95c770c1-f602-45f1-938c-b37e9c76aed6,4025540.99204091,-23506.2768880931
2292,6,BUMULA 'A' HEALTH CENTRE,0,WESTERN,BUSIA,BUTULA,BUMALA,BUKHAKHALA,GPS,3,MOH,0.30231,34.1914,daafc76c-9316-4975-8ed9-d10864a7e36e,3806169.23750914,33653.151409298
2293,25,KAPTUMEK DISP,2062,RIFT VALLEY,NANDI,ALDAI,MARABA,KAPTUMEK,HD MAPS,4,MOH,-0.01964,34.8252,60b10700-44d0-4710-be34-e86ce0a73b80,3876723.53077392,-2186.31484198684
2294,7,ARPOLO DISP,2177,RIFT VALLEY,WEST POKOT,CHESEGON,LOMUT,PTIASIS,DDP,4,MOH,1.37708,35.6136,5200482b-02c5-4c11-97a5-fc1bad5f229f,3964487.81731534,153310.605352816
2295,29,KABAZI DISP,4433,RIFT VALLEY,NAKURU,BAHATI,KABAZI,KABAZI,GPS,4,MOH,-0.07341,36.16727,5fe2c736-8b00-427b-8485-1c9b3778faf1,4026122.07978284,-8171.96605497024
2296,7,BUSEMBE DISP,2480,WESTERN,BUSIA,FUNYULA,BWIRI,BUSEMBE,AMKENI,4,MOH,0.184948,34.016435,d8f45a0a-d112-4717-89b2-6cc198586a2d,3786692.2228025,20588.352937246
2297,30,KAMPI YA MOTO DISP,3848,RIFT VALLEY,NAKURU,RONGAI,KAMPI YA MOTO,MAKUTANO(NAKURU),DDP,4,MOH,-0.138485,35.9473,5540b111-8a56-4fea-b329-57621417290b,4001635.13139305,-15416.0946925988
2298,26,KAPTUMO H C,2090,RIFT VALLEY,NANDI,KAPTUMO,KAPTUMO,IBANJA,HD MAPS,3,MOH,0.09013,35.0708,5121cc96-71f8-4d08-be9c-92096973d8b6,3904063.59771275,10033.2298431327
2299,9,CHEPARERIA HEALTH CENTRE,0,RIFT VALLEY,WEST POKOT,CHEPARERIA,KIPKOMO,CHEPARERIA,DHMT,3,MOH,1.32957,35.201558,a44fe1b0-5c6a-4405-bbb9-721bed863d7f,3918619.51168989,148020.340533999
2300,8,BUSIA DISTRICT HOSPITAL,2264,WESTERN,BUSIA,TOWNSHIP,TOWNSHIP,MJINI CENTRAL,AMKENI,1,MOH,0.460407,34.104497,1e5ad80d-fec1-45e7-bcd8-47f132bb1140,3796495.23980073,51252.8243763282
2301,31,KAMWAURA DISP/IKUMBI DISP,2808,RIFT VALLEY,NAKURU,KERINGET,TEMIYOTTA,CHEPTAGUM(NAKURU),GPS,4,MOH,-0.41059,35.57717,783bbe46-52b5-4d98-b9a8-5993a4a83c1f,3960432.44826573,-45707.0609306866
2302,10,CHEPARERIA S.D.A HEALTH CENTRE,2495,RIFT VALLEY,WEST POKOT,CHEPARERIA,KIPKOMO,CHEPARERIA,SUBLOC CENTROID,3,MISS,1.320373,35.207062,6fa9c907-1857-426b-b882-58f0827c9c21,3919232.21416722,146996.261364382
2303,28,KEBEN DISP,4316,RIFT VALLEY,NANDI,KILIBWONI,KOILOT,KEBEN,SUBLOC CENTROID,4,MOH,0.148469,35.313199,9571496a-cbc3-4aef-8e6e-70ce15a63037,3931047.33096154,16527.5119748005
2304,9,BUSIBWABU DISPENSARY,0,WESTERN,BUSIA,MATAYOS,BUSIBWABO,NAKHAKINA,AMKENI,4,MOH,0.41086,34.201223,9481a8b8-4e5a-4c7c-983d-14ce965d9820,3807262.7288672,45737.1179654866
2305,32,KAPKURES DISP,3871,RIFT VALLEY,NAKURU,NAKURU MUNI.,BARUTI,BARUTI,GPS,4,MOH,-0.30815,36.03814,8615a534-c93b-44df-b4bb-1f441a373ad9,4011747.39393671,-34303.2664608467
2306,29,KEMELOI H C,2091,RIFT VALLEY,NANDI,ALDAI,MUGEN,KAPKEMICH,HD MAPS,3,MOH,0.06013,34.8735,31887aa4-73a5-49ec-8790-d846bf29d825,3882100.26217923,6693.64221011533
2307,33,KAPSETEK DISP,3983,RIFT VALLEY,NAKURU,NJORO,NJORO,NJORO(NAKURU),ILRI VILLAGES,4,MOH,-0.32,35.95,251289a4-2cad-44b5-b85b-8562c9392edc,4001935.69401819,-35622.4222483127
2308,30,KIBWARENG DISP,0,RIFT VALLEY,NANDI,ALDAI,KIBWARENG,KIBWARENG,1:50000 MAPS,4,MOH,0.010753,34.9498,241ccd98-b722-49e3-badc-875e60e31d14,3890593.93932676,1197.01849152957
2309,34,KAPSIMBEIYWO DISP,3846,RIFT VALLEY,NAKURU,KERINGET,KAPSIMBEIYWO,KAPSIMBEIYWO,GPS,4,MOH,-0.48331,35.72376,8d21d4fb-6a30-49a7-adeb-4e8212152101,3976750.77242112,-53802.4611527139
2310,31,KILIBWONY H C,2092,RIFT VALLEY,NANDI,KILIBWONI,KILIBWON,KILIBWON,HD MAPS,3,MOH,0.21544,35.2239,aac0b6b2-eba4-4af2-9d23-b70ddd516900,3921106.6117532,23982.727610406
2311,35,KARAGITA DISP,3510,RIFT VALLEY,NAKURU,NAIVASHA,HELL'S GATE,MIRERA,GPS,4,MOH,-0.77405,36.43126,c1820428-a89e-4455-a8e9-94f8188105c0,4055509.31215736,-86169.4730569653
2312,33,KIMNG'OROR HEALTH CENTRE,2433,RIFT VALLEY,NANDI,KIPKAREN,KIMNG'OROR,KIMNG'OROR,SUBLOC CENTROID,3,MISS,0.49905,34.954231,f618d390-5993-4f0f-b89e-4806eba24436,3891087.19599046,55554.6943298989
2313,36,KARATE DISP,1729,RIFT VALLEY,NAKURU,NAIVASHA,MALEWA,KARATI(NAKURU),GPS,4,MOH,-0.68848,36.47842,fad788c8-15c7-42e7-aa4e-8c38b1ad0a20,4060759.13934317,-76643.0874606159
2314,34,KIMONDI FOREST DISP,2065,RIFT VALLEY,NANDI,KAPSABET,KAPSABET,KAMOBO,ILRI VILLAGES,4,MOH,0.18,35.05,5ce424f0-802e-470d-b14c-55dcf284fec5,3901748.15230425,20037.5413032573
2315,37,KERINGETI HEALTH CENTRE,2809,RIFT VALLEY,NAKURU,KERINGET,KERINGET,KERINGET(NAKURU),GPS,3,MOH,-0.42267,35.6881,a95311a5-701c-4365-8c77-19ea54519ecf,3972781.11937943,-47051.8359347339
2316,36,KIMWANI DISP,4419,RIFT VALLEY,NANDI,NANDI HILLS,CHEMILIL,KIMWANI,SUBLOC CENTROID,4,MOH,0.007213,35.175167,95de2352-3e3b-4a05-91f1-a613ef0582f5,3915681.67900837,802.947489216481
2317,38,KIAMBOGO DISP,4431,RIFT VALLEY,NAKURU,GILGIL,KIAMBOGO,KONGASIS,DDP,4,MOH,-0.607967,36.1657,26073562-5e8e-4a1e-a6f9-ca83f4b9db75,4025947.3081823,-67679.8469270157
2318,38,KIPSAMOITE DISP,2093,RIFT VALLEY,NANDI,KABIYET,SANGALO,KIPSAMOITE,HD MAPS,4,MOH,0.32675,34.9779,550c7ded-05e6-4e05-991f-e1eeb1adadd5,3893722.01701805,36373.8407795256
2319,39,KIANJOYA DISP,2810,RIFT VALLEY,NAKURU,MAU NAROK,MAU NAROK,KIANJOYA,GPS,4,MOH,-0.54155,36.05639,c9b8e0fb-59e7-45d3-9803-ed72f3bc68a8,4013778.97464369,-60285.9678747114
2320,39,KOBUJOI FOREST DISP,2069,RIFT VALLEY,NANDI,ALDAI,CHEBILAT,KIPTARUSWO,HD MAPS,4,MOH,0.06592,34.9359,304e51f7-74c5-4b92-b5de-5cb8cd05f306,3889046.59840473,7338.18245202273
2321,40,KINGS MEDICAL DISP,3985,RIFT VALLEY,NAKURU,NAKURU MUNI.,CENTRAL,AFRAHA,GPS,4,MISS,-0.29509,36.06858,689b9628-0819-4f6c-a62b-90601f62bb2a,4015135.95923646,-32849.4137630716
2322,40,KOBUJOI HOSPITAL,2094,RIFT VALLEY,NANDI,ALDAI,MUGEN,KAMIMEI,HD MAPS,1,MISS,0.0646,34.9257,76e63d0f-3df7-4685-bb18-c14d31818e73,3887911.13959864,7191.2406288547
2323,41,KIPSYENAN HEALTH CENTRE,4629,RIFT VALLEY,NAKURU,RONGAI,KAMPI YA MOTO,MAKUTANO(NAKURU),GPS,3,MOH,-0.08323,35.9429,d405509e-0e04-4b63-b77e-0e4ca6ec9bc3,4001145.32563356,-9265.12447719583
2324,41,KOMBE DISP,4312,RIFT VALLEY,NANDI,KAPSABET,KAPTEL,KOMBE(NANDI),HD MAPS,4,MOH,0.24473,35.0404,89dd5a11-a4f1-4648-90f6-20716eda8d4f,3900679.48519263,27243.3018215047
2325,42,KURESOI H C,4626,RIFT VALLEY,NAKURU,KURESOI,KIPTORORO,CHEMATICH(NAKURU),GPS,3,MOH,-0.42423,35.53203,a2066b32-0ae2-40f7-903c-599c1dca8139,3955407.48645133,-47225.4990831808
2326,42,KOYO DISP,0,RIFT VALLEY,NANDI,KAPTUMO,KOYO,KOYO,1:50000 MAPS,4,MOH,0.036805,35.0542,4ed2aba2-61eb-4e72-b902-d8068ef8c37a,3902215.69416557,4097.11414042388
2327,43,LAKE NAKURU PARK DISP,0,RIFT VALLEY,NAKURU,NAKURU MUNI.,LAKE NAKURU,LAKE NAKURU(NAT.PARK,DDP,4,MOH,-0.372455,36.0571,64fa5ca3-a4af-4410-b1df-38f50889fda8,4013858.01148215,-41461.7929554113
2328,44,LANGALANGA DISP,1734,RIFT VALLEY,NAKURU,NAKURU MUNI.,CENTRAL,BAHARINI,GPS,4,MOH,-0.29958,36.07136,95bfcf40-591d-4706-a47c-2e3b683dc772,4015445.42742086,-33349.2450072332
2329,43,LESSOS DISP,1893,RIFT VALLEY,NANDI,KAPSABET,KIPTUIYA,KIPTUIYA,ILRI MKT CENTRES,4,MISS,0.216206,34.9885,38d51ca4-ef02-4d18-bf21-a75b751557a2,3894902.00362046,24067.9989453082
2330,45,LELECHWET DISP,1735,RIFT VALLEY,NAKURU,RONGAI,BOROR,BOROR,GPS,4,MOH,-0.2212,35.83034,10473ae1-102c-49c6-b509-b5995e231b47,3988615.20374987,-24623.9325325089
2331,44,LOLMININGAI DISP,2072,RIFT VALLEY,NANDI,KILIBWONI,LOLMININGAI,LOLMININGAI,HD MAPS,4,MOH,0.24945,35.2292,cf2a3bcd-c188-4a96-9431-5b8a8c51d12d,3921696.6050544,27768.7347041728
2332,45,MARABA DISP,2073,RIFT VALLEY,NANDI,ALDAI,MARABA,TIRIKWO,HD MAPS,4,MOH,0.00738,34.8999,e4c6381a-4842-4de7-9032-37ecf85b4966,3885039.09673618,821.537844334187
2333,46,LENGINET DISP,2419,RIFT VALLEY,NAKURU,RONGAI,LENGINET,KAMUNGEI(NAKURU),DDP,4,MOH,-0.20297,35.9802,7f20e85e-7a21-4df5-b30a-37be6ad14f2f,4005297.54264014,-22594.5643038992
2334,46,MARICH DISP,0,RIFT VALLEY,NANDI,KIPKAREN,KIPKAREN,LABORET,ILRI VILLAGES,4,MISS,0.52,35.042,4742bcaf-53e5-404e-8bb5-b7b5ef5e9ce9,3900857.5963779,57886.9298950441
2335,47,LIKIA DISP,1736,RIFT VALLEY,NAKURU,MAU NAROK,MAU NAROK,SIAPEI,GPS,4,MOH,-0.53282,35.96498,36ea4d11-e454-4691-80f6-2ab28b95dcd3,4003603.25999027,-59314.106004789
2336,47,MBOGO VALLEY DISP,4315,RIFT VALLEY,NANDI,TINDERET,TINDERET,MBOGO VALLEY,SUBLOC CENTROID,4,MISS,-0.068176,35.3058,3b0df10c-3d2f-454f-8d3d-c3600e523f4b,3930223.67804916,-7589.31939520732
2337,48,LONGONOT DISP,1737,RIFT VALLEY,NAKURU,NAIVASHA,LONGONOT,LONGONOT,GPS,4,MOH,-0.88025,36.49549,0539c14f-2305-47c9-8a49-c25d10e61d03,4062659.36305102,-97992.8367178886
2338,49,LOWER SOLAI H C,1739,RIFT VALLEY,NAKURU,MBOGOINI,MAJI TAMU,LOWER SOLAI,GPS,3,MOH,0.03186,36.16924,5be78b0b-9d81-4541-8b88-75ab9e2b2751,4026341.37917971,3546.63915945182
2339,48,METETEI H C,2095,RIFT VALLEY,NANDI,TINDERET,KAMELIL,NGATIPKONG,HD MAPS,3,MOH,0.02113,35.3743,d97b57d8-975d-44f2-a0ef-ae8542633c24,3937849.0631685,2352.1808937817
2340,50,LOWER SUBUKIA MISSION DISP,3134,RIFT VALLEY,NAKURU,MBOGOINI,SUBUKIA,WEI,ILRI VILLAGES,4,MISS,0.02,36.22,285455fe-fbc2-4175-9c37-b0733164c38f,4031991.95653237,2226.38986108196
2341,49,MOSORIOT R H T C / COLLEGE DISP,2098,RIFT VALLEY,NANDI,KOSIRAI,KOSIRAI,NDAPTABWA,HD MAPS,4,MOH,0.291822,35.15,b38d58a7-583d-4b1b-b730-d6e084c9ff75,3912880.10138357,32485.6168954648
2342,51,MAIELLA HEALTH CENTRE,2774,RIFT VALLEY,NAKURU,NAIVASHA,MAIELLA,MAIELLA,DDP,3,MOH,-0.916299,36.2144,720a7359-3d02-4044-ae67-6581860f78c4,4031368.56738393,-102006.286340351
2343,50,NANDI HILLS SUB-DIST HOSP,2097,RIFT VALLEY,NANDI,NANDI HILLS,NANDI HILLS,KIPSAMOO,HD MAPS,1,MOH,0.1172,35.1831,02f5b515-c4b2-4363-8d30-580bbd3ff1af,3916564.77652883,13046.6534192267
2344,52,MAI-MAHIU HEALTH CENTRE,3844,RIFT VALLEY,NAKURU,NAIVASHA,LONGONOT,MAI MAHIU,GPS,3,MOH,-0.97517,36.58334,a097b398-8bbe-4196-85ae-176a8e5dce90,4072438.78031721,-108560.669234952
2345,51,NDALAT MISSION DISP,2075,RIFT VALLEY,NANDI,KIPKAREN,NDALAT,NDALAT,DDP,4,MISS,0.536293,35.1105,35bbad5b-b00d-4edd-a6bb-cf136c5e4b16,3908482.98149724,59700.7354232675
2346,53,MANGU DISP,2775,RIFT VALLEY,NAKURU,RONGAI,LENGINET,KAMUNGEI(NAKURU),GPS,4,MOH,-0.21836,35.95306,7b54ec40-d435-4e98-b4b3-69bc4fb9e60c,4002276.33166002,-24307.7828527137
2347,52,NGECHEK DISP,0,RIFT VALLEY,NANDI,KOSIRAI,NGECHEK,NGECHEK,SUBLOC CENTROID,4,MOH,0.304435,35.22366,dc1cae91-37b3-4251-8cb6-28945fbc1511,3921079.8950754,33889.7086432363
2348,54,MARAIGUSHU DISP,2776,RIFT VALLEY,NAKURU,NAIVASHA,NAIVASHA EAST,MARAIGUSHU,GPS,4,MOH,-0.74767,36.52529,72d23c34-f75d-473f-9a41-b421567efe63,4065976.68387665,-83232.6059161334
2349,53,SEREM DISP (NANDI),2079,RIFT VALLEY,NANDI,ALDAI,MUGEN,TIBINGOT,1:50000 MAPS,4,MOH,0.064964,34.8589,da69ea65-0ae9-401c-99bc-a5821aaf4a61,3880474.99761365,7231.76094940246
2350,54,SERENGONI FOREST DISP,2080,RIFT VALLEY,NANDI,TINDERET,KAPKOROS,KAPKOROS(NANDI),HD MAPS,4,MOH,0.07386,35.3645,e72c97ef-c277-4641-8dc1-1ec7b7656239,3936758.13215873,8222.0598672025
2351,55,MARIASHONI DISP,4620,RIFT VALLEY,NAKURU,ELBURGON,MARIASHONI,KITIRO,DDP,4,MOH,-0.363296,35.7784,5d707d8e-1623-4e30-948b-2c95e9b5f112,3982833.26939806,-40442.1967219962
2352,55,SETEK S F T DISP,2082,RIFT VALLEY,NANDI,TINDERET,METEITEI,METEITEI,HD MAPS,4,MOH,0.00844,35.388,63a842d1-4a16-43a8-9812-fb83c270c303,3939374.14019237,939.536505699259
2353,56,MAU NAROK HEALTH CENTRE,1769,RIFT VALLEY,NAKURU,MAU NAROK,MAU NAROK,SIAPEI,GPS,3,MOH,-0.59855,35.98812,414e9a8c-9c2d-42af-8720-76314a0a516f,4006179.19300723,-66631.4931730896
2354,56,SIRET TEA DISP,2081,RIFT VALLEY,NANDI,NANDI HILLS,SIRET,SIRET(NANDI),SUBLOC CENTROID,4,MOH,0.070201,35.245644,071cfd21-6025-4438-afd7-7f0a11e24028,3923527.142761,7814.74152844541
2355,57,MBOGONI HEALTH CENTRE,2777,RIFT VALLEY,NAKURU,MBOGOINI,MAJI TAMU,CHEMASIS,DDP,3,MOH,0.020773,36.1484,ad4c127a-7937-4798-9991-682710c1fc10,4024021.48099157,2312.43983291043
2356,57,SIRONOI DISP,1991,RIFT VALLEY,NANDI,KAPSABET,CHEMUNDU,KAPTILDIL,HD MAPS,4,MISS,0.28086,35.095,04dab962-3877-4aeb-88cf-354a07a2ba19,3906757.52938994,31265.3173965022
2357,58,MITI MINGI H C,2380,RIFT VALLEY,NAKURU,GILGIL,MITI MINGI,ELEMENTAITA,DDP,3,MOH,-0.554322,36.1199,9d2c8358-4ecb-4cf2-aa2f-4237b3855228,4020848.87550397,-61707.8054316869
2358,58,SOBAR RIVER DISP,2432,RIFT VALLEY,NANDI,TINDERET,KABIRER,CHERONDO,HD MAPS,4,MOH,0.04726,35.3019,59e2075e-750f-4c57-8c23-f167e2256468,3929789.53203507,5260.95973145834
2359,59,MOGOTIO CATHOLIC HEALTH CENTRE,0,RIFT VALLEY,NAKURU,RONGAI,MAKONGENI,LOMOLO,ILRI MKT CENTRES,3,MISS,-0.020078,35.992218,3c639750-884c-4a49-a17a-09ab8127a774,4006635.3802805,-2235.07278188674
2360,59,ST. MARY'S TACHASIS DISP,1969,RIFT VALLEY,NANDI,TINDERET,METEITEI,TACHASIS(NANDI),SUBLOC CENTROID,4,MISS,0.008637,35.355125,a8c9d3f2-3a99-4078-ad3a-d2b33ee07b16,3935714.51193254,961.466445624493
2361,60,MOGOTIO RHDC,1791,RIFT VALLEY,NAKURU,RONGAI,MAKONGENI,LOMOLO,GPS,3,MOH,-0.02213,35.995321,5e83ad1c-cc86-4388-a6c2-49a93f4ad12d,4006980.80466043,-2463.50039250121
2362,60,TACHASIS MISSION DISP,2453,RIFT VALLEY,NANDI,TINDERET,KAMELIL,KAMELIL(NANDI),HD MAPS,4,MISS,0.02504,35.4134,86af0548-3091-46ee-9921-f050f1e7967f,3942201.65525852,2787.44013819996
2363,61,MOLO HOSPITAL,1781,RIFT VALLEY,NAKURU,MOLO,MOLO,MOLO,GPS,1,MOH,-0.24499,35.74045,da294c64-9feb-4cfe-9ef6-10f553fe3aca,3978608.69472246,-27272.245153408
2364,61,TAITO DISP,4417,RIFT VALLEY,NANDI,NANDI HILLS,SIRET,TAITO,SUBLOC CENTROID,4,MOH,0.087399,35.230986,30aa81c4-7f5e-48ae-93be-58874360c8ed,3921895.42166495,9729.21594891408
2365,62,MOLO SOUTH DISP,1745,RIFT VALLEY,NAKURU,KERINGET,NYOTA,OLUBUMBU,GPS,4,MOH,-0.34235,35.66088,3cf83e5d-2db2-4045-8e58-283b7679d40c,3969751.00284004,-38110.4544451449
2366,2,AITONG DISP,1792,RIFT VALLEY,NAROK,MARA,AITONG,MARARIANDA,DDP,4,MISS,-1.19959,35.2267,9fd250a6-9fce-42ea-abcf-402e7af0b484,3921418.30632742,-133547.505061746
2367,63,MOTHER KEVIN DISP,4427,RIFT VALLEY,NAKURU,NAKURU MUNI.,KAPTEMBWO,VIWANDA,GPS,4,MISS,-0.29603,36.05078,db3af8b0-8f0d-4c07-ba5d-beca00943829,4013154.47230033,-32954.0554766789
2368,7,ELANGATA ENTERIT DISP,1796,RIFT VALLEY,NAROK,OSUPUKO,NTUKA,NTUKA,HD MAPS,4,MISS,-1.47849,35.9195,31caf615-a425-406a-bb76-c27c907fefac,3998540.44954899,-164603.022412865
2369,64,MUKINYAI DISP/SACHANGWAN,2752,RIFT VALLEY,NAKURU,MOLO,SACHANGWAN,KABIANGA(NAKURU),GPS,4,MOH,-0.20245,35.78406,1bd51ea8-8e7d-4c7d-9dce-2cf0204a0522,3983463.33771596,-22536.6778064005
2370,9,ENABELBEL HEALTH CENTRE,1826,RIFT VALLEY,NAROK,OLOKURTO,ENABELIBEL,ENENGETIA,1:50000 MAPS,3,MOH,-0.834185,35.8925,901b358c-895e-481c-84f0-10f80d958a8a,3995534.82329758,-92864.3302657845
2371,65,MUNICIPAL COUNCIL OF NAKURU HC,3513,RIFT VALLEY,NAKURU,NAKURU MUNI.,CENTRAL,AFRAHA,GPS,3,LA,-0.28361,36.06971,119bf538-8174-4def-9200-89b2eaa5ed17,4015261.75026105,-31571.4497103114
2372,10,ENAIBOR AJIKJIK DISP,1809,RIFT VALLEY,NAROK,MAU,UPPER MELILI,ENAIBOR AJIJIK,DDP,4,MOH,-0.785478,36.1361,63e10d92-6009-4eee-9fe9-449c602d80f1,4022652.25125482,-87441.7500217738
2373,66,MUTARAKWA DISP,1746,RIFT VALLEY,NAKURU,NJORO,KIHINGO,LUSIRU,GPS,4,MOH,-0.46006,35.98509,756a345f-6528-4ec7-bd1d-b329e5f15f9f,4005841.89495013,-51214.1952667974
2374,11,ENDONYO ERINKA DISP,3232,RIFT VALLEY,NAROK,MARA,OLKINYEI,OLKINYEI(MARA),DHMT,4,MISS,-1.230595,35.394696,315b4930-67a7-4b69-beb3-7be87787e0f1,3940119.53550272,-136999.742212685
2375,67,NAIVASHA DISTRICT HOSPITAL,1782,RIFT VALLEY,NAKURU,NAIVASHA,NAIVASHA TOWN,SOKONI(NAKURU),GPS,1,MOH,-0.71633,36.43753,57ff6b77-57cb-4221-b4bb-003c20df1d93,4056207.28536463,-79743.5682923672
2376,12,ENOOSUPUKIA DISP,1798,RIFT VALLEY,NAROK,MAU,ENOOSUPUKIA,ENOOSUPUKIA,SUBLOC CENTROID,4,MISS,-0.983551,36.236823,de15da10-902b-4514-aab9-01359f5bd4fb,4033864.68432599,-109493.774198791
2377,68,NAKURU DISP,0,RIFT VALLEY,NAKURU,NAKURU MUNI.,CENTRAL,AFRAHA,ILRI MKT CENTRES,4,NGO,-0.281887,36.076919,3d9668a6-fc9c-4609-a685-80b47325b081,4016064.25247018,-31379.6438921299
2378,14,ENTASEKERA HEALTH CENTRE,3452,RIFT VALLEY,NAROK,LOITA,LOITA,NKOPON,HD MAPS,3,MISS,-1.8322,35.8071,6dd913a7-bb8e-4334-aadb-7e3ad94b7585,3986028.13878383,-203994.341006326
2379,69,NAKURU PGH ANNEX,3842,RIFT VALLEY,NAKURU,NAKURU MUNI.,CENTRAL,AFRAHA,GPS,2,MOH,-0.2797,36.08029,1a5dff95-20d2-4473-a097-756bd172ba17,4016439.51047365,-31136.1852421153
2380,15,ENTOLTOL DISP,3220,RIFT VALLEY,NAROK,OLOKURTO,ENABELIBEL,KISIRIRI,DHMT,4,MOH,-0.940773,35.879847,8881404c-8fef-45a5-8f4a-c0b3323d444b,3994126.29778057,-104731.077383364
2381,70,NAKURU PROVINCIAL GENERAL HOSP,1783,RIFT VALLEY,NAKURU,NAKURU MUNI.,CENTRAL,AFRAHA,GPS,2,MOH,-0.28133,36.0732,9b0efc3c-b945-4b70-a9d7-7bfe5edde0e2,4015650.25528392,-31317.6381868232
2382,16,ERRETO DISP,3659,RIFT VALLEY,NAROK,MAU,SUSWA,OLOIKARERE,DHMT,4,MOH,-1.153255,36.201253,836fc493-338b-4410-8dac-42ad6e95d2b8,4029905.05003847,-128388.428868247
2383,71,NAKURU WEST DISP,1750,RIFT VALLEY,NAKURU,NAKURU MUNI.,KAPTEMBWO,VIWANDA,GPS,4,MOH,-0.29119,36.06187,c6333315-2aaf-4d8e-9e83-b65e1e586bf2,4014389.00545323,-32415.2620667093
2384,0,EWASO NYIRO CMF DISP,0,RIFT VALLEY,NAROK,CENTRAL,NKARETA,OLELESHWA,DHMT,4,MISS,-1.150858,35.761779,033fb268-1004-43dd-a9c9-e898bd3e96dd,3980983.02814159,-128121.542099636
2385,72,NDABIBI DISP,1752,RIFT VALLEY,NAKURU,NAIVASHA,MOINDABI,KIPKONYO,DDP,4,MOH,-0.764975,36.2233,5f5b9789-59af-46de-a1e7-8defe6d8d83d,4032359.31085199,-85159.1575584547
2386,17,EWASO NYIRO DISP,1825,RIFT VALLEY,NAROK,CENTRAL,LOWER MELILI,NAROK TOWN,1:50000 MAPS,4,MOH,-1.10613,35.8072,2d91a3db-f936-49bb-a5a6-8515ff08a739,3986039.27073291,-123141.477862241
2387,73,NDOINET DISP,1753,RIFT VALLEY,NAKURU,KURESOI,KIPTORORO,CHEMATICH(NAKURU),GPS,4,MOH,-0.41324,35.53622,118bb676-ea58-4589-9912-d00f01ba382e,3955873.91511775,-46002.065205028
2388,22,KOJONGA DISP,1802,RIFT VALLEY,NAROK,MAU,ILDAMAT,OLOPIKINDONGOE,HD MAPS,4,MOH,-0.987466,36.0485,fa1acef0-a033-49bc-bc9e-6f6fb8863335,4012900.66386133,-109929.654481909
2389,74,NDUNDORI HEALTH CENTRE,2827,RIFT VALLEY,NAKURU,BAHATI,DUNDORI,DUNDORI,DDP,3,MOH,-0.235677,36.2339,5fedd168-e034-40c5-a383-a9400928d694,4033539.2974544,-26235.5176140342
2390,23,LEMEK DISP,2394,RIFT VALLEY,NAROK,OLOLULUNGA,LEMEK,LEMEK,HD MAPS,4,MISS,-1.08942,35.3992,8764ca0c-2aa9-4a09-b32a-4b7d8ec5454b,3940620.91848926,-121280.987684306
2391,75,NESSUIT DISP,1751,RIFT VALLEY,NAKURU,NJORO,NESSUIT,NESSUIT,GPS,4,MOH,-0.39088,35.89834,f2d41f00-2dbe-4ba2-a9f7-bf93c1a556d6,3996184.92912381,-43512.900089493
2392,24,MAJIMOTO DISP,1803,RIFT VALLEY,NAROK,OSUPUKO,MAJI MOTO,MAJI MOTO(NAROK),DDP,4,MISS,-1.31828,35.7932,78914d6f-6c88-4a42-b21b-4537237736b4,3984480.79786181,-146763.207887595
2393,76,NJORO HEALTH CENTRE,1770,RIFT VALLEY,NAKURU,NJORO,NJORO,NJORO(NAKURU),GPS,3,MOH,-0.33138,35.93812,ff37e30d-7d6b-4b9a-b902-96acd08a5bb5,4000613.21846756,-36889.2585225647
2394,25,MARA  RIANTA DISP,1805,RIFT VALLEY,NAROK,MARA,AITONG,MARARIANDA,DHMT,4,MISS,-1.23758,35.122153,fc0f34ac-b274-4fd6-8c70-243b66d34eaa,3909780.18752345,-137777.489257066
2395,77,NYAKIAMBI DISP,2831,RIFT VALLEY,NAKURU,ELBURGON,MARIASHONI,NDOSHWA,GPS,4,MOH,-0.33124,35.86123,20c85cc9-120c-491f-a9d8-9aa76fde0d43,3992053.86282047,-36873.6735333011
2396,28,MEGWARA DISP,1806,RIFT VALLEY,NAROK,MARA,SIANA,SIANA,DDP,4,MOH,-1.51594,35.4804,1c11b3c0-4e39-463e-883e-af0026f09818,3949660.06114167,-168773.361186936
2397,29,MORIJO LOITA DISP,1807,RIFT VALLEY,NAROK,LOITA,MORIJO LOITA,MORIJO LOITA,DDP,4,MOH,-1.71902,35.8357,9ee8e366-e30f-477b-b1da-1b524b350273,3989211.87622052,-191389.146487361
2398,30,MULOT CATHOLIC  DISP,2395,RIFT VALLEY,NAROK,MULOT,MULOT,MULOT,DDP,4,MISS,-0.953029,35.4373,901a4109-fdae-45f7-bafb-79a1ea5cb862,3944862.19108848,-106095.59540392
2399,31,NAIKARRA DISP,1810,RIFT VALLEY,NAROK,MARA,NAIKARA,LESHUTA,DDP,4,MISS,-1.66159,35.6406,934de733-1752-4545-a26c-ff7f196e1baf,3967493.44356675,-184993.284803732
2400,32,NAIREGI ENKARE HEALTH CENTRE,1830,RIFT VALLEY,NAROK,MAU,KEEKONYOKIE,KEEKONYOKIE,DDP,3,MOH,-1.03713,36.1483,dd6c3166-0aad-4d4c-8533-951fbe250420,4024010.3490425,-115459.088846073
2401,10,BUTULA CATHOLIC MISSION,2255,WESTERN,BUSIA,BUTULA,ELUKHARI,SIKARILA,AMKENI,4,MISS,0.343248,34.333627,9f9a1673-4623-4be2-82a2-4074ac412d8c,3822001.87472619,38210.4211370864
2402,11,BWALIRO DISPENSARY,0,WESTERN,BUSIA,BUTULA,ELUGULU,BWALIRO,AMKENI,4,MOH,0.378245,34.316199,e6dec910-30c9-444d-b1b8-1e9126f77ab2,3820061.79864065,42106.346638438
2403,12,HAKATI DISP,1508,WESTERN,BUSIA,BUDALANGI,BUNYALA NORTH,MUNDERE,SUBLOC CENTROID,4,MOH,0.137745,34.011425,6ef3509e-960a-4905-9abe-5cbe3aa52bf1,3786134.51215362,15333.7180300857
2404,34,NAROK DISTRICT HOSPITAL,1838,RIFT VALLEY,NAROK,CENTRAL,LOWER MELILI,NAROK TOWN,DDP,1,MOH,-1.0961,35.8636,4f942138-c380-424b-bda5-1cb6d6da88ab,3992317.69001365,-122024.73714897
2405,13,IGARA DISP,2945,WESTERN,BUSIA,NAMBALE,WALATSI,KHWIRALE,AMKENI,4,MOH,0.532938,34.363148,58650320-8932-405f-a164-1828af8a8b64,3825288.1374139,59327.2422728472
2406,35,NAROSURA HEALTH CENTRE,2383,RIFT VALLEY,NAROK,OSUPUKO,NAROOSURA,NAROOSURA,DDP,3,MOH,-1.53825,35.8675,470dcef5-c19e-463c-9259-688cb2cae361,3992751.83602775,-171257.781423348
2407,38,NAMAGARA DISP,3661,WESTERN,KAKAMEGA,KABRAS,SHIVANGA,FUVUYE,AMKENI,4,MOH,0.504234,34.878518,ccb0c662-57b7-4d6a-919f-1e0950a2c11c,3882658.86338403,56131.7966892197
2408,14,KHAYO DISP,4474,WESTERN,BUSIA,NAMBALE,BUKHAYO EAST,MADIBO,AMKENI,4,MOH,0.51051,34.388972,e21ef3cd-f473-4125-b6c6-775d5cb26504,3828162.85194415,56830.4652071959
2409,37,NGIITO DISP,4443,RIFT VALLEY,NAROK,MULOT,ILMOTIOK,ILMOTIOK(NAROK),HD MAPS,4,MISS,-0.841822,35.5282,fd136124-b5ad-47b1-b788-fcdfb7ccde9f,3954981.13280159,-93714.5681563864
2410,39,NAVAKHOLO HEALTH CENTRE,2330,WESTERN,KAKAMEGA,NAVAKHOLO,NAMBACHA,NAMBACHA,AMKENI,3,MOH,0.413859,34.68262,99ce49e3-6848-43cf-b230-435d7b9ac8f0,3860851.59777661,46070.9737647824
2411,15,KHUNYANGU H C,2256,WESTERN,BUSIA,BUTULA,MARACHI CENTRAL,KINGANDOLE,AMKENI,3,MOH,0.33769,34.25793,898b9d28-1788-4c62-aebb-704579006073,3813575.32323162,37591.696483156
2412,38,NKARETA DISP,1814,RIFT VALLEY,NAROK,CENTRAL,NKARETA,NKARETA,DDP,4,MOH,-0.943775,35.791,e4384206-8860-4564-bfe3-657b97543ccf,3984235.89498206,-105065.303691801
2413,40,NZOIA DISP,4209,WESTERN,KAKAMEGA,LURAMBI,BUTSOTSO NORTH,SHIKOMARI,ILRI MKT CENTRES,4,MISS,0.32379,34.656543,aa026a45-0649-4f1d-96df-7887ca51a625,3857948.7194152,36044.3297768969
2414,16,LUPINDA HEALTH CENTRE,0,WESTERN,BUSIA,NAMBALE,BUKHAYO NORTH,LUPIDA,AMKENI,3,MOH,0.577132,34.352575,ee2656dc-6510-4278-92bf-e72b424912c0,3824111.15643775,64247.1268140955
2415,39,NKORI-NKORI DISP,3225,RIFT VALLEY,NAROK,OLOLULUNGA,OLOLULUNGA,NKORIKORI,DDP,4,MOH,-1.03713,35.519,28dd1efa-3837-43df-b293-c9b7807465e1,3953956.99348629,-115459.088846073
2416,41,SAVANE DISP,4219,WESTERN,KAKAMEGA,IKOLOMANI,SHIRUMBA,SHITOLI,AMKENI,4,MOH,0.17,34.723815,5a3fa4c7-7e49-4e2c-aae0-7d2391ff944c,3865437.40419984,18924.3412014471
2417,17,MADENDE DISP,2944,WESTERN,BUSIA,NAMBALE,BUKHAYO EAST,MUNGATSI,AMKENI,4,MOH,0.47665,34.346518,afd30695-6004-44e8-987e-d8d488e81ca3,3823436.89428201,53061.0473283053
2418,40,OLASITI AIC DISP,3221,RIFT VALLEY,NAROK,MAU,SUSWA,OLOIKARERE,HD MAPS,4,MISS,-1.11438,36.2234,b8cad784-4049-40c3-afa3-a38f4a8fb3bb,4032370.44280107,-124060.036112128
2419,42,SHAMAKHUBU HEALTH CENTRE,2335,WESTERN,KAKAMEGA,SHINYALU,SHIBUYE,VIRHEMBE,AMKENI,3,MOH,0.26468,34.827883,3d819de3-e7cb-47e0-baf1-349bada4c392,3877022.20096771,29464.1476181275
2420,18,MADUWA DISP,2247,WESTERN,BUSIA,BUDALANGI,BUNYALA SOUTH,OBARO,HD MAPS,4,MOH,-0.00561,34.0223,cb7603c6-f56a-4bb1-accc-f8f0dc4408eb,3787345.11161599,-624.502344341004
2421,41,OLCHORO DISP,1815,RIFT VALLEY,NAROK,MAU,OLCHORRO,SONKORO,DDP,4,MOH,-0.834423,35.9651,7285acd5-33cc-467b-8772-6925102cf050,4003616.61832917,-92890.8271136491
2422,43,SHIBWE HEALTH CENTRE,2310,WESTERN,KAKAMEGA,IKOLOMANI,SHIRUMBA,SHIVAGALA,AMKENI,3,MOH,0.205768,34.723052,5d85b9eb-dd4d-4bb4-9a80-2e2f3f5cfb55,3865352.46742837,22906.0382205972
2423,19,MALANGA DISP,2946,WESTERN,BUSIA,BUTULA,ELUGULU,MUKHWESO(BUSIA),AMKENI,4,MOH,0.403823,34.296672,6608e97b-e093-4b49-9df5-e8af616c3e74,3817888.06294393,44953.7429107966
2424,0,OLDERKESI DISP,0,RIFT VALLEY,NAROK,MARA,OLDERKESI,OLDERKESI,DHMT,4,MISS,-1.758662,35.571198,557bd5f6-6265-4aa1-852b-052b595e54e9,3959767.64826672,-195804.106832278
2425,44,SHIHOME DISP,3279,WESTERN,KAKAMEGA,KABRAS,KABRAS SOUTH,SHIANDA(KK),AMKENI,4,MOH,0.391383,34.792092,f8c4915b-a9dd-4a57-9b7b-6a5eec84c0df,3873037.96507273,43568.8950981001
2426,20,MATAYO'S H C,2258,WESTERN,BUSIA,MATAYOS,NANGOMA,MUYAFWA,AMKENI,3,MOH,0.365967,34.165233,bbfcd089-0724-4d43-849f-15c442fa0336,3803256.34039355,40739.5371031807
2427,42,OLDONYO RUIKA DISP,1816,RIFT VALLEY,NAROK,MARA,AITONG,AITONG,HD MAPS,4,MISS,-1.27459,35.162,104b9cbf-1305-4e61-978d-c5c1ccb2f1ef,3914215.93527309,-141898.413922134
2428,45,SHIKOKHO DISP,4220,WESTERN,KAKAMEGA,IKOLOMANI,IGUHU,SAVANE,ILRI MKT CENTRES,4,MISS,0.175172,34.796472,4ec3bb2d-282b-4f1d-8ceb-cdc12574d89e,3873525.54444241,19500.0882199846
2429,21,MUKHOBOBLA H C,2260,WESTERN,BUSIA,BUDALANGI,BUNYALA CENTRAL,MAGOMBE WEST,AMKENI,3,MOH,0.081572,34.029852,fcebfbad-1574-4ab3-8291-aa421e74e91d,3788185.79641047,9080.55657059088
2430,43,OLENDEEM DISP,3210,RIFT VALLEY,NAROK,MAU,OLCHORRO,OLCHORRO,DHMT,4,MISS,-0.801074,36.0145,c9695dc0-df75-4a1d-9715-b5b311ab0bfc,4009115.80117436,-89178.0552205604
2431,46,SHIKUSA PRISON HEALTH CENTRE,2295,WESTERN,KAKAMEGA,ILEHO,KAMBIRI,LUBAO,AMKENI,3,MOH,0.318571,34.812412,fd5b55c8-5693-4c95-810c-ce2b2278aa26,3875299.97712565,35463.3442260001
2432,22,MUNDONGO DISPENSARY,0,WESTERN,BUSIA,MATAYOS,BUKHAYO WEST,MUNDIKA,AMKENI,4,MOH,0.380793,34.121233,21c69431-2518-4d53-86f1-9734cb7cbba9,3798358.28279865,42389.9949235797
2433,46,OLKOROI DISP,3979,RIFT VALLEY,NAROK,MARA,OLDERKESI,OLDERKESI,1:50000 MAPS,4,MISS,-1.697801,35.557139,6368b5cf-f824-4c4d-a0bf-8f24162a0e4e,3958202.60754566,-189026.007770813
2434,47,SHIKUSI DISP,4647,WESTERN,KAKAMEGA,SHINYALU,KHAYEGA,LUGOSE,AMKENI,4,MOH,0.203714,34.79913,671f19d9-14ca-462e-ba45-e0affbe36662,3873821.43164894,22677.3865266456
2435,23,NAMBALE H C,2261,WESTERN,BUSIA,FUNYULA,ODIADO,ODIADO,AMKENI,3,MOH,0.27348,34.14324,29b75414-6f28-4e52-bd64-f84ff89770ed,3800808.09083254,30443.7699410995
2436,0,OLMEKENYU DISP,0,RIFT VALLEY,NAROK,OLOLULUNGA,MELELO,MELELO,DHMT,4,MISS,-0.867123,35.632407,4ff4aeb5-31fb-4bd3-bb1a-1135cceee0aa,3966581.40297868,-96531.3758506816
2437,48,SHISESO DISP,0,WESTERN,KAKAMEGA,IKOLOMANI,SHISERE,SHIMANYIRO,DSA/DFH(MOH)-UNFPA REPORT,4,MISS,0.257998,34.702,16803521-41cc-4b94-8e9e-f7ad5e004c48,3863008.96950819,28720.3030424758
2438,24,NAMBOBOTO CATHOLIC MISSION H.,0,WESTERN,BUSIA,FUNYULA,NAMBUKU,LUGALA,HD MAPS,1,MISS,0.32367,34.0957,95f97a84-9382-4b09-abd9-84e7212223a0,3795515.96224023,36030.971224774
2439,47,OLMESUTIE DISP,1818,RIFT VALLEY,NAROK,LOITA,OLMESUTIE,OLMESUTIE,HD MAPS,4,MOH,-1.9071,35.6802,afd3e336-d5a3-49cf-9cbe-43f2fc8eb2af,3971901.69540217,-212336.612567842
2440,49,SHISESO HEALTH CENTRE,2337,WESTERN,KAKAMEGA,IKOLOMANI,SHISERE,SHISESO,AMKENI,3,MOH,0.231314,34.703531,723d4385-f2ee-4ba6-a877-5c4ec7767993,3863179.39964859,25749.8266424753
2441,25,NAMBOBOTO MISSION DISP,3200,WESTERN,BUSIA,FUNYULA,NAMBOBOTO,BULOMA,GPS,4,MISS,0.30717,34.09106,2b30f1e1-0e9b-4feb-99c3-5b1f698d2088,3794999.43980294,34194.1717870917
2442,48,OLOKIRIKIRAI HEALTH CENTRE,3139,RIFT VALLEY,NAROK,MAU,OLCHORRO,SIYAPEI,ILRI MKT CENTRES,3,MISS,-1.083419,35.955371,c49a0b5e-ebdd-45df-b7b8-15c5bc2dcf6a,4002533.59100324,-120612.839309586
2443,50,SHIVANGA DISP,4227,WESTERN,KAKAMEGA,KABRAS,SHIVANGA,SHIVANGA,AMKENI,4,MOH,0.532177,34.846428,66bd94bd-fa67-4008-984d-b5b48a737744,3879086.62092448,59242.5244807886
2444,26,NAMBUKU DISP,2248,WESTERN,BUSIA,FUNYULA,NAMBUKU,LUGALA,AMKENI,4,MOH,0.318277,34.110365,104c63a4-6590-4453-a865-8759b1bad4bf,3797148.46257271,35430.6157902777
2445,49,OLOLPIRONITO DISP,1833,RIFT VALLEY,NAROK,OLOKURTO,OLORROPIL,TOPOTI,HD MAPS,4,MOH,-0.904242,35.907,80b9a027-3e63-4cdf-a6ac-71d2ccea528e,3997148.95591408,-100663.937834098
2446,51,SINGO DISP,2338,WESTERN,KAKAMEGA,NAVAKHOLO,BUNYALA WEST,LUSUMU,DSA/DFH(MOH)-UNFPA REPORT,4,MOH,0.365303,34.6269,dcbd1fe6-9f6d-454d-b23b-a75fa005fefa,3854648.87574961,40665.6194561846
2447,27,NANGINA DISP,2249,WESTERN,BUSIA,FUNYULA,NANGOSIA,BUKHULUNGU,AMKENI,4,MOH,0.27726,34.098623,d83732fc-ab99-4bbd-9d91-ac63854d64f9,3795841.34911181,30864.5624762507
2448,50,OLOLTOTO DISP,0,RIFT VALLEY,NAROK,CENTRAL,NKARETA,OLELESHWA,DDP,4,MISS,-1.1589,35.8438,30b1ccc9-716b-4ade-9335-ecd3ace84142,3990113.56409594,-129016.955334361
2449,52,SIRWA MISSION DISP,2297,WESTERN,KAKAMEGA,IKOLOMANI,IGUHU,SAVANE,ILRI VILLAGES,4,MISS,0.18,34.77,1d1ad72f-7737-4b67-b288-e13a9687f4cf,3870578.69488213,20037.5413032573
2450,28,NANGINA MISSION HOSPITAL,2265,WESTERN,BUSIA,FUNYULA,NANGOSIA,SIGULU,AMKENI,1,MISS,0.277485,34.105452,fea2677e-fe3a-42cf-85bf-a41f8221fb1b,3796601.54991444,30889.6096551791
2451,51,OLOLUNGA HEALTH CENTRE,1834,RIFT VALLEY,NAROK,OLOLULUNGA,OLOLULUNGA,OLOLULUNGA,DDP,3,MOH,-1.00872,35.6611,fa8cdafa-a524-424f-9657-2f81ff7cd628,3969775.49312801,-112295.997985138
2452,53,SIVILIE DISP,2298,WESTERN,KAKAMEGA,NAVAKHOLO,BUNYALA EAST,SIVILIE,AMKENI,4,MOH,0.469585,34.696675,c83d2818-fbb6-43a7-92e6-ecf4ae622700,3862416.19321971,52274.5483115442
2453,29,PORT VICTORIA SUB-DISTRICT HOSP,2266,WESTERN,BUSIA,BUDALANGI,BUNYALA WEST,BUKANI,AMKENI,1,MOH,0.097198,33.975805,179f4421-8c4a-489b-befc-aaefa7194afd,3782169.31189156,10820.0370558864
2454,30,RUKALA DISP,2250,WESTERN,BUSIA,BUDALANGI,BUNYALA SOUTH,RUKALA,AMKENI,4,MOH,0.056622,33.992112,926504ea-f844-475f-84c7-aeba160e6ef8,3783984.59882793,6303.13323366361
2455,53,OLOROPIL DISP,3137,RIFT VALLEY,NAROK,OLOKURTO,OLORROPIL,OLORROPIL,HD MAPS,4,MISS,-0.739858,35.9341,6d6a58a9-d576-4bee-9f3b-260c25f9fe7f,4000165.71411458,-82362.9047778477
2456,54,ST. JAMES EMATSAYI DISP,2019,WESTERN,KAKAMEGA,LURAMBI,BUKURA,ESHIBEYE,AMKENI,4,MISS,0.268012,34.621841,cee7df90-d5b9-4529-b434-e09ae90fa677,3854085.71044569,29835.0681692229
2457,54,OLORTE DISP,0,RIFT VALLEY,NAROK,LOITA,OLORTE,OLORTE,HD MAPS,4,MISS,-2.01113,35.8383,7edda8c3-bd17-4657-b36e-f6eb90bc8880,3989501.30689658,-223923.953867615
2458,55,ST. JOSEPHS LUTASO DISP,0,WESTERN,KAKAMEGA,NAVAKHOLO,BUNYALA EAST,NAMIRAMA,AMKENI,4,MISS,0.444227,34.710711,b717a20c-89ee-4d75-8aae-8a5294b10fef,3863978.67359249,49451.6188823463
2459,31,SIO PORT H C,2262,WESTERN,BUSIA,FUNYULA,NANGUBA,BUJWANGA,AMKENI,3,MOH,0.22515,34.021322,8054112f-2e95-40ea-ab53-3a90f312150e,3787236.241154,25063.6478569385
2460,55,OLPASIMORU DISP,1819,RIFT VALLEY,NAROK,OLOKURTO,OLPUSIMORU,OLPUSIMORU,DDP,4,MOH,-0.56756,35.725,69daf4e3-267d-4b16-80b9-c36b8c77115c,3976888.80858971,-63181.5234809709
2461,57,ST. MONICA'S EREGI MISSION H C,0,WESTERN,KAKAMEGA,IKOLOMANI,SHIKUMU,MADIVINI,AMKENI,3,MISS,0.154259,34.702538,6e2c090e-4762-46e9-be46-dab3825c2ea0,3863068.85939423,17172.0540759309
2462,32,SIRIMBA DISPENSARY (ST. JUDE),0,WESTERN,BUSIA,BUDALANGI,BUNYALA EAST,MUDEMBI,AMKENI,4,MISS,0.144207,34.058927,5679af6e-430d-4b55-9ecf-492f46ec0282,3791422.41060528,16053.0667574527
2463,56,OLUKURTO HEALTH CENTRE,1832,RIFT VALLEY,NAROK,OLOKURTO,OLOKURTO,OLOKURTO,DDP,3,MOH,-0.683834,35.7863,773172d5-8505-4538-acf2-8e702a1ec4fa,3983712.69337533,-76125.8600169912
2464,58,ST. PIUS MUSOLI DISP,3277,WESTERN,KAKAMEGA,IKOLOMANI,ISULU,MUSOLI,AMKENI,4,MISS,0.205007,34.664612,da1c986c-7b5a-466c-acf1-448698fb3634,3858846.9563864,22821.3235438109
2465,1,AHMADIYA MEDICAL DISP,0,WESTERN,BUTERE/MUMIAS,MUMIAS,SHIBINGA,LUBINU,AMKENI,4,MISS,0.314092,34.575707,93889350-57c7-436e-bb12-e8d2e784378e,3848950.09705743,34964.7366274246
2466,57,SAKUTIEK DISP,1835,RIFT VALLEY,NAROK,MAU,UPPER MELILI,SAKUTIEK,DHMT,4,MOH,-0.869979,36.135248,b64d7da4-a76a-43ee-8604-333ddcccb59d,4022557.40704866,-96849.3408495092
2467,59,ST. TERESA'S LUNGANYIRO DISP,3206,WESTERN,KAKAMEGA,NAVAKHOLO,BUNYALA WEST,SIDIKHO,ILRI MKT CENTRES,4,MISS,0.43846,34.62926,da69d0d6-ab58-423b-b12c-355f4e60dc93,3854911.58974788,48809.6203323863
2468,2,APOSTLES CHURCH MEDICAL DISP,0,WESTERN,BUTERE/MUMIAS,BUTERE,CENTRAL MARAMA,MUTOMA,AMKENI,4,MISS,0.260383,34.50626,6c88e163-b74f-4aae-abb4-b73e11cc7ea2,3841219.29238031,28985.8027446409
2469,58,SEKENANI DISP,3222,RIFT VALLEY,NAROK,MARA,KOYAKI,SEKENANI,HD MAPS,4,MOH,-1.44312,35.393,8c8e82b9-8e7d-4eda-af26-28a1f361816b,3939930.73764633,-160664.371892571
2470,1,CHEKALINI DISP,4208,WESTERN,LUGARI/MALAVA,LUGARI,CHEKALINI,MUSEMBE,DHMT,4,MOH,0.618574,34.904817,8dc70a2e-27d4-4273-9f3b-2b9578cd39bc,3885586.4546724,68860.6804090771
2471,3,BOOKERS DISPENSARY,0,WESTERN,BUTERE/MUMIAS,MUMIAS,NABONGO,NUCLEUS,AMKENI,4,NGO,0.361299,34.50384,b0c561dc-9097-486a-8c17-6a7d62805302,3840949.89921259,40219.8872544929
2472,60,SIYAPEI DISP,1821,RIFT VALLEY,NAROK,CENTRAL,LOWER MELILI,NAROK TOWN,ILRI VILLAGES,4,MISS,-1.08,35.87,2b94d311-c100-4fe3-ba7d-6d30231add5d,3993030.13475473,-120232.170131288
2473,2,KONGONI DISP,3276,WESTERN,LUGARI/MALAVA,LIKUYANI,KONGONI,KONGONI(LUGARI),AMKENI,4,MOH,0.780116,35.125255,fd3ce95c-b962-45e0-8466-e5c4b5bd343b,3910125.50058389,86844.7991991467
2474,4,BUCHIFI DISP,0,WESTERN,BUTERE/MUMIAS,MUMIAS,ETENJE,BUKAYA,DSA/DFH(MOH)-UNFPA REPORT,4,MISS,0.253849,34.4338,f1fa1f42-9013-4a76-8fb4-ee0c54485325,3833153.08207743,28258.4338675974
2475,61,SOGOO HEALTH CENTRE,1836,RIFT VALLEY,NAROK,MULOT,SOGOO,SOGOO,DDP,3,MOH,-0.819313,35.5643,d7018b35-ebf7-4364-9c34-ca51be5134d7,3958999.76641923,-91208.6144285537
2476,3,KOROMAITI MISS. DISP.,2346,WESTERN,LUGARI/MALAVA,LUGARI,CHEKALINI,KOROMAITI,AMKENI,4,MISS,0.628007,34.884343,2801c9e4-47e4-4b86-a5b4-dd5dc033fc26,3883307.2994179,69910.8193036204
2477,5,BUKAYA HEALTH CENTRE,3273,WESTERN,BUTERE/MUMIAS,MUMIAS,ETENJE,ESHIKALAME,AMKENI,3,MOH,0.26004,34.449418,599ee0e9-eb61-40c1-b56f-8f5daacda684,3834891.66988464,28947.6197655268
2478,64,TALEK DISP,3138,RIFT VALLEY,NAROK,MARA,KOYAKI,KOYAKI,HD MAPS,4,MISS,-1.35782,35.2244,3d30502f-e92b-4c75-b693-c30860769525,3921162.27149859,-151165.98117927
2479,4,LIKUYANI H C,2320,WESTERN,LUGARI/MALAVA,LIKUYANI,LIKUYANI,SOY(LUGARI),AMKENI,3,MOH,0.710801,35.10693,ceee3b05-8350-47fd-8729-7103dba95b71,3908085.5709151,79128.0350923909
2480,6,BUNGATSI HEALTH CENTRE,2305,WESTERN,BUTERE/MUMIAS,MUMIAS,ETENJE,BUNGASI,AMKENI,3,MOH,0.199465,34.399191,d225fb58-281b-48b9-9826-edcb98936622,3829300.42582056,22204.3870824958
2481,1,ARCHER'S POST MISSION HEALTH CENTRE,2122,RIFT VALLEY,SAMBURU,WASO,WASO EAST,ARCHERS POST,DDP,3,MISS,0.651406,37.5921,d133b9d7-4f45-487a-8101-981068794d86,4184733.42984983,72515.7464461647
2482,5,LUGARI FOREST DISP,2281,WESTERN,LUGARI/MALAVA,LUGARI,LUGARI,LUGARI,AMKENI,4,MOH,0.663278,34.906928,a68c6995-f6cf-40c2-a02c-507e50ffc111,3885821.45011747,73837.4184246313
2483,7,BUTERE DISTRICT HOSPITAL,2306,WESTERN,BUTERE/MUMIAS,BUTERE,TOWNSHIP,SHIREMBE,AMKENI,1,MOH,0.208536,34.493471,8d0ec7a8-1c7b-4f0f-9b48-acdc167af4d9,3839795.62741256,23214.1725850645
2484,2,ARSIM DISP,3066,RIFT VALLEY,SAMBURU,NYIRO,ARSIM,ARSIM,DDP,4,MISS,1.86381,37.1846,96117a6d-2967-426a-a30a-22fe734a7f31,4139370.73735157,207514.98126752
2485,6,LUMAKANDA DISTRICT HOSPITAL,2321,WESTERN,LUGARI/MALAVA,LUGARI,LUMAKANDA,MUNYUKI,AMKENI,1,MOH,0.634782,34.97615,051465e6-eb01-4e80-ade5-007cd370e505,3893527.20790916,70665.0546503198
2486,9,ELWASAMBI DISP,4391,WESTERN,BUTERE/MUMIAS,MUMIAS,SHIBINGA,LUBINU,AMKENI,4,MOH,0.288933,34.56794,8a84eed2-38a6-4ab1-8bb3-e06e259ffafd,3848085.47857244,32164.0107563029
2487,3,BARAGOI CATHOLIC DISP,2100,RIFT VALLEY,SAMBURU,BARAGOI,ELBARTA,NGILAI(BARAGOI),DDP,4,MISS,1.73792,36.8579,74e1a516-afd6-45ef-85f8-22a406708a22,4103002.6597094,193494.042609692
2488,0,LWANDETI DISP,0,WESTERN,LUGARI/MALAVA,MATETE,LUANDETI,LUANDETI,DHMT,4,MISS,0.605741,34.829324,4ac5038b-4766-4302-933e-0e80285ad4e0,3877182.61235395,67432.0358406564
2489,10,EMUHAKA DISP,6140,WESTERN,BUTERE/MUMIAS,KHWISERO,WEST KISA,MUHAKA,DSA/DFH(MOH)-UNFPA REPORT,4,MOH,0.133411,34.4801,a2ba6d16-8cad-4cd5-ad4d-31d041371b98,3838307.17450116,14851.2580061512
2490,4,BARAGOI SUB-DISTRICT HOSPITAL,2123,RIFT VALLEY,SAMBURU,BARAGOI,BARAGOI,BARAGOI,DDP,1,MOH,1.79106,36.788,ff76d6f7-5272-406b-a4b6-78328bd5e178,4095221.42730296,199412.366820708
2491,7,MABUSI H C,2323,WESTERN,LUGARI/MALAVA,LIKUYANI,NZOIA,VINYENYA,AMKENI,3,MOH,0.834447,35.08051,05d1602f-b679-4594-b2f4-1f63748660ce,3905144.50996835,92893.4990647937
2492,11,EMUNUKU BAPTIST DISP,0,WESTERN,BUTERE/MUMIAS,BUTERE,WEST MARAMA,BUMAMU,AMKENI,4,MISS,0.232542,34.574205,69f31c1a-85cc-4ef0-86d6-0f7ab1972f5d,3848782.89518226,25886.5280971312
2493,5,BARSALOI CATHOLIC DISP,3063,RIFT VALLEY,SAMBURU,KIRISIA,BARSALOI,SOIT NAIBOR,DDP,4,MISS,1.40232,36.8117,09dad822-b573-462e-9d87-3d5f03c01293,4097859.69923475,156121.135996439
2494,8,MATETE H C,2326,WESTERN,LUGARI/MALAVA,MATETE,CHEVAYWA,KIVAYWA,DHMT,3,MOH,0.566488,34.807431,1f3c5c46-8551-499b-88ec-797db5b2bf58,3874745.49474201,63062.183142832
2495,13,ENANGA HEALTH CENTRE,0,WESTERN,BUTERE/MUMIAS,KHWISERO,KISA SOUTH,EMALINDI,AMKENI,3,MOH,0.125715,34.610657,086c46e3-992c-4c44-91eb-3f064938f1e2,3852840.71326066,13994.5410139661
2496,6,BARSALOI DISP,2101,RIFT VALLEY,SAMBURU,KIRISIA,BARSALOI,BARSALOI,DDP,4,MOH,1.4362,36.8419,388258ad-c1cf-47f4-9180-f6cf4310e5f1,4101221.54785671,159893.797775154
2497,9,MAUTUMA HEALTH CENTRE,2328,WESTERN,LUGARI/MALAVA,LUGARI,MAUTUMA,MBAGARA,AMKENI,3,MOH,0.724824,34.981686,be139cd4-b0a1-43ab-9bdb-2ffeeddc6274,3894143.47261019,80689.1908301365
2498,14,ESHINUTSA DISP,0,WESTERN,BUTERE/MUMIAS,KHWISERO,EAST KISA,EMASATSI,AMKENI,4,MOH,0.15045,34.634582,642210ed-ed96-4fad-8350-c51ef447b41c,3855504.03207789,16748.036636363
2499,7,KIRIMON NYS DISP,4409,RIFT VALLEY,SAMBURU,LORROKI,KIRIMON,MUGUR(LORROKI),DDP,4,MOH,0.822004,36.9082,fbe9e733-ec14-4b16-a1e0-d24a84130988,4108602.03009631,91508.2059089619
2500,0,MUNYUKI DISP,0,WESTERN,LUGARI/MALAVA,LUGARI,LUMAKANDA,MUNYUKI,DHMT,4,MOH,0.637446,34.942563,62366f6a-1b84-4258-84ee-ac569a34984c,3889788.32017189,70961.6280515595
2501,15,IKOMERO DISP,0,WESTERN,BUTERE/MUMIAS,KHWISERO,SHIROMBE,IKOMERO,SUBLOC CENTROID,4,MISS,0.152901,34.511318,7f4127b7-a651-433a-8d9c-4ef4e3aab720,3841782.34636474,17020.8816643479
2502,8,KIRIMUN DISP,2104,RIFT VALLEY,SAMBURU,LORROKI,KIRIMON,KIRIMON(SAMBURU),DDP,4,MOH,0.798232,36.8775,afeaf502-1595-4f26-9a8b-73e764823ca0,4105184.52172895,88861.6544129676
2503,44,NZOIA COMMUNITY HEALTH CENTRE,0,WESTERN,LUGARI/MALAVA,LIKUYANI,KONGONI,SANGO,ILRI MKT CENTRES,3,MISS,0.732379,35.056543,96039479-b389-4fb9-847f-a98f08406c6c,3902476.5157325,81530.277588521
2504,9,KISIMA DISP,3071,RIFT VALLEY,SAMBURU,LORROKI,KISIMA,LONGATOLIA,GPS,4,MOH,0.94532,36.76301,957938eb-505a-4d03-a872-92f7c9dfc7ca,4092439.55322803,105237.315678454
2505,0,NZOIA DISP,0,WESTERN,LUGARI/MALAVA,LIKUYANI,SINOKO,NZOIA(LUGARI),DHMT,4,MISS,0.877495,35.028625,8291e450-f5db-4c8d-a1f1-a527e6d040ae,3899368.69818854,97686.1154369705
2506,67,INDANGALASIA DISP,2277,WESTERN,BUTERE/MUMIAS,MATUNGU,KOYONZO,INDANGALASIA(BM),SUBLOC CENTROID,4,MISS,0.327976,34.398125,aac1ff4c-fcd8-4037-83b8-c0649654f7d4,3829181.75924338,36510.3207029108
2507,10,LATAKWENY DISP,3067,RIFT VALLEY,SAMBURU,BARAGOI,LATAKWENY,LATAKWENY,DISTRICT ESTIMATES,4,MOH,1.5724,37.0924,52d1c83a-158c-45d0-98f5-c12b6a07377e,4129107.08030043,175060.74316837
2508,10,SANGO DISP,2332,WESTERN,LUGARI/MALAVA,LIKUYANI,KONGONI,SANGO,AMKENI,4,MOH,0.728778,35.072747,c58a815b-f597-4b9f-a691-99e5a3de9162,3904280.33676132,81129.3835122652
2509,16,KHALABA HEALTH CENTRE,3274,WESTERN,BUTERE/MUMIAS,MATUNGU,MATUNGU,KHALABA(BM),AMKENI,3,MOH,0.427352,34.548307,ab427623-3324-4c4f-85e9-1ef9f4cbb688,3845899.9430097,47573.0481304059
2510,11,LERATA DISP,3056,RIFT VALLEY,SAMBURU,WASO,WASO EAST,LERATA,DDP,4,MOH,0.767468,37.5851,31771782-2668-4d21-8670-f3804c2780f2,4183954.19341427,85436.7018666094
2511,17,KHAUNGA DISP,0,WESTERN,BUTERE/MUMIAS,MUMIAS,SHIBINGA,KHAUNGA,AMKENI,4,MOH,0.376866,34.584065,4740a3fe-a077-4719-b222-d32dd306aa35,3849880.50536148,41952.8337276755
2512,0,SEREGEYA DISP,0,WESTERN,LUGARI/MALAVA,LIKUYANI,LIKUYANI,SEREGEYA,DHMT,4,MOH,0.681228,35.096568,33f4aeea-3b86-43ce-8d7d-a63d3974c8d6,3906932.07835151,75835.7408394458
2513,12,LESIRIKAN HEALTH CENTRE,2105,RIFT VALLEY,SAMBURU,NYIRO,UASO RONGAI,SEREN,GPS,3,NGO,1.76869,37.0774,643aff2d-4678-4948-ad7a-4ad3160e5555,4127437.28793853,196920.947764996
2514,0,SOY SAMBU DISP,0,WESTERN,LUGARI/MALAVA,LIKUYANI,KONGONI,MAWE TATU,DHMT,4,MOH,0.774832,35.084489,3de3d403-ea3f-4b87-b5b0-267af7615736,3905587.45022222,86256.5328514397
2515,18,KHWISERO H C,2318,WESTERN,BUTERE/MUMIAS,KHWISERO,WEST KISA,MUHAKA,AMKENI,3,MOH,0.11,34.48,1c0a3a78-af4c-4fe7-8046-386d4b4b0531,3838296.04255208,12245.1515096106
2516,13,LODOKEJEK CATHOLIC DISP,2106,RIFT VALLEY,SAMBURU,LORROKI,KISIMA,MBARINGON,DDP,4,MISS,0.994001,36.8848,3992da0f-7028-4a64-8bb8-2b0b1a0d8c99,4105997.15401174,110657.236124701
2517,0,ST MARY'S DISP,0,WESTERN,LUGARI/MALAVA,LUGARI,MAUTUMA,MBAGARA,DHMT,4,MISS,0.738599,34.999937,bba4f1d7-0560-4558-814d-3f51102d92b5,3896175.16463666,82222.7418732853
2518,19,LUGANYIRO BAPTIST DISP,4215,WESTERN,BUTERE/MUMIAS,MATUNGU,KOYONZO,MUNAMI,DSA/DFH(MOH)-UNFPA REPORT,4,MISS,0.434988,34.376,284db58f-d550-4b0d-a1eb-67406b84f4a1,3826718.81550958,48423.107832348
2519,20,LUNGANYIRO DISP,3859,WESTERN,BUTERE/MUMIAS,MATUNGU,KOYONZO,LUNG'ANYIRO,AMKENI,4,MOH,0.432603,34.3924,4a4ef877-116e-4962-bcf9-132cf8163ae2,3828544.45515859,48157.6032371349
2520,14,LODONGOKWE DISP,3059,RIFT VALLEY,SAMBURU,WAMBA,NGARONI,NGARONI,DDP,4,MOH,0.967432,37.1949,5c0f0004-0677-475d-92d2-3a60b2f001e2,4140517.32810674,107699.155224892
2521,11,TURBO FOREST DISP,2300,WESTERN,LUGARI/MALAVA,LIKUYANI,LIKUYANI,SEREGEYA,AMKENI,4,MOH,0.658582,35.060332,b6a94bfc-eb5b-4eb8-b5fd-758072c9b971,3902898.30528312,73314.627313357
2522,21,LUSHEYA DISP,3657,WESTERN,BUTERE/MUMIAS,MUMIAS,SHIBINGA,LUSHEYA,AMKENI,4,MOH,0.304527,34.536064,44fe2aa4-752f-444b-8c4c-f86f2d35b6d2,3844537.05848391,33899.9501810017
2523,12,TURBO NYS DISP,2292,WESTERN,LUGARI/MALAVA,LIKUYANI,LIKUYANI,SEREGEYA,AMKENI,4,MOH,0.641938,35.049697,bcf4f2b8-2493-473e-ad8d-55a217cf1843,3901714.42249853,71461.7063716931
2524,15,LONGEWAN DISP,4442,RIFT VALLEY,SAMBURU,LORROKI,AMAIYA,LONGEWAN,DISTRICT ESTIMATES,4,MOH,0.8924,36.5312,9e2a61ba-4e7a-4b11-a2b6-c0cac0043d34,4066634.58206724,99345.5303794147
2525,22,MAKUNGA RHDC,2358,WESTERN,BUTERE/MUMIAS,MUMIAS,SHIBINGA,ISONGO,AMKENI,3,MOH,0.31,34.62,5e86a1f6-75de-416c-8bc1-279b145d4c1f,3853880.77126314,34509.2105152405
2526,2,CHEPKUBE DISP,4386,WESTERN,MOUNT ELGON,CHEPTAIS,CHEPKUBE,CHEPKUBE,1:50000 MAPS,4,MOH,0.839649,34.4353,0f8463aa-a385-4ddc-b45a-5c1788035e7a,3833320.06131362,93472.6448585436
2527,16,LOOSUK DISP,2107,RIFT VALLEY,SAMBURU,KIRISIA,LOOSUK,LOOSUK,GPS,4,MOH,1.0235,36.5878,ef34ac45-c563-49c7-8909-dadf886f7891,4072935.26524614,113941.55883056
2528,23,MANGUNGU DISP,4217,WESTERN,BUTERE/MUMIAS,MUMIAS,SHIBINGA,MUNG'ANG'A,SUBLOC CENTROID,4,MOH,0.347913,34.576239,97adccea-f974-4028-a093-e03603ddd42c,3849009.31902653,38729.7360078818
2529,3,CHEPTAIS HEALTH CENTRE,2224,WESTERN,MOUNT ELGON,CHEPTAIS,CHEPTAIS,NGACHI,1:50000 MAPS,3,MOH,0.818449,34.4608,80d1cd27-1428-452d-96ea-75f62923c5d2,3836158.70832885,91112.4245645166
2530,17,MARALAL CATHOLIC DISP,2109,RIFT VALLEY,SAMBURU,KIRISIA,MARALAL TOWN,NGARI,GPS,4,MISS,1.09361,36.70655,fd5bedce-1517-4d41-aecd-3c3cda90290f,4086154.45477784,121747.501002425
2531,24,MANYALA SUB-DISTRICT HOSPITAL,2325,WESTERN,BUTERE/MUMIAS,BUTERE,MANYALA,ESHIENJERA,AMKENI,1,MOH,0.160402,34.45262,137a78fa-28b6-4fb3-958e-4196162527ee,3835248.11489416,17855.8922863245
2532,18,MARALAL DISTRICT HOSPITAL,2126,RIFT VALLEY,SAMBURU,KIRISIA,MARALAL TOWN,MARALAL TOWN,HD MAPS,1,MOH,1.1478,36.677,6c24854b-5ae0-4d3f-a1de-a6eb7a5cf126,4082864.9638249,127781.058596063
2533,4,CHESIKAKI DISP,3832,WESTERN,MOUNT ELGON,CHEPTAIS,CHESIKAK,CHESIKAK,1:50000 MAPS,4,MOH,0.799793,34.5159,0a4fb146-bf5d-4ad0-abe4-1f9f750dcd89,3842292.41227156,89035.441036328
2534,25,MATUNGU H C,2327,WESTERN,BUTERE/MUMIAS,MATUNGU,MATUNGU,MAYONI,AMKENI,3,MOH,0.387188,34.476283,b8dab1f0-f72e-4549-bd85-5989dc316284,3837882.2680048,43101.8990552567
2535,0,KABOYWO DISP,4661,WESTERN,MOUNT ELGON,KAPTAMA,CHEMOGE,CHEMOGE,DHMT,4,MOH,0.844912,34.762855,ff9fb913-b71f-4e7c-885d-e6af6c943f6b,3869783.31712041,94058.5826501897
2536,19,MARTI DISP,2111,RIFT VALLEY,SAMBURU,BARAGOI,SUYAN,MARTI,DDP,4,MOH,1.54775,36.7446,387bf0cf-e86c-48dc-b80c-3a68b2cc5e9a,4090390.16140253,172315.700190702
2537,26,MUHAKA DISP,3829,WESTERN,BUTERE/MUMIAS,KHWISERO,WEST KISA,MUHAKA,SUBLOC CENTROID,4,MOH,0.128712,34.476095,ad25ca09-d81c-488e-b0e0-3256548557df,3837861.33994053,14328.1663502478
2538,0,KAMUNERU DISP,4662,WESTERN,MOUNT ELGON,KAPSOKWONY,KAMUNERU,KAMUNERU,DHMT,4,MOH,0.82842,34.640021,f915cf48-7bd3-466a-acd8-fd050332ac37,3856109.49878831,92222.5058470306
2539,20,MORIJO DISP,3062,RIFT VALLEY,SAMBURU,KIRISIA,ANGATA NANYUKIE,MORIJO,DDP,4,MISS,1.38694,36.6579,31ba995f-0438-4766-a854-90852bd3ef50,4080738.76155075,154408.534908109
2540,28,MULWANDA DISP,3945,WESTERN,BUTERE/MUMIAS,KHWISERO,MULWANDA,MULWANDA,AMKENI,4,MISS,0.141943,34.567033,014b26c8-9de5-4c99-93a6-7399e2700f0a,3847984.51179429,15801.0386444987
2541,21,NACHOLA DISP,3074,RIFT VALLEY,SAMBURU,BARAGOI,NACHOLA,NACHOLA,DDP,4,MOH,1.77568,36.5782,7634874d-c5f3-4636-b168-b24f4f13312a,4071866.59813452,197699.443367295
2542,5,KAPKATENY DISP,4385,WESTERN,MOUNT ELGON,KOPSIRO,KAPKATENY,TOYWONDET,1:50000 MAPS,4,MOH,0.812513,34.6033,7893a320-4027-4c4b-9391-8a40d704c3e1,3852021.73576689,90451.5651317282
2543,29,MUMIAS DISP,2288,WESTERN,BUTERE/MUMIAS,MUMIAS,NABONGO,MATAWA,AMKENI,4,MOH,0.334477,34.48058,1a4d6b95-ca2d-40d6-b4a6-727570aacd78,3838360.60785674,37234.0208059
2544,6,KAPSOKWONY DISTRICT HOSP,2227,WESTERN,MOUNT ELGON,KAPSOKWONY,KAPSOKWONY,BUGAA,1:50000 MAPS,1,MOH,0.846079,34.7148,792a6212-d51b-47a9-89ba-dda3ae975a83,3864433.85899034,94188.5066417916
2545,22,NDONYO UASIN DISP,3086,RIFT VALLEY,SAMBURU,WASO,SELEOLIPI,NDONYO WASIN,DDP,4,MOH,1.29185,37.5348,1bfaa606-df22-44f8-acd7-cfaf3f3c9699,4178354.82302737,143820.270321338
2546,24,NGILAI DISP,3061,RIFT VALLEY,SAMBURU,WAMBA,NGILAI,NGILAI(WAMBA),DDP,4,NGO,1.31702,37.3544,f6957077-ccad-4d0d-bc6b-29ba6bd16c7d,4158272.78688826,146622.908230193
2547,7,KAPTAMA FRIENDS HEALTH CENTRE,2215,WESTERN,MOUNT ELGON,KAPTAMA,KAPTAMA,KAPTAMA,SUBLOC CENTROID,3,MISS,0.892482,34.770632,e563ac83-d53c-45a9-8e4a-813637144050,3870649.04880031,99354.6596850752
2548,30,MUMIAS MISSION HOSPITAL,0,WESTERN,BUTERE/MUMIAS,MUMIAS,NABONGO,MATAWA,DSA/DFH(MOH)-UNFPA REPORT,1,MISS,0.32246,34.4342,2ab228e6-0e17-42c6-9d61-79511b9ecb98,3833197.60987374,35896.272499662
2549,26,OPIROI DISP,3064,RIFT VALLEY,SAMBURU,KIRISIA,OPIROI,OPIROI,DISTRICT ESTIMATES,4,MOH,1.19421,36.8415,9150587b-5ad0-4318-b977-64543d4e2788,4101177.02006039,132948.475501869
2550,8,KIPSIGON MISSION H C,2218,WESTERN,MOUNT ELGON,KOPSIRO,EMIA,CHEPKURKUR,DHMT,3,MISS,0.844912,34.552345,42959d23-c9b7-4aaf-b99a-9200b1295496,3846349.45111352,94058.5826501897
2551,31,MUNDOLI HEALTH CENTRE,2289,WESTERN,BUTERE/MUMIAS,KHWISERO,MULWANDA,MUSHIANGUBU,AMKENI,3,MISS,0.109612,34.577498,47d60475-cad0-4b48-aac2-e987cacca007,3849149.47026544,12201.9594678582
2552,32,MUNGANGA DISP,3091,WESTERN,BUTERE/MUMIAS,MUMIAS,SHIBINGA,MAKUNGA,AMKENI,4,MOH,0.3,34.61,8617e34d-b3c1-4a3c-b23f-d3ae2c4e1786,3852767.57635521,33395.9998333877
2553,27,OROMODII DISP,3058,RIFT VALLEY,SAMBURU,WAMBA,NAIRIMIRIMO,SWARI,DISTRICT ESTIMATES,4,MOH,1.25412,36.95124,dbed17e6-838f-4580-8166-bc1d5d9e5889,4113393.22098005,139619.149001205
2554,10,KOPSIRO DISP,2427,WESTERN,MOUNT ELGON,KOPSIRO,CHEPYUK,CHEPYUK,DHMT,4,MOH,0.824948,34.587068,026bce7b-f936-4e0a-a5df-2f0da736b39b,3850214.79779233,91835.9643410145
2555,28,PORRO DISP,3070,RIFT VALLEY,SAMBURU,KIRISIA,PORO,MALASO(POLO),DDP,4,MOH,1.27227,36.5992,b6978dab-d588-4471-985b-adf6ba2c27a4,4074204.30744118,141640.088903077
2556,0,SACHO DISP,0,WESTERN,MOUNT ELGON,KAPSOKWONY,KAMUNERU,SACHO,DHMT,4,MOH,0.804985,34.634813,c2b8b43a-0d95-44e2-bb1e-5c0d951b8791,3855529.74688026,89613.4685135374
2557,33,MUSANDA ACK DISP,4636,WESTERN,BUTERE/MUMIAS,MUMIAS,ETENJE,MUSANDA,AMKENI,4,MISS,0.219791,34.447219,b3334a21-1f5c-4b92-a53b-fc5dc68ebdff,3834646.87832439,24467.0822085135
2558,29,SAMBURU FRIENDS DISP,0,RIFT VALLEY,SAMBURU,LORROKI,KISIMA,MBARINGON,DISTRICT ESTIMATES,4,MISS,0.91,36.86,f12c7706-530d-4242-bd3c-54a59bb02248,4103236.43064007,101304.995804505
2559,35,MUTSASA  DISP,2267,WESTERN,BUTERE/MUMIAS,KHWISERO,CENTRAL KISA,EMUTSASA,ILRI MKT CENTRES,4,MISS,0.15,34.54,27d0896f-e1ab-4bd1-9654-fec8404a60a0,3844975.21199968,16697.9426933211
2560,0,TULKUT DISP,0,WESTERN,MOUNT ELGON,CHEPTAIS,SASURI,SASURI,DHMT,4,MOH,0.815401,34.494183,e3dfe549-8274-481b-abc8-73ad72ffe5da,3839874.88689,90773.0882650414
2561,30,SEROLIPI DISP,2115,RIFT VALLEY,SAMBURU,WASO,SELEOLIPI,SEREOLIPI,DDP,4,MOH,1.1244,37.6199,ac2b0afe-5366-4a10-937b-9223201cf219,4187828.11169388,125175.670321083
2562,36,MWIHILIA (COG) HOSPITAL YALA,2350,WESTERN,BUTERE/MUMIAS,KHWISERO,NORTH KISA,MUNDOBELWA,AMKENI,1,MISS,0.17753,34.613972,0a53af34-c17f-4a3d-8ecf-bb9acf58b2c7,3853209.73737263,19762.5808226549
2563,1,AKCHELIST GSU CAMP DISP,4263,WESTERN,TESO,ANGURAI,KAKAPEL,KAKAPEL,DHMT,4,MOH,0.684173,34.335414,05f0291e-00b7-470f-9477-d724e2d61819,3822200.80265624,76163.6000136747
2564,31,SIRATA OIROBI DISP,2116,RIFT VALLEY,SAMBURU,KIRISIA,SIRATA-OIROBI,SIRATA-OIROBI,GPS,4,MOH,1.05049,36.64855,f07b094b-51d9-4c91-b237-934c90092abd,4079697.92431183,116946.564080677
2565,2,AMUKURA H C,0,WESTERN,TESO,AMUKURA,AMUKURA,AMUKURA,DHMT,3,MOH,0.569002,34.283452,d914c856-25ab-487f-8e62-bdbd146f7315,3816416.41927564,63342.0540826755
2566,37,NAMASOLI HEALTH CENTRE,2291,WESTERN,BUTERE/MUMIAS,KHWISERO,SHIROMBE,IKOMERO,AMKENI,3,MISS,0.144083,34.528817,367a40d5-bfd7-4767-aaa4-7b577f3075ae,3843730.32613414,16039.2630969097
2567,33,SOUTH HORR DISP,3069,RIFT VALLEY,SAMBURU,NYIRO,SOUTH HORR,SOUTH HORR(SAMBU),DDP,4,MOH,2.12806,36.8956,9a89a9ac-aa76-40c4-a264-f788ad2cd617,4107199.40451231,236949.040471932
2568,38,NAMUTUNGU DISP,4216,WESTERN,BUTERE/MUMIAS,MATUNGU,MATUNGU,NAMULUNGU,AMKENI,4,MISS,0.451287,34.46232,84bfe64b-f147-44b4-a225-e6d789645f48,3836327.91395485,50237.5584870238
2569,3,AMUKURA MISS. HOSPITAL,2252,WESTERN,TESO,AMUKURA,AMUKURA,AMUKURA,DHMT,1,MISS,0.572453,34.289204,890f7794-ac5e-47e1-b5e4-77f7779e1483,3817056.72898668,63726.236705179
2570,34,SOUTH HORR HEALTH CENTRE,2118,RIFT VALLEY,SAMBURU,NYIRO,SOUTH HORR,SOUTH HORR(SAMBU),DDP,3,MISS,2.04556,36.8998,a9307c47-058c-4cc3-822e-616510b3f363,4107666.94637364,227759.086936456
2571,39,RED CROSS DISP,4223,WESTERN,BUTERE/MUMIAS,BUTERE,TOWNSHIP,SHIROTSA,ILRI MKT CENTRES,4,NGO,0.213826,34.493659,e068e3aa-edea-446a-b920-00e8865d4a18,3839816.55547682,23803.0566916058
2572,4,ANGURAI H C,2253,WESTERN,TESO,ANGURAI,ANGURAI,CHELELEMUK,DHMT,3,MOH,0.707111,34.364965,03f082d4-22ac-44e2-b4ee-a10d8d71800a,3825490.40492867,78717.2347236137
2573,35,SUGUTA MARMAR CATHOLIC DISP,2431,RIFT VALLEY,SAMBURU,LORROKI,KISIMA,LMISIGIYOI,GPS,4,MISS,0.8254,36.68941,5cc859da-f78f-4aa2-8fe3-51b8974ac839,4084246.43870565,91886.2859695592
2574,40,SHIANDA DISP,2294,WESTERN,BUTERE/MUMIAS,MUMIAS,SHIBINGA,LUBINU,AMKENI,4,MISS,0.315862,34.576249,2aa079e2-d324-4ad0-9f17-ecb64dae271e,3849010.43222144,35161.7751035
2575,5,CHEMASIRI DISP,4265,WESTERN,TESO,ANGURAI,CHEMASIRI,CHEMASIRI,DHMT,4,MISS,0.743327,34.381249,a9113d50-b897-42b8-b5d8-8fe52abb7c59,3827303.13151675,82749.1044405012
2576,36,SUGUTA MARMAR HEALTH CENTRE,2124,RIFT VALLEY,SAMBURU,LORROKI,SUGUTA MARMAR,SUGUTA MARMAR,GPS,3,MOH,0.8315,36.69225,c91bc9ca-81a6-4ce1-b4da-4c25aefacc1f,4084562.5860595,92565.4058535653
2577,41,SHIKUNGA DISP,3827,WESTERN,BUTERE/MUMIAS,BUTERE,TOWNSHIP,SHIROTSA,AMKENI,4,MOH,0.21743,34.499125,be7b64eb-e7cb-40a3-bf19-8332e2c526fa,3840425.0278135,24204.2549776366
2578,8,KOCHOLIA HEALTH CENTRE,2257,WESTERN,TESO,AMAGORO,KOCHOLIA,KOCHOLIA,DHMT,3,MOH,0.620794,34.346269,64a4f4b3-1dda-43fc-bc8f-8d6af92134d6,3823409.1757288,69107.8241334087
2579,37,SWARI DISP,3060,RIFT VALLEY,SAMBURU,WAMBA,NAIRIMIRIMO,SWARI,DDP,4,MOH,1.16879,37.0928,501ff1a3-585b-4b8d-b91c-3fa0be0cbcaf,4129151.60809675,130118.132272942
2580,42,SHIKUNGA HEALTH CENTRE,0,WESTERN,BUTERE/MUMIAS,BUTERE,MARENYO,SHIKUNGA,ILRI MKT CENTRES,3,MISS,0.177423,34.539311,e4432509-596d-41b2-a1e4-380bd2661a04,3844898.51287052,19750.6695799956
2581,10,KOLANYA MISS H C,2481,WESTERN,TESO,ANGURAI,KOLANYA,KOLANYA,DHMT,3,MISS,0.715561,34.394517,d8408620-5e68-4acc-8680-fc5c086b2cb4,3828780.1185206,79657.9569203532
2582,38,TUUM DISP,3068,RIFT VALLEY,SAMBURU,NYIRO,TUUM,TUUM,DDP,4,MOH,2.14624,36.7824,3bbba409-d99b-4f91-8c48-aac8e5a40702,4094598.03815451,238974.237500886
2583,43,SHIRAHA HEALTH CENTRE,2352,WESTERN,BUTERE/MUMIAS,BUTERE,NORTH MARAMA,SHIRAHA,AMKENI,3,MOH,0.19674,34.570745,28b331a8-b492-4b9c-94e8-6e6020e27519,3848397.72974411,21901.0396568603
2584,11,LUKOLIS DISP,2246,WESTERN,TESO,AMUKURA,AREMIT,ODIOYI,DHMT,4,MOH,0.602941,34.226504,9bbd5f99-967d-4b78-a2f2-a6db6215bd7c,3810076.99691394,67120.3239268408
2585,39,UPPER HILL FRIENDS DISP,0,RIFT VALLEY,SAMBURU,KIRISIA,LOOSUK,LOOSUK,DISTRICT ESTIMATES,4,MISS,1.01,36.61,9c807179-b8fc-4b33-a52b-0fa5dbf9b256,4075406.55794175,112438.509046705
2586,44,SHIRAHA HEALTH CENTRE,0,WESTERN,BUTERE/MUMIAS,BUTERE,NORTH MARAMA,SHIRAHA,DSA/DFH(MOH)-UNFPA REPORT,3,MISS,0.196039,34.5706,a206c1b2-dc43-4cb7-86c2-21a015fbf825,3848381.58841795,21823.0042354058
2587,12,MODING HEALTH CENTRE,2259,WESTERN,TESO,ANGURAI,MODING,ADUMAI,DHMT,3,MOH,0.761435,34.334208,0dc86683-2810-4fc7-a318-71d7aae568ac,3822066.55135034,84765.0515975917
2588,40,WAMBA HEALTH CENTRE,2125,RIFT VALLEY,SAMBURU,WAMBA,WAMBA,WAMBA TOWN,DDP,3,MOH,0.988407,37.3348,23c487fe-a5c1-4bae-bbe1-07405836615d,4156090.92486871,110034.421696661
2589,45,SHISISIA DISP,3208,WESTERN,BUTERE/MUMIAS,BUTERE,TOWNSHIP,SHIROTSA,ILRI MKT CENTRES,4,MISS,0.213826,34.493659,4bf83e6a-eac2-4dab-9475-1ef6ab4cbd2f,3839816.55547682,23803.0566916058
2590,13,OBEKAI DISP,3272,WESTERN,TESO,AMUKURA,KALIWA,KALIWA(TESO),DHMT,4,MOH,0.508603,34.246637,43428d2b-20c6-4297-a6d7-5702a588734c,3812318.19222209,56618.1705427596
2591,41,WAMBA HOSPITAL,2127,RIFT VALLEY,SAMBURU,WAMBA,WAMBA,WAMBA TOWN,HD MAPS,1,MISS,0.98333,37.3167,7354e191-d174-4272-9236-8c4a964d2ef4,4154076.04208535,109469.168966917
2592,46,ST. JAMES BUTOBE DISP,3202,WESTERN,BUTERE/MUMIAS,MATUNGU,KOYONZO,NANYENI,AMKENI,4,MISS,0.409391,34.448211,04ab4869-ba80-428d-9539-ea837a2f3194,3834757.30725925,45573.5854440169
2593,14,ST. MARY AKICHELESIT CATH. H C,4264,WESTERN,TESO,ANGURAI,ANGURAI,CHELELEMUK,DHMT,3,MISS,0.696246,34.366172,df081412-efb3-4095-aa78-2d44de11c601,3825624.76755406,77507.6577497616
2594,42,WESTGATE DISP,2120,RIFT VALLEY,SAMBURU,WASO,WASO EAST,ARCHERS POST,DISTRICT ESTIMATES,4,MOH,0.67124,37.48124,732fe13c-bda7-4b77-9d74-d3dea3bdb91e,4172392.55110049,74723.8043189426
2595,47,ST.MARY'S  HOSPITAL,2349,WESTERN,BUTERE/MUMIAS,MUMIAS,NABONGO,TOWNSHIP,AMKENI,1,MISS,0.326827,34.498991,8727d490-1b6d-49fe-a544-9b824deb7e01,3840410.11100173,36382.4125197354
2596,2,BANJA HEALTH CENTRE,2303,WESTERN,VIHIGA,TIRIKI WEST,BANJA,GASIANGA,DSA/DFH(MOH)-UNFPA REPORT,3,MOH,0.044384,34.8298,a511b716-c0d3-4664-938b-59f73186bda4,3877235.60043156,4940.80477351816
2597,1,ANGATA BARRIKOI  HC,1794,RIFT VALLEY,TRANS MARA,LOLGORIAN,ANGATA,ANGATA,TRANSMARA DEV. PROG.,3,MOH,-1.3724,34.7608,bc51e5eb-e8bb-4bcb-a4b5-7cbf750d3bcb,3869554.55556683,-152789.480137177
2598,2,ANGATA BARRIKOI DISP,0,RIFT VALLEY,TRANS MARA,LOLGORIAN,ANGATA,ANGATA,TRANSMARA DEV. PROG.,4,MISS,-1.38382,34.7679,2a57dd78-60e6-4027-b419-8f3ac339f667,3870344.92395146,-154061.11654345
2599,1,ACTION AID CLINIC (KAKAMEGA),3168,WESTERN,KAKAMEGA,MUNICIPALITY,SHIEYWE,TOWNSHIP(KAKAMEGA),ILRI MKT CENTRES,4,NGO,0.290182,34.752693,d47e10ba-1fff-4998-9574-c9ba18607331,3868652.08845497,32303.0505758597
2600,3,BOYANI DISP,4003,WESTERN,VIHIGA,TIRIKI WEST,TAMBUA,GAMALENGA,AMKENI,4,MISS,-0.013325,34.734709,36456063-56a8-4b80-b1a3-4aceb8334196,3866650.11873254,-1483.33222818683
2601,4,EMARTI HEALTH CENTRE,1797,RIFT VALLEY,TRANS MARA,KIRINDONI,EMARTI,KIRIBWET,TRANSMARA DEV. PROG.,3,MOH,-0.997695,35.1801,62cc5c1d-adf8-4d2f-9fbd-bde6eea1c1dd,3916230.81805645,-111068.512444068
2602,2,AHAMADIYYA MUSLIM DISP,0,WESTERN,KAKAMEGA,KABRAS,KABRAS EAST,KAKUNGA,ILRI MKT CENTRES,4,MISS,0.385094,34.87387,0516cad4-a8db-4a87-8175-d380638e1b5f,3882141.45039083,42868.7907476608
2603,4,BUGINA HEALTH CENTRE,0,WESTERN,VIHIGA,SABATIA,BUSALI WEST,BUGINA,GPS,3,MOH,0.148995,34.76777,dc7088b8-017f-40ef-9157-c3fff83ed36a,3870330.45241766,16586.0662242476
2604,3,BUDONGA DISP,4466,WESTERN,KAKAMEGA,NAVAKHOLO,BUNYALA WEST,BUDONGA,AMKENI,4,MOH,0.398045,34.61019,62b7132d-7ef9-4ad9-bb6b-743ed993c743,3852788.72705845,44310.5231446191
2605,5,EMURUA DIKIRR DISP,0,RIFT VALLEY,TRANS MARA,KIRINDONI,MURKAN,MOGONDO,TRANSMARA DEV. PROG.,4,MOH,-0.965325,35.0759,d9a2c82a-1872-4986-829d-31c22251b994,3904631.32711579,-107464.571691591
2606,5,BUYANGU MISSION HEALTH CENTRE,2271,WESTERN,VIHIGA,TIRIKI WEST,JEPKOYAI,KAPCHEMUGUNG,AMKENI,3,MISS,0.039225,34.745947,72ab7883-1c5a-4c4b-9c97-ce9950fb2ab7,3867901.12717008,4366.50736745739
2607,4,BUKURA RHDC,2304,WESTERN,KAKAMEGA,LURAMBI,BUKURA,EMUKAYA,AMKENI,3,MOH,0.219185,34.620511,ada52824-0261-421a-9a35-fa5d5bfa3238,3853937.65552294,24399.6221021063
2608,6,EMURUA DIKIRR SDA DISP,0,RIFT VALLEY,TRANS MARA,KIRINDONI,EMARTI,CHEMAMIT,DDP,4,MISS,-0.951139,35.1086,8c7bbd1c-7b1f-4ada-ab36-f61b444784f2,3908271.47446473,-105885.1725155
2609,6,CHAMAKANGA HC,4005,WESTERN,VIHIGA,SABATIA,BUSALI WEST,CHAMAKANGA,AMKENI,3,MISS,0.147328,34.795455,7f47bc7b-453c-4b00-8088-115021c9e03e,3873412.33252027,16400.4960126424
2610,5,BUKWALA DISP,0,WESTERN,KAKAMEGA,IKOLOMANI,IGUHU,IVONDA,ILRI VILLAGES,4,MISS,0.15,34.74,7477b0ca-61ec-4c79-a1b5-77729db7a5a4,3867239.11015833,16697.9426933211
2611,7,ENOOSAEN HEALTH CENTRE,3226,RIFT VALLEY,TRANS MARA,KEIYAN,ENOSAEN,MAPASHI,TRANSMARA DEV. PROG.,3,MOH,-0.997755,34.7358,f6392ba0-cc95-4b23-8bfb-8072a8c4fc56,3866771.568297,-111075.192626312
2612,7,CHAVOGERE HEALTH CENTRE,3266,WESTERN,VIHIGA,SABATIA,BUSALI EAST,CHAVOGERE,AMKENI,3,MISS,0.151041,34.810503,0d52388f-45b9-4018-a99e-a90ef12a2217,3875087.46821773,16813.8266831268
2613,6,BUSHIANGALA DISP.,2270,WESTERN,KAKAMEGA,IKOLOMANI,ISULU,SHIBUNAME,AMKENI,4,MISS,0.187202,34.683875,f366dcf2-4a86-4b3f-83c3-80466ea1156f,3860991.30373756,20839.2683927219
2614,8,FSC DISP,0,RIFT VALLEY,TRANS MARA,LOLGORIAN,OLORIEN,OLOLMONGI,DDP,4,MISS,-1.25984,34.9009,b3410bb9-c6d0-49ce-93a9-0c52e8483717,3885150.41622697,-140256.049751264
2615,9,EBUSIRATSI HEALTH CENTRE,2308,WESTERN,VIHIGA,EMUHAYA,NORTH BUNYORE,EBUSIRATSI,AMKENI,3,MOH,0.079485,34.634512,b843fdb4-6ea0-4fd8-ae18-0cd1ef027e56,3855496.23971353,8848.23256382465
2616,7,BUSHIRI RHDC,2357,WESTERN,KAKAMEGA,LURAMBI,BUTSOTSO NORTH,INGOTSE,AMKENI,3,MOH,0.366132,34.729199,ac399334-d3f3-4f15-bb06-314af6cb8f6a,3866036.74833827,40757.9051940173
2617,9,FSC SIKAWA H C,0,RIFT VALLEY,TRANS MARA,KEIYAN,SIKAWA,OLDANYATI,TRANSMARA DEV. PROG.,3,MISS,-1.05692,34.6896,29410792-212a-44e4-8cee-d3f7a978e61a,3861628.60782235,-117662.469468389
2618,10,EKWANDA HEALTH CENTRE,3824,WESTERN,VIHIGA,LUANDA,S.W BUNYORE,MWITUBWI,AMKENI,3,MOH,0.014044,34.571276,9d3f21cb-b4c5-4e1b-8601-96e82e711d31,3848456.84039373,1563.37094436374
2619,9,CHEBWAI HEALTH CENTRE,2272,WESTERN,KAKAMEGA,KABRAS,KABRAS CENTRAL,MATSAKHA,AMKENI,3,MISS,0.496461,34.832792,434ed29c-8921-4dd2-be99-b7cb634028f1,3877568.66834802,55266.4772920961
2620,0,ILIKERIN DISP,1801,RIFT VALLEY,TRANS MARA,KIRINDONI,MURKAN,OLKERIN,DHMT,4,MOH,-1.049882,35.061875,04585d97-fe6a-4247-a119-48f3e8ddd950,3903070.07125741,-116878.870459422
2621,11,EMUHAYA HEALTH CENTRE,2309,WESTERN,VIHIGA,EMUHAYA,WEKHOMO,IBOONA,AMKENI,3,MOH,0.037943,34.626321,a6ed142b-a89c-4781-b80c-648c05306ca0,3854584.42176444,4223.7957478967
2622,10,CHEBWAYI HEALTH DISP,4212,WESTERN,KAKAMEGA,IKOLOMANI,IGUHU,SHIVEYE,ILRI VILLAGES,4,MISS,0.163828,34.800262,dc265fc1-8555-4884-a5b5-ef28bdbd06ca,3873947.44531251,18237.2743884596
2623,0,KABOLECHO DISP,0,RIFT VALLEY,TRANS MARA,KIRINDONI,EMARTI,KAPSASIAN,DHMT,4,MOH,-1.010148,35.141361,66531b2c-7ab6-4ad7-bf2f-d0800648ac63,3911918.41230261,-112454.986891807
2624,12,ENZARO HEALTH CENTRE,3264,WESTERN,VIHIGA,VIHIGA,SOUTH MARAGOLI,IDELERI,AMKENI,3,MOH,0.001352,34.702388,0b874a64-baaf-4f3b-952a-9eed1ad13f67,3863052.16147061,150.503951571661
2625,11,CHOMBELI DISP.,3662,WESTERN,KAKAMEGA,KABRAS,SHIRUGU,SAMITSI,AMKENI,4,MOH,0.456206,34.751505,78e249df-523b-4f55-b21e-acc8644ae796,3868519.84089991,50785.1562340048
2626,0,KAMAGEK,0,RIFT VALLEY,TRANS MARA,KIRINDONI,MURKAN,MOGONDO,DHMT,4,MOH,-1.024171,35.015118,eb943505-8874-405a-b7be-cccea1e1c781,3897865.10582639,-114016.26613602
2627,13,ESIARAMBATSI H C,2311,WESTERN,VIHIGA,EMUHAYA,N.E BUNYORE,EBUSILOLI,AMKENI,3,MOH,0.080783,34.667144,e1ec24be-6e43-4179-9690-7fe4e18d9913,3859128.8173371,8992.72540419988
2628,13,EGUHU HC,0,WESTERN,KAKAMEGA,IKOLOMANI,IGUHU,MAKHOKHO,DSA/DFH(MOH)-UNFPA REPORT,3,MOH,0.168335,34.7433,fd149599-5f7c-4647-9d42-77a50e783e2c,3867606.46447795,18738.99344139
2629,0,KAPSASIAN DISP,0,RIFT VALLEY,TRANS MARA,KIRINDONI,EMARTI,KAPSASIAN,DHMT,4,MOH,-0.968076,35.129671,8f31553b-bdde-45a9-a046-7bc4cff8f22c,3910617.08745523,-107770.855204311
2630,15,GIVUDIMBULI HEALTH CENTRE,2313,WESTERN,VIHIGA,SABATIA,WODANGA,MAMBAI,AMKENI,3,MOH,0.088137,34.780698,7118692e-5dec-49d7-9cb1-62aa4031861e,3871769.59079463,9811.36982950933
2631,16,EMATSAYI MISSION DISP,2273,WESTERN,KAKAMEGA,LURAMBI,BUTSOTSO SOUTH,ESHIBULI,DSA/DFH(MOH)-UNFPA REPORT,4,MISS,0.266344,34.6627,5049423a-29b5-43f5-bcc0-f4232506564f,3858634.11352001,29649.3852397537
2632,10,KAPWERIA DISP,0,RIFT VALLEY,TRANS MARA,PIRRAR,OLOLMASANI,ABOSSI,SUBLOC CENTROID,4,MOH,-0.935549,35.075519,3f753294-5e8b-46e0-b23e-0f161fe77b1c,3904588.9143898,-104149.466397772
2633,16,HAMISI BAPTIST DISP,0,WESTERN,VIHIGA,TIRIKI WEST,BANJA,KIPCHEKWEN,ILRI MKT CENTRES,4,MISS,0.0703,34.796456,83867ef8-04a5-4df7-a13b-6e3fb54b2636,3873523.76333055,7825.76216631573
2634,17,EREGI MISSION H C,2275,WESTERN,KAKAMEGA,IKOLOMANI,SHIKUMU,MADIVINI,DSA/DFH(MOH)-UNFPA REPORT,3,MISS,0.148307,34.6901,ddb9a5f1-b7aa-4996-a870-1e0353247a60,3861684.26756774,16509.4781568132
2635,11,KARDA DISP,4288,RIFT VALLEY,TRANS MARA,KEIYAN,ISAMPIN,ELANGATA SAEN,DHMT,4,MISS,-1.020665,34.749775,da1ed721-387b-4aca-b3a1-dca553656ae1,3868327.25818083,-113625.917853908
2636,17,HAMISI HEALTH CENTRE,2314,WESTERN,VIHIGA,TIRIKI WEST,GISAMBAI,GAVUDUNYI,AMKENI,3,MOH,0.073514,34.802064,7e913c3b-7f80-4ee0-bb36-5f09dc1f52fb,3874148.04303492,8183.54329153686
2637,18,ESHIKHUYU DISP,0,WESTERN,KAKAMEGA,LURAMBI,BUTSOTSO SOUTH,ESHIBULI,AMKENI,4,MOH,0.264745,34.655744,3c931e41-6e9e-43c0-9422-1f0164dabef7,3857859.77514205,29471.3834622553
2638,12,KAWAI DISP,0,RIFT VALLEY,TRANS MARA,LOLGORIAN,OLORIEN,OLOLMONGI,TRANSMARA DEV. PROG.,4,MISS,-1.25377,34.9482,9c6f7b95-a723-420f-b95a-22362a69aecb,3890415.82814149,-139580.177846711
2639,18,IPALI HEALTH CENTRE,2317,WESTERN,VIHIGA,LUANDA,WEST BUNYORE,ITUMBU,AMKENI,3,MOH,0.0502,34.58082,45f12341-387f-4ec2-8bd1-e4ffcd683d75,3849519.27361386,5588.23915279776
2640,19,ESHSHURU DISP,4467,WESTERN,KAKAMEGA,SHINYALU,MURHANDA,KAKAMEGA FOREST,ILRI VILLAGES,4,MOH,0.27,34.92,87b0ad38-8d01-438d-b620-ba81434dbc2b,3887276.61850112,30056.3737560878
2641,13,KERINKANI DISP,0,RIFT VALLEY,TRANS MARA,LOLGORIAN,OLORIEN,KERINKANNE,TRANSMARA DEV. PROG.,4,MISS,-1.3089,34.8678,82d7bddf-e3f2-4972-97d5-a2530ac02c7b,3881465.74108171,-145718.756580966
2642,19,KAIMOSI FRIENDS' HOSPITAL,2343,WESTERN,VIHIGA,TIRIKI EAST,SHAVIRINGA,MULUNDU(TIRIKI EAST),AMKENI,1,MISS,0.13183,34.84834,c29f2316-f69e-482e-aa92-5a359df3097e,3879299.46379087,14675.2614197387
2643,20,IGUHU HEALTH CENTRE,2315,WESTERN,KAKAMEGA,IKOLOMANI,IGUHU,MAKHOKHO,AMKENI,3,MOH,0.163363,34.74599,e64489b0-2df5-4f3a-a909-2ba6689a5d37,3867905.91390818,18185.5106142397
2644,14,KERINKANI DISP,0,RIFT VALLEY,TRANS MARA,LOLGORIAN,OLORIEN,KERINKANNE,DDP,4,MOH,-1.33878,34.8527,a750da7e-2d91-48f7-81b4-a027071c6508,3879784.81677073,-149045.871067391
2645,20,KEGONDI HEALTH CENTRE,4476,WESTERN,VIHIGA,SABATIA,WEST MARAGOLI,HAMUYUNDI,DHMT,3,MOH,0.13,34.71,2e2eddda-18f8-40ca-bf0d-3e9864e871bd,3863899.52543453,14471.546219806
2646,21,KIMA HOSPITAL,2345,WESTERN,VIHIGA,EMUHAYA,WEKHOMO,IBOONA,AMKENI,1,MISS,0.04,34.64,c30b84e4-d668-4e6d-8b9a-b868093b6154,3856107.161079,4452.77999343835
2647,21,ILEHO HEALTH CENTRE,2316,WESTERN,KAKAMEGA,ILEHO,IVIHIGA,LUNYU,AMKENI,3,MISS,0.290344,34.945664,47834499-00ef-45d8-b5c6-2fb15c5c34ee,3890133.52191284,32321.0845647844
2648,15,KILGORIS DISP,0,RIFT VALLEY,TRANS MARA,KILGORIS,OLOLCHANI,KILGORIS,1:50000 MAPS,4,MISS,-1.00495,34.88108,614b8ab2-e2a6-4916-ac3a-338c1f765bb0,3882944.06391944,-111876.258699584
2649,22,INDANGALASIA YMCA DISP,0,WESTERN,KAKAMEGA,LURAMBI,SHIKOTI,INDANGALASIA(KK),SUBLOC CENTROID,4,NGO,0.343242,34.772402,703c2560-3b07-4ee3-a02b-8a66ac0918fa,3870846.08429901,38209.753208152
2650,16,KILGORIS DIST HOSP/TRANSMARA DIST HOSP,1828,RIFT VALLEY,TRANS MARA,KILGORIS,OLOLCHANI,KILGORIS,TRANSMARA DEV. PROG.,1,MOH,-1.00212,34.8789,6d569a40-265c-4402-879e-06118132b19d,3882701.38742951,-111561.176212145
2651,23,LIKINDU DISP,4004,WESTERN,VIHIGA,VIHIGA,MUNGOMA,VIGULU,AMKENI,4,MOH,0.017027,34.659398,cfc8bf41-32d1-4716-b039-a038507511cd,3858266.53656141,1895.43699763919
2652,23,INGOTSE DISP,2278,WESTERN,KAKAMEGA,LURAMBI,BUTSOTSO NORTH,INGOTSE,AMKENI,4,MISS,0.355409,34.697877,1094d662-99b6-4089-a778-b5f07774e597,3862549.99924765,39564.2026288659
2653,17,KILGORIS SDA HEALTH CENTRE,0,RIFT VALLEY,TRANS MARA,KILGORIS,OLALUI,OLALUI,TRANSMARA DEV. PROG.,3,MISS,-1.00842,34.8823,e2feda34-1253-478f-bc19-7cc9b3bb4f56,3883079.87369821,-112262.5969632
2654,24,LYANAGINGA HEALTH CENTRE,2322,WESTERN,VIHIGA,EMUHAYA,WEKHOMO,EBUHANDO,AMKENI,3,MOH,0.010225,34.621767,f89b27bd-377b-4c53-bd60-a7b333a0b8c2,3854077.47280337,1138.24179940827
2655,24,KAKAMEGA FOREST DISP,2280,WESTERN,KAKAMEGA,SHINYALU,SHIBUYE,VIRHEMBE,AMKENI,4,MOH,0.235798,34.867553,54f8cea9-c771-4f2e-b5fd-9a5b9d87d1f4,3881438.24516748,26248.9873864397
2656,27,MBALE RHTC,2359,WESTERN,VIHIGA,VIHIGA,WAMULUMA,MBIHI,AMKENI,3,MOH,0.080026,34.722102,300bfa7c-c573-41cd-b7db-b58d06cfdf06,3865246.71391211,8908.45646669025
2657,18,KIMENDET DISP,0,RIFT VALLEY,TRANS MARA,KIRINDONI,KIMINTET,OLOOLOLO,ST.JOSEPH HOSP. REPORT,4,MISS,-1.21865,35.0295,74f94287-8493-4759-a62f-d8ec5f3b6264,3899466.10274298,-135669.727105708
2658,25,KAKAMEGA PROVINCIAL GENERAL,2344,WESTERN,KAKAMEGA,MUNICIPALITY,BUKHUNGU,SHIRERE,AMKENI,2,MOH,0.27498,34.758806,6805f034-8b11-4765-95c8-662a473edb5c,3869332.58450219,30610.7510898786
2659,79,MUSITINYI DISP,4640,WESTERN,VIHIGA,EMUHAYA,EAST BUNYORE,EBUBAYI,AMKENI,4,MOH,0.056713,34.656238,89dadf17-e2da-4b9c-b783-4faf1d3798ec,3857914.7669705,6313.26331228049
2660,19,KIMINTET HEALTH CENTRE,3227,RIFT VALLEY,TRANS MARA,KIRINDONI,KIMINTET,KIRINDONI,SUBLOC CENTROID,3,MOH,-1.121016,35.074135,75139aaf-69a8-45d7-8ac4-cbb8ff2f8bc9,3904434.84821454,-124798.892832348
2661,26,KAMBIRI H C,3278,WESTERN,KAKAMEGA,ILEHO,KAMBIRI,BULOVI,AMKENI,3,MOH,0.374147,34.911005,ae5a716d-865d-4f15-81cd-595e9e5135f3,3886275.29968143,41650.1495316619
2662,20,KIRINDONI DISP,0,RIFT VALLEY,TRANS MARA,KIRINDONI,KIMINTET,KIRINDONI,TRANSMARA DEV. PROG.,4,MOH,-1.10379,35.066,4810e71c-0fb2-4310-86ab-4d0d6a67b3f8,3903529.26415693,-122880.941806171
2663,81,NANDAYA DISP,4642,WESTERN,VIHIGA,SABATIA,CHAVAKALI,VIYALO,DHMT,4,MOH,0.1,34.68,707b6dd6-f7d3-4145-ae04-eea839ea2f28,3860559.94071073,11131.9547309754
2664,27,KHARANDA DISP,3830,WESTERN,KAKAMEGA,NAVAKHOLO,BUNYALA WEST,SIDIKHO,AMKENI,4,MOH,0.441685,34.636808,6e6eba3f-9f01-4eae-8c5a-2b931434454c,3855751.82926439,49168.6362799748
2665,21,KIRINTON DISP,0,RIFT VALLEY,TRANS MARA,KILGORIS,OLALUI,OLALUI,ILRI MKT CENTRES,4,MISS,-1.021748,34.878338,0bda86ba-caea-4b6f-a27f-86718447e2bf,3882638.82587569,-113746.496014214
2666,29,NYANG'ORI HEALTH CENTRE,3265,WESTERN,VIHIGA,TIRIKI WEST,TAMBUA,GAMALENGA,DSA/DFH(MOH)-UNFPA REPORT,3,MISS,-0.015824,34.7435,9ed47336-c761-4ebc-b87b-4e92cf1e1f7d,3867628.7283761,-1761.51964470088
2667,30,ROYAL MEDICAL CENTRE,0,WESTERN,VIHIGA,LUANDA,WEST BUNYORE,EBUSIRALO,AMKENI,4,MISS,0.021141,34.590057,f7866bc1-b92d-41a2-8f1b-80d9d9e9bbf8,3850547.53175031,2353.40540826777
2668,28,KILINGILI HEALTH CENTRE,2319,WESTERN,KAKAMEGA,IKOLOMANI,SHIKUMU,KALUNI,AMKENI,3,MOH,0.142198,34.681513,43f93fa5-de69-4ffc-a479-5c4cf4962488,3860728.3671003,15829.4252019219
2669,22,KORDA MISSION HOSPITAL,0,RIFT VALLEY,TRANS MARA,KEIYAN,ISAMPIN,ELANGATA SAEN,DHMT,1,MISS,-1.037027,34.768478,69cb8c84-3337-4de2-a191-18a6f80a957e,3870409.26661714,-115447.621060004
2670,31,SABATIA HEALTH CENTRE,2331,WESTERN,VIHIGA,SABATIA,WODANGA,VOKOLI,AMKENI,3,MOH,0.120764,34.787248,38568a56-0493-4f4b-ae5b-cd5b28c8a748,3872498.73345933,13443.3969399367
2671,29,KUVASALI DISP,778,WESTERN,KAKAMEGA,KABRAS,KABRAS EAST,CHIMUCHE,AMKENI,4,MOH,0.421058,34.943218,244d33f9-ec01-4213-b0e4-412c5f28bb9f,3889861.23443836,46872.3840513371
2672,0,KURONGURIK DISP,0,RIFT VALLEY,TRANS MARA,KIRINDONI,MURKAN,MOGONDO,DHMT,4,MOH,-1.00781,35.066551,17e6d6f5-d8c8-4b15-8cd5-2163da41be68,3903590.60119636,-112194.681561414
2673,32,SEREM HEALTH CENTRE,2333,WESTERN,VIHIGA,TIRIKI EAST,SHAMAKHOKO,SEREM,AMKENI,3,MOH,0.080128,34.852747,a29d1e18-eb06-4621-84ea-5f300e6fad6f,3879790.0487868,8919.81106584348
2674,30,LUTASO CATHOLIC DISP,2283,WESTERN,KAKAMEGA,KABRAS,KABRAS WEST,BURUNDU,DSA/DFH(MOH)-UNFPA REPORT,4,MISS,0.445628,34.7443,f663f222-79d2-4242-af38-0ec4bebb8b60,3867717.78396874,49607.5821913914
2675,23,LICHARTUYIARI HEALTH CENTRE,0,RIFT VALLEY,TRANS MARA,KILGORIS,OLOIBORSOITO,OLDONYO-RASHA,TRANSMARA DEV. PROG.,3,MISS,-0.989698,34.8998,d4332970-7d2b-486d-82e8-edfad7a1b7c3,3885027.96478709,-110178.15657411
2676,33,SHAMAKHOKHO DISP,2334,WESTERN,VIHIGA,TIRIKI EAST,SHAMAKHOKO,JIVOLOLI,GPS,4,MOH,0.11385,34.83064,3f7b2b84-aecb-43f5-8d6d-a9a00d7cedef,3877329.10880383,12673.7323669798
2677,31,MAENDELEO YA WANAWAKE DISP,3552,WESTERN,KAKAMEGA,MUNICIPALITY,BUKHUNGU,SHIRERE,ILRI TOWNS,4,NGO,0.274589,34.76403,fb8fa521-0b7f-4f8c-84fd-da1927086a92,3869914.11752209,30567.2246684141
2678,24,LOLGORIEN  SUB DISTRICT HOSPITAL,1829,RIFT VALLEY,TRANS MARA,LOLGORIAN,MOYOI,LOLGORIAN,TRANSMARA DEV. PROG.,1,MOH,-1.22817,34.8062,3e4b961a-91de-4792-b5e2-0bc5ea874d89,3874608.46044884,-136729.73029407
2679,34,SHIRU DISP,1698,WESTERN,VIHIGA,TIRIKI EAST,SHAVIRINGA,SHIRU,AMKENI,4,MOH,0.161669,34.911632,264628c9-0831-444d-8209-108a52add6dc,3886345.09700216,17996.9346382469
2680,26,MEGUARA DISP,0,RIFT VALLEY,TRANS MARA,PIRRAR,SIRUA AULO,SIRUA AULO,1:50000 MAPS,4,MISS,-0.919312,34.982,ef22586e-ae33-40b0-913c-04a9e6c0ff26,3894178.4269303,-102341.735003233
2681,32,MALAVA H C,2324,WESTERN,KAKAMEGA,KABRAS,KABRAS EAST,MUSINGU,AMKENI,3,MOH,0.448675,34.853944,4830eee5-2fb3-4094-9d7d-180190c7f950,3879923.29821728,49946.7830096032
2682,35,TIGOI HEALTH CENTRE,2339,WESTERN,VIHIGA,TIRIKI WEST,JEPKOYAI,TIGOI,AMKENI,3,MOH,0.005912,34.725541,e82a1fab-b2ed-47fd-8b26-11db7f04ac76,3865629.54164095,658.120830739061
2683,33,MUKHONJE H C,0,WESTERN,KAKAMEGA,SHINYALU,ILESI,MUKHONJE,DDP,3,MOH,0.250844,34.7271,7663df70-6245-4ccc-80b7-54a32483d4d3,3865803.0887271,27923.9155532897
2684,25,MEGUARA DISP-ROMOSHA,0,RIFT VALLEY,TRANS MARA,PIRRAR,MEGWARA,ROMOSHA,DHMT,4,MOH,-0.914285,34.958038,75f0fd16-9027-4e8f-94d0-0dc8c9802a57,3891510.98929191,-101782.060275683
2685,36,TIRIKI DISP,2299,WESTERN,VIHIGA,TIRIKI EAST,SHAVIRINGA,MULUNDU(TIRIKI EAST),DSA/DFH(MOH)-UNFPA REPORT,4,MISS,0.148592,34.8361,3a027ff3-d56c-4964-95b0-2d07293734f6,3877936.91322356,16541.20431818
2686,27,MONIANGU HEALTH CENTRE,0,RIFT VALLEY,TRANS MARA,KEIYAN,OLOLTARE,OLOLTARE,DHMT,3,MISS,-0.969245,34.684317,cbae14dc-043d-4777-a331-585be9907960,3861040.50695249,-107901.006288727
2687,34,MUKHURU BAPTIST DISP,3207,WESTERN,KAKAMEGA,ILEHO,IVIHIGA,LUNYU,AMKENI,4,MISS,0.246039,34.960883,32098fcd-5fa0-4384-a250-ae5cddb4fb30,3891827.69324322,27389.0203713437
2688,35,MUKUMU MISSION HOSP,2348,WESTERN,KAKAMEGA,SHINYALU,KHAYEGA,SHITOCHI,DSA/DFH(MOH)-UNFPA REPORT,1,MISS,0.204344,34.7652,eacee923-7a5e-4152-b4c0-6ce2f2776d1a,3870044.36132632,22747.5182505019
2689,37,VIHIGA DISTRICT HOSPITAL,1697,WESTERN,VIHIGA,VIHIGA,WAMULUMA,KEGOYE,GPS,1,MOH,0.08365,34.72989,381f2bfc-7b9f-431b-9201-fbd15d3708e9,3866113.67010641,9311.87871291649
2690,28,NAROLONG HEALTH CENTRE,0,RIFT VALLEY,TRANS MARA,KEIYAN,MASURURA,NAROLONG,HD MAPS,3,MISS,-1.141,34.647,ca418c85-3818-4d5d-95be-fa2e4a429ac0,3856886.39751455,-127023.935038807
2691,36,MUSANDA CPK DISP,0,WESTERN,KAKAMEGA,IKOLOMANI,SHISERE,MUTAHO,ILRI MKT CENTRES,4,MISS,0.22276,34.64426,82e41075-2679-47c2-a108-f28f4e774d20,3856581.38210978,24797.5922414825
2692,38,VIHIGA HEALTH CENTRE,2341,WESTERN,VIHIGA,VIHIGA,CENTRAL MARAGOLI,EMANDA,AMKENI,3,MOH,0.038865,34.714689,f3700009-4e14-4677-9b37-abf20e09d077,3864421.50252686,4326.43234146437
2693,29,NGANAIYO DISP,0,RIFT VALLEY,TRANS MARA,KILGORIS,OLOMISMIS,OLOMISMIS,SUBLOC CENTROID,4,MOH,-1.039574,34.920893,93cead14-658b-4e11-a1d4-33847cffbacc,3887376.0268064,-115731.198364952
2694,37,MUSOLI CATHOLIC DISP,2290,WESTERN,KAKAMEGA,IKOLOMANI,SHISERE,SHIKULU,DSA/DFH(MOH)-UNFPA REPORT,4,MISS,0.215209,34.6672,7e82ffae-8f81-45d6-93b1-f82ce39a5e5a,3859135.05122858,23957.0126264413
2695,71,APPROVED SCHOOL DISP (KIRIGITI),1762,CENTRAL,KIAMBU,KIAMBAA,KIAMBAA S/AREA,TOWNSHIP(KIAMBAA),SUBLOC CENTROID,9,OTHER MIN,-1.171293,36.836046,877ea120-8a3c-4c28-ac80-8759e396a39d,4100569.88355761,-130396.823066256
2696,31,NKARARO HEALTH CENTRE,4286,RIFT VALLEY,TRANS MARA,KEIYAN,NKARARO,NKARARO,DDP,3,MOH,-1.10106,34.7988,5e0d99ed-f9a5-49a9-8e3c-dcdb23a0db30,3873784.69621697,-122576.983333173
2697,72,BATA SHOE DISP,191,CENTRAL,KIAMBU,LIMURU,LIMURU,LIMURU TOWN,1:50000 MAPS,9,PRIV,-1.103604,36.644144,22877923-beab-495e-9c52-07342c3bfdba,4079207.4506354,-122860.232538722
2698,32,NKARARO SDA DISP,1813,RIFT VALLEY,TRANS MARA,KEIYAN,NKARARO,NKARARO,TRANSMARA DEV. PROG.,4,MISS,-1.08371,34.7438,2c040d8b-c60a-41c3-878f-abf1f7d97bc3,3867662.12422335,-120645.239075202
2699,73,G.K PRISON DISP(KIAMBU),201,CENTRAL,KIAMBU,KIAMBAA,WAGUTHU,NGEGU,1:50000 MAPS,9,OTHER MIN,-1.175676,36.824324,e2ed85c6-efb5-40af-8d1c-456e8ca2714d,4099264.99648653,-130884.838746929
2700,74,K.A.R.I DISP,0,CENTRAL,KIAMBU,KIKUYU,KIKUYU,KARI,1:50000 MAPS,9,OTHER MIN,-1.220721,36.635135,6616b082-8518-442b-aaf0-7438da408157,4078204.57334284,-135900.322017241
2701,39,MASHURU HEALTH CENTRE,1545,RIFT VALLEY,KAJIADO,MASHURU,IMARORO,MASHURU,1:50000 MAPS,3,MOH,-2.10225,37.1275,2288d144-6995-45f1-a83d-bc8e5d590505,4133014.39442727,-234073.925477711
2702,40,MASIMBA HEALTH CENTRE,1546,RIFT VALLEY,KAJIADO,MASHURU,KENYEWA,KIBOKO(KAJIADO),DDP,3,MOH,-2.19128,37.6717,796385f7-726a-4218-8bd6-7b38fd09c6ce,4193594.46131697,-243991.661484111
2703,41,MBIRIKANI DISP,1525,RIFT VALLEY,KAJIADO,LOITOKITOK,IMBIRIKANI,IMBIRIKANI,DDP,4,MOH,-2.58626,37.5074,c33866cb-c236-41fe-9998-c9db5fb609e7,4175304.66897964,-287998.962853512
2704,42,METO DISP,1526,RIFT VALLEY,KAJIADO,NAMANGA,METO,METO,DDP,4,MOH,-2.37859,36.5502,ec921cfe-a106-43f2-96b8-5214feda1052,4068749.65239232,-264859.516388388
2705,43,MILE 46 HEALTH CENTRE,1547,RIFT VALLEY,KAJIADO,CENTRAL,LOODOKILANI,ELANGATA WUAS,SUBLOC CENTROID,3,MOH,-1.962666,36.562804,3413e1f7-c0b0-4dd2-accb-15adab9f8c10,4070152.72325427,-218525.720386554
2706,44,MOROTOT DISP,4551,RIFT VALLEY,KAJIADO,LOITOKITOK,KUKU,LOOLOPON,1:50000 MAPS,4,MOH,-2.923905,37.510811,6629eaff-8b4b-4e7f-ad11-fce178cd175e,4175684.37976273,-325628.982500622
2707,45,MOSIRO DISP,1808,RIFT VALLEY,KAJIADO,NGONG,MOSIRO,MOSIRO(KAJIADO),DDP,4,MOH,-1.46313,36.1252,2669d8b7-aa88-4419-8696-d331dd4c6a70,4021438.86880517,-162892.591495865
2708,46,NAJILE DISP,3112,RIFT VALLEY,KAJIADO,NGONG,NORTH KEEKONYOKIE,NAJILE,SUBLOC CENTROID,4,MOH,-1.237454,36.444801,44db17b8-8a8c-447c-a53d-6f4cc63a72f5,4057016.68938219,-137763.459728922
2709,47,NAMANGA HEALTH CENTRE,1548,RIFT VALLEY,KAJIADO,NAMANGA,NAMANGA,NAMANGA,DDP,3,MOH,-2.50889,36.8258,4e539cc4-6b67-4ea3-98be-5d32a8a10179,4099429.30405494,-279377.65239273
2710,48,NAMELOK DISP,3370,RIFT VALLEY,KAJIADO,LOITOKITOK,KUKU,LOOLOPON,1:50000 MAPS,4,MOH,-2.928378,37.521622,e65be5c4-d849-46f8-8089-888eee0731b6,4176887.85477769,-326127.564649463
2711,30,KIPSEGI DISP,3506,RIFT VALLEY,KERICHO,KIPKELION,KIPSEGI,TUIYOBEI(KIPKELION),DSA/DFH(MOH)-UNFPA REPORT,4,MOH,-0.175546,35.4157,c0e362eb-693b-4565-adaf-c4c71e1eec5a,3942457.69008735,-19541.7219045263
2712,49,NGATATAEK DISP,1527,RIFT VALLEY,KAJIADO,NAMANGA,BISSIL,BISSIL,1:50000 MAPS,4,MOH,-2.27793,36.8099,e3f74b8a-7165-4c30-9d81-49ee95c8ed25,4097659.32415132,-253644.837050141
2713,34,OGWEDHI SIKAWA DISP,4287,RIFT VALLEY,TRANS MARA,KEIYAN,SIKAWA,SIKAWA,TRANSMARA DEV. PROG.,4,MISS,-1.038377,34.597667,54f53e13-b47d-44c5-8c79-00885ea25dee,3851394.67307525,-115597.92702357
2714,31,KIPSITET DISP,1615,RIFT VALLEY,KERICHO,SOIN,SOIN,KIPSITET,DSA/DFH(MOH)-UNFPA REPORT,4,MOH,-0.224014,35.1598,8f855e17-d418-4d01-8960-8409d665071d,3913971.03239335,-24937.1879439219
2715,50,NGONG HEALTH CENTRE,1549,RIFT VALLEY,KAJIADO,NGONG,NGONG,KIBIKO,DDP,3,MOH,-1.34101,36.6255,35a49dfc-9f5a-49bb-bfe6-b257c83d5d2b,4077132.01004905,-149294.181427427
2716,35,OLDONYO OROK DISP,0,RIFT VALLEY,TRANS MARA,LOLGORIAN,OLDONYO OROK,OLDONYO OROKTM,TRANSMARA DEV. PROG.,4,MISS,-1.31955,34.792,b736a0b9-0e5f-4c2f-a850-842f688cd957,3873027.72367958,-146904.6211062
2717,32,KIPTERE DISP,1617,RIFT VALLEY,KERICHO,SIGOWET,KIPTERE,KIPTERE,DSA/DFH(MOH)-UNFPA REPORT,4,MOH,-0.389825,35.107,53990fc3-1106-4ebd-87dd-25056aba57c7,3908093.36327946,-43395.4553010563
2718,51,OLDOGO DISP,0,RIFT VALLEY,KAJIADO,MAGADI,OLKIRAMATIAN,OLKIRAMATIAN,DHMT,4,MOH,-1.88,36.17,49c8216c-c2ad-44f6-ab2e-a8210f7c90e2,4026425.98199271,-209318.206114202
2719,36,OLEREKO DISP,1817,RIFT VALLEY,TRANS MARA,KILGORIS,SHANKOE,OLEREKO,SUBLOC CENTROID,4,MISS,-0.967116,34.763304,32064318-f2e1-498b-ac5e-b532b418bfed,3869833.29957178,-107663.973252382
2720,0,OSUPUKO DISP,0,RIFT VALLEY,TRANS MARA,KILGORIS,OSUPUKO,OSUPUKO,DHMT,4,MOH,-0.939,34.893,467048f6-b0a6-4b06-a659-e68cf90d437c,3884270.9922497,-104533.681367637
2721,33,KIPTERE SDA DISP,0,RIFT VALLEY,KERICHO,SIGOWET,KIPTERE,KIPTERE,DSA/DFH(MOH)-UNFPA REPORT,4,MISS,-0.385574,35.1113,92ac4d1a-30b4-466e-8ea9-a7cf17543cf7,3908572.03708987,-42922.2253116599
2722,52,OLDONYONYOIKE DISP,4558,RIFT VALLEY,KAJIADO,MAGADI,OLDONYO NYOIKE,KOORA,1:50000 MAPS,4,MOH,-1.79685,36.3739,beae01cc-2eee-425b-b2ed-d697d0518098,4049124.02616546,-200057.222736667
2723,38,POROKO DISP,0,RIFT VALLEY,TRANS MARA,KILGORIS,POROKO,NAKUYIANA,DDP,4,MISS,-0.96329,34.8811,6d3b5ab9-b6d4-4861-805b-2e63d1553fc9,3882946.29030926,-107238.004439812
2724,34,KOITABUROT DISP,962,RIFT VALLEY,KERICHO,SOIN,KOITABUROT,KOITABUROT,DSA/DFH(MOH)-UNFPA REPORT,4,MOH,-0.204457,35.2006,1d5d2e25-019c-44d3-8a8b-d5dfc8641bf6,3918512.86761771,-22760.0974329957
2725,53,OLDOROKO DISP,4559,RIFT VALLEY,KAJIADO,MAGADI,MAGADI,MAGADI(KAJIADO),SUBLOC CENTROID,4,MOH,-1.896213,36.35116,7bdce3ad-2ab4-44d2-975e-6f2ff4cf64c6,4046592.62094482,-211124.009437014
2726,39,POROKO FRIENDS H C,1820,RIFT VALLEY,TRANS MARA,KILGORIS,POROKO,NAKUYIANA,TRANSMARA DEV. PROG.,3,MISS,-0.958314,34.8628,fc7efe29-7ecc-4835-99ae-994511c30a59,3880909.14362774,-106684.000761065
2727,35,KUNYAK DISP,1623,RIFT VALLEY,KERICHO,CHILCHILA,KUNYAK,KAPKWEN,DSA/DFH(MOH)-UNFPA REPORT,4,MOH,-0.128779,35.2967,bcd6572e-572c-48cf-9938-ed75a01ccbd7,3929210.67068294,-14335.6247749479
2728,54,OLGULULUI DISP,1528,RIFT VALLEY,KAJIADO,LOITOKITOK,LENKISM,OLGULULUI,DDP,4,MOH,-2.63376,36.9819,13867dc9-ad59-445c-b08f-96a90144b295,4116806.27656777,-293292.12979458
2729,40,PUSANGI DISP,0,RIFT VALLEY,TRANS MARA,KIRINDONI,KIMINTET,KIRINDONI,DDP,4,MISS,-1.14451,35.0838,b41841ea-0924-4804-b306-8519a5f2a100,3905510.75109306,-127414.744180237
2730,0,LELECHWET DISP,0,RIFT VALLEY,KERICHO,KIPKELION,KIPSEGI,KAPKURES(KERICHO),DHMT,4,MOH,-0.107596,35.459517,8aabfa87-27d8-42e5-ab32-9c7f3382dacd,3947335.37621543,-11977.5389712375
2731,55,OLGUMI DISP,3142,RIFT VALLEY,KAJIADO,NGONG,NORTH KEEKONYOKIE,OLGUMI,SUBLOC CENTROID,4,MOH,-1.108503,36.398071,549982e0-3669-4de7-98c0-9b971bc52bbf,4051814.72957743,-123405.688354555
2732,41,SHANKOE DISP,0,RIFT VALLEY,TRANS MARA,KILGORIS,SHANKOE,OLEREKO,TRANSMARA DEV. PROG.,4,MOH,-0.958372,34.7549,021636c6-ad4a-4430-9cfd-a0038c004d12,3868897.77057115,-106690.458194794
2733,36,LEMOTIT DISP,1780,RIFT VALLEY,KERICHO,LONDIANI,LEMOTIT,SARAMEK,DSA/DFH(MOH)-UNFPA REPORT,4,MOH,-0.091366,35.5203,ed6f6fb4-7ab5-4c0e-b288-e4a953164e65,3954101.70882432,-10170.820906323
2734,42,SIKAWA DISP,0,RIFT VALLEY,TRANS MARA,KEIYAN,SIKAWA,SIKAWA,SUBLOC CENTROID,4,MISS,-1.063948,34.631923,6eb08df4-05b4-49b7-b8ae-c4ae914ba501,3855208.03355186,-118444.956866276
2735,57,OLKIRAMATIAN DISP,1531,RIFT VALLEY,KAJIADO,MAGADI,OLKIRAMATIAN,OLKIRAMATIAN,DDP,4,MOH,-1.90082,36.1455,459620c9-bf0b-456b-b578-4738e8cda09e,4023698.65446827,-211637.140001917
2736,37,LONDIANI SUB-DISTRICT HOSPITAL,1682,RIFT VALLEY,KERICHO,LONDIANI,LONDIANI,CHEPKONGONY(KERI),HD MAPS,1,MOH,-0.158796,35.5893,82b38743-f12c-40f7-ab13-c6699a82a3c1,3961782.75368906,-17677.1124905052
2737,43,SITOKA DISP,0,RIFT VALLEY,TRANS MARA,KIRINDONI,ESOIT NAIBOR,SITOKA,DDP,4,MISS,-1.14616,34.9553,00601ed9-311b-48ea-a546-2abddc22cc54,3891206.19652612,-127598.458044379
2738,59,OLOIKA DISP,1530,RIFT VALLEY,KAJIADO,MAGADI,MAGADI,OLKERI(MAGADI),SUBLOC CENTROID,4,MOH,-2.001866,36.332802,0ae7a0c6-5286-4a46-9fab-f256ac255006,4044549.01773284,-222892.057409453
2739,38,MAKYOLOK DISP,1627,RIFT VALLEY,KERICHO,CHILCHILA,KOKWET,TULWO-PMOI,DSA/DFH(MOH)-UNFPA REPORT,4,MOH,-0.134731,35.3647,a60ca4d8-4218-4f44-95bb-2ac1d29206ed,3936780.39605688,-14998.2001362847
2740,44,ST. ANTHONY ABOSSI H C,1822,RIFT VALLEY,TRANS MARA,PIRRAR,OLOLMASANI,ABOSSI,TRANSMARA DEV. PROG.,3,MISS,-0.909657,35.0758,68ae9cfc-76ea-4e90-a41f-6d7e8d9d1590,3904620.19516671,-101266.808404614
2741,60,OLOIYANKALANI DISP,4554,RIFT VALLEY,KAJIADO,CENTRAL,ILDAMAT,OLOYIANKALANI,DDP,4,MOH,-1.77986,36.69,fbac791e-7357-4aae-8d7a-c278ed794112,4084312.11720521,-198164.982916083
2742,40,MANYOROR DISP,3656,RIFT VALLEY,KERICHO,AINAMOI,KAPSAOS,KAPSAOS(KERICHO),DSA/DFH(MOH)-UNFPA REPORT,4,MOH,-0.289488,35.3298,1a39d361-ded4-4c68-8d94-7daff59b0625,3932895.3458282,-32225.7938607693
2743,45,ST. JOSEPH MISS.  HOSP. KILGORIS,1837,RIFT VALLEY,TRANS MARA,KILGORIS,OLOLCHANI,KILGORIS,TRANSMARA DEV. PROG.,1,MISS,-1.00244,34.8776,e5566752-80d4-4587-bfe2-6820dd6add87,3882556.67209148,-111596.803900245
2744,62,OLORIKA DISP,3218,RIFT VALLEY,KAJIADO,LOITOKITOK,KUKU,OLORIKA,SUBLOC CENTROID,4,MOH,-2.778795,37.753712,21218330-1ee6-4159-964f-eba2cec9dc22,4202723.99539591,-309455.383221422
2745,41,MITI TATU DISP,3655,RIFT VALLEY,KERICHO,LONDIANI,MASAITA,KONGONI(KERICHO),DSA/DFH(MOH)-UNFPA REPORT,4,MOH,-0.088815,35.607,8aa1c6ee-3315-49d3-b71b-f5d1642677e0,3963753.1086761,-9886.84453424091
2746,4,BWAKE (FRIENDS) DISP,1839,RIFT VALLEY,TRANS-NZOIA,KAPLAMAI,MOTOSIET,MOTOSIET,1:50000 MAPS,4,MISS,0.97522,35.16576,a42046fd-eb38-4fe9-a77f-b5996487ce6f,3914634.49655847,108566.236015811
2747,63,OLOSEOS DISP,3110,RIFT VALLEY,KAJIADO,NGONG,CENTRAL KEEKONYOKIE,KISAMIS,SUBLOC CENTROID,4,MOH,-1.535062,36.589842,5b42e2f0-395d-45dc-999c-10344f212e68,4073162.57964634,-170902.767214036
2748,64,OLSHOIBOR DISP,1532,RIFT VALLEY,KAJIADO,NGONG,NORTH KEEKONYOKIE,OLOOSHOIBOR,SUBLOC CENTROID,4,MOH,-1.384227,36.591591,3a98c5dc-7062-4215-a44e-2f2cf98a8153,4073357.27743574,-154106.436797768
2749,42,MONMONIAT DISP,0,RIFT VALLEY,KERICHO,KIPKELION,CHEPSEGON,MOMONIAT,DSA/DFH(MOH)-UNFPA REPORT,4,MOH,-0.242721,35.4523,98995e56-b87e-4f1a-a130-22bfc0cede43,3946531.98345038,-27019.6589410811
2750,5,CHEPCHOINA DISP,1840,RIFT VALLEY,TRANS-NZOIA,ENDEBESS,CHEPCHOINA,KAPTEGA,DISTRICT ESTIMATES,4,MOH,1.21123,34.7512,6eb2ebb2-0cdd-4e2a-b491-b781ac7271a9,3868485.88845521,134843.550749676
2751,65,OLTEPESI DISP,1534,RIFT VALLEY,KAJIADO,NGONG,CENTRAL KEEKONYOKIE,OLTEPESI,DDP,4,MOH,-1.55811,36.4728,17b8cf95-290f-40dc-a82f-cfb5ecbf1696,4060133.52380492,-173469.393850008
2752,43,MTARAGON DISP,1635,RIFT VALLEY,KERICHO,KIPKELION,KAMASIAN,MTARAGON,DSA/DFH(MOH)-UNFPA REPORT,4,MOH,-0.092216,35.4268,bc2dd195-3a1f-4c8c-9117-44ed1ac83215,3943693.33643515,-10265.4425949274
2753,44,MUGUMO-INI DISP,1636,RIFT VALLEY,KERICHO,LONDIANI,TENDENO,TENDENO,DSA/DFH(MOH)-UNFPA REPORT,4,MOH,-0.001234,35.4778,ce8803ae-8bba-4c94-aa83-695c9ec4e0a0,3949370.63046561,-137.368251645115
2754,6,CHEPSIRO DISP,2844,RIFT VALLEY,TRANS-NZOIA,CHERANGANY,CHEPSIRO,KAPSIGIRAI,DISTRICT ESTIMATES,4,MOH,0.99231,35.3321,56eaaf5a-972a-4025-9816-5e1f77bdaa07,3933151.38065702,110468.966582571
2755,66,OLTIASIKA DISP,1535,RIFT VALLEY,KAJIADO,LOITOKITOK,IMBIRIKANI,OLTIASIKA,DHMT,4,MOH,-2.602407,37.818751,69ed039e-8029-4f67-bbad-53798fb03d02,4209964.10375761,-289798.282888125
2756,45,NGENDALEL DISP,3976,RIFT VALLEY,KERICHO,KIPKELION,LESIRWA,LESIRWA,DSA/DFH(MOH)-UNFPA REPORT,4,MOH,-0.205307,35.414,1b5ee808-9d9e-4659-8605-2d9ea8865206,3942268.446953,-22854.7196051285
2757,7,CHERANGANY DISP,4415,RIFT VALLEY,TRANS-NZOIA,CHERANGANY,CHERANGANY,NZOIA(TNZOIA),DDP,4,MOH,0.97916,35.2181,8e48747d-ca54-414c-95d3-80837714edda,3920460.95870659,109004.898607003
2758,69,ONGATA RONGAI HEALTH CENTRE,1551,RIFT VALLEY,KAJIADO,NGONG,ONGATA RONGAI,LEMELEPO,DDP,3,MOH,-1.40735,36.7514,2c8968a6-6918-4422-b475-20aeff0268cd,4091147.13393992,-156681.241389277
2759,46,SANGA DISPENSARY,0,RIFT VALLEY,KERICHO,SIGOWET,KIPTERE,KIPTERE,DISTRICT ESTIMATES,4,MOH,-0.42123,35.09123,f77a8557-c0e2-42a0-aa47-c3db1e386314,3906337.85490965,-46891.5315209874
2760,9,CHURCH OF HEAVEN OF KENYA DISP,0,RIFT VALLEY,TRANS-NZOIA,CENTRAL,WAITALUK,KAPKOI SISAL,DHMT,4,MISS,0.96,35.04,df28a4bc-278b-42a6-92e8-d4dccb3e10e2,3900634.95739631,106871.711724244
2761,70,ORIENIE DISP,2369,RIFT VALLEY,KAJIADO,CENTRAL,SAJILONI,SAJILONI,DHMT,4,MISS,-1.9,36.84,bf0f2046-e649-40b1-8da9-727b4216ef4b,4101010.0408242,-211545.807784801
2762,0,SERETUT DISP,0,RIFT VALLEY,KERICHO,BELGUT,SERETUT,SERETUT,DHMT,4,MOH,-0.431459,35.201057,27850ccf-7865-4592-994b-b7a3cb8402cf,3918563.740625,-48030.250119214
2763,10,ENDEBESS H C,1841,RIFT VALLEY,TRANS-NZOIA,ENDEBESS,ENDEBESS,ENDEBESS,DDP,3,MOH,1.07188,34.8543,2266663f-5cea-4867-abcf-4fb60b2b2ef4,3879962.927956,119328.096463983
2764,71,ROMBO MISSION HEALTH CENTRE,1552,RIFT VALLEY,KAJIADO,LOITOKITOK,ROMBO,ROMBO,ILRI MKT CENTRES,3,MISS,-3.04881,37.70337,63774a02-8004-4251-9e8d-b7bab7a7dd53,4197119.94959039,-339552.254515675
2765,47,SIGOWET NYAYO HOSPITAL,1671,RIFT VALLEY,KERICHO,SIGOWET,KEBENETI,SIGOWET,HD MAPS,1,MOH,-0.388777,35.0476,8cba63ad-df1f-4c38-ac5e-aea7e68fff66,3901480.98552634,-43278.7897816989
2766,11,FGCK TRANS-NZOIA DISP,2408,RIFT VALLEY,TRANS-NZOIA,ENDEBESS,ENDEBESS,ENDEBESS,SUBLOC CENTROID,4,MISS,1.060633,34.895566,f3dcb1b6-1ef6-48e2-adeb-de91f8ccca11,3884556.63806307,118075.869319355
2767,72,SAIKERI DISP,1536,RIFT VALLEY,KAJIADO,NGONG,NORTH KEEKONYOKIE,SAIKERI,DDP,4,MOH,-1.44956,36.5678,a331bbe4-7248-45e2-a671-d32b3267b617,4070708.87543027,-161381.497888264
2768,48,SOLIAT DISP,1648,RIFT VALLEY,KERICHO,SOIN,SOLIAT,KAMASEGA,DSA/DFH(MOH)-UNFPA REPORT,4,MOH,-0.310746,35.1308,ab466474-91e2-423e-97ef-d1cb85803868,3910742.76716034,-34592.2560738105
2769,12,GITWAMBA DISP,3496,RIFT VALLEY,TRANS-NZOIA,SABOTI,SABOTI,SABOTI,DISTRICT ESTIMATES,4,MOH,0.94214,34.8212,02119375-9a9d-4919-8410-746b4979da0b,3876278.25281074,104883.271672654
2770,73,SAJILONI DISP,1537,RIFT VALLEY,KAJIADO,CENTRAL,SAJILONI,SAJILONI,SUBLOC CENTROID,4,MOH,-1.880526,36.85326,3162c8ec-44d2-4d6a-bdf3-f0ba12d352c0,4102486.13727212,-209376.79171015
2771,49,SONGONYET DISP,1649,RIFT VALLEY,KERICHO,KIPKELION,KAMASIAN,MTARAGON,DSA/DFH(MOH)-UNFPA REPORT,4,MOH,-0.124528,35.4072,0a1f54ec-4d6c-4485-8df7-9603e4ae3643,3941511.4744156,-13862.4044633053
2772,97,GOSETA DISP,0,RIFT VALLEY,TRANS-NZOIA,CENTRAL,KIBOMET,BIDII,DHMT,4,MOH,1.04,35.03,d0c70ee8-5e21-498f-b002-719cc44179ea,3899521.76248838,115778.628278088
2773,74,SHOMBOLE DISP,2360,RIFT VALLEY,KAJIADO,MAGADI,SHOMPOLE,OLOEKA,DDP,4,MOH,-2.0637,36.2026,14d6fbb6-17e7-4e68-aee9-c7f79c2ac69b,4030054.99739257,-229779.721579956
2774,75,SIMBA HEALTH CENTRE,1374,RIFT VALLEY,KAJIADO,MASHURU,IMARORO,MASHURU,1:50000 MAPS,3,MOH,-2.095045,37.132883,b123edb3-9715-4dcf-bef0-fc81dd283139,4133613.62724621,-233271.330212059
2775,50,SOSIOT HEALTH CENTRE,1673,RIFT VALLEY,KERICHO,BELGUT,WALDAI,SOSIOT,DSA/DFH(MOH)-UNFPA REPORT,3,MOH,-0.359214,35.1708,659ad829-9610-48c5-86b5-a1435192e6ae,3915195.54679207,-39987.781528069
2776,14,INTERNATIONAL CHILD TRUST CLINIC,0,RIFT VALLEY,TRANS-NZOIA,KWANZA,KWANZA,KAPSITWET,DHMT,3,NGO,1.07,34.97,c3e0bc20-a6b3-4034-86eb-1621886b0886,3892842.59304078,119118.779257822
2777,77,TOROSEI DISP,1538,RIFT VALLEY,KAJIADO,CENTRAL,TOROSEI,EMUKUTAN,DDP,4,MOH,-2.21164,36.4103,434c3ee7-4471-4fa7-ae86-b43b449f56d5,4053176.05563034,-246259.80035597
2778,52,SUBUKIA DISP,6178,RIFT VALLEY,KERICHO,LONDIANI,TENDENO,SUBUKIA,DSA/DFH(MOH)-UNFPA REPORT,4,MOH,0.006418,35.5118,d0542574-be0f-4478-abfd-f3847a0fd9b6,3953155.49315258,714.44849341161
2779,16,KAIBEI DISP,4413,RIFT VALLEY,TRANS-NZOIA,ENDEBESS,KAIBEI,MUBERE,DISTRICT ESTIMATES,4,MOH,1.11423,34.7721,8bd69d4b-5fe4-4be2-90b3-9d2954352a70,3870812.4658128,124043.335030144
2780,1,BIRETWA DISP,1995,RIFT VALLEY,KEIYO,SOY,CHEPSIGOT,KABITO,1:50000 MAPS,4,MOH,0.547939,35.5426,bc12b7e9-231b-43c4-bfc8-dab529e819c0,3956584.13346901,60997.2202480583
2781,53,THESSALIA HEALTH CENTRE,1675,RIFT VALLEY,KERICHO,SOIN,KOITABUROT,KAPKECHEBWAI,DSA/DFH(MOH)-UNFPA REPORT,3,MISS,-0.178948,35.1666,2d4cdcd7-c19b-43a3-8780-b270ea054343,3914728.00493074,-19920.4326243929
2782,2,CHANGACH BARAK DISP,2955,RIFT VALLEY,KEIYO,SOY,KIBARGOI,CHANGACH,1:50000 MAPS,4,MOH,0.435036,35.5927,5c5e4dc9-19ee-4723-a310-011026550c9a,3962161.23995775,48428.4513219168
2783,23,KAISAGAT DISP,2403,RIFT VALLEY,TRANS-NZOIA,KWANZA,KAISAGAT,KAISAGAT,DHMT,4,MOH,1.12,35.07,0cf1efc6-7cb4-419b-b5e4-951b673e8654,3903974.54212011,124685.770598105
2784,2,AIC RAVINE DISP,1937,RIFT VALLEY,KOIBATEK,ESAGERI,SABATIA,KIROBON,ILRI MKT CENTRES,4,MISS,-0.052619,35.724045,0353bb78-21a2-45a5-81d7-e303cc8672b8,3976782.498476,-5857.52110942862
2785,3,CHEGILET DISP,2469,RIFT VALLEY,KEIYO,TAMBACH,KEU,CHEGILET,1:50000 MAPS,4,MOH,0.834932,35.606731,0e50209d-03ee-42c3-866a-d2297333d11b,3963723.16373307,92947.4947474483
2786,17,KAPKOI (FRIENDS) DISP,1844,RIFT VALLEY,TRANS-NZOIA,KWANZA,KAPOMBOI,KAPKOI(TNZOIA),SUBLOC CENTROID,4,MISS,1.205713,34.914956,f67aca26-672f-46f0-96fc-d1911805d26c,3886715.12298956,134229.264486782
2787,3,ARAMA DISP,0,RIFT VALLEY,KOIBATEK,ELDAMA RAVINE,LEMBUS CENTRAL,POROR/ARAMA,DDP,4,MOH,0.066415,35.6515,5871eaea-99e2-40b4-a12e-8b2a89f3487b,3968706.8260164,7393.28563671104
2788,4,CHEPKORIO HEALTH CENTRE,2033,RIFT VALLEY,KEIYO,CHEPKORIO,MARICHOR,FLAX,1:50000 MAPS,3,MOH,0.386649,35.5278,ebfe393f-5a0a-40d5-b8e4-fb6a7c572b09,3954936.60500527,43041.896481575
2789,18,KAPKOI DISP,3865,RIFT VALLEY,TRANS-NZOIA,KWANZA,KAPOMBOI,KAPKOI(TNZOIA),DDP,4,MOH,1.22635,34.918,0311b6ba-b1a8-4997-a63f-ec929c1700e1,3887053.97951953,136527.082334677
2790,4,CHEBEREN DISP,1935,RIFT VALLEY,KOIBATEK,EMINING,KIMOSE,KIMOSE,DDP,4,MOH,0.22207,35.8873,a47c7067-5cf3-45cd-a330-82a6936b3985,3994955.96194545,24720.7812141023
2791,51,CHEPTEBO DISP,3820,RIFT VALLEY,KEIYO,SOY,KIBARGOI,CHEPTEBO,SUBLOC CENTROID,4,MOH,0.498354,35.581925,97f54f77-f53d-4361-af61-52ae62135cee,3960961.77244446,55477.213029352
2792,19,KAPLAMAI H C,0,RIFT VALLEY,TRANS-NZOIA,KAPLAMAI,KAPLAMAI,KIMOSON,DDP,3,MOH,0.995636,35.0941,8b298663-5bfb-4c7b-ac0e-0573e3270740,3906657.34184822,110839.270930379
2793,5,ELDAMA RAVINE DISP,0,RIFT VALLEY,KOIBATEK,ELDAMA RAVINE,ELDAMA RAVINE,ELDAMA RAVINE,DDP,4,MISS,0.049731,35.7245,5097481f-7859-457b-a056-f9262bea02e5,3976833.14884431,5536.03029176173
2794,0,EMSEA DISP,1999,RIFT VALLEY,KEIYO,SOY,KIBARGOI,EMSEA,DHMT,4,MOH,0.455433,35.608014,febd8ed6-b1bf-4c4e-b8a2-276902d267b9,3963865.98663976,50699.10354446
2795,20,KAPOMBOI DISP,2825,RIFT VALLEY,TRANS-NZOIA,KWANZA,KAPOMBOI,KAPOMBOI,SUBLOC CENTROID,4,MISS,1.135548,34.898232,772ae060-08fb-46f8-b58d-471dcf5598e1,3884853.41582553,126416.901385801
2796,6,ELDAMA RAVINE DISTRICT HOSPITAL,1982,RIFT VALLEY,KOIBATEK,ELDAMA RAVINE,LEMBUS CENTRAL,POROR/ARAMA,HD MAPS,1,MOH,0.05,35.7167,c2c54065-1a54-4131-9b6e-27380a209a0c,3975964.85681612,5565.97524612754
2797,0,EPKEE DISP,0,RIFT VALLEY,KEIYO,SOY,EPKE,EPKE,DHMT,4,MOH,0.516546,35.548629,3b46acca-09fe-4dd8-89ad-826f2bf1383a,3957255.278679,57502.4166430085
2798,21,KAPSARA HEALTH CENTRE,1865,RIFT VALLEY,TRANS-NZOIA,KAPLAMAI,MAKUTANO,KAPSARA,DDP,3,MOH,1.07219,35.1511,7019ccdf-61ff-422b-8b38-4460b552eb69,3913002.55282344,119362.611547547
2799,7,EMINING HEALTH CENTRE,1992,RIFT VALLEY,KOIBATEK,EMINING,KIMOSE,KIMOSE,DDP,3,MOH,0.214364,35.8711,bbbc5e64-6561-4a25-8cb6-a2a41bbed934,3993152.5861946,23862.9469957658
2800,0,FLAX DISP,0,RIFT VALLEY,KEIYO,CHEPKORIO,MARICHOR,FLAX,DHMT,4,MOH,0.374345,35.504642,f61d064d-acee-4451-a9e8-17d04e46cd56,3952358.66823748,41672.1912610409
2801,104,KAPSITWET DISP,4438,RIFT VALLEY,TRANS-NZOIA,KWANZA,KWANZA,KAPSITWET,SUBLOC CENTROID,4,MOH,1.080684,34.96343,9aa639a8-ff38-40e2-9934-e92386055bb2,3892111.22398627,120308.326200519
2802,8,ESAGERI DISP,1938,RIFT VALLEY,KOIBATEK,ESAGERI,SABATIA,LEBOLOS,ILRI MKT CENTRES,4,MOH,-0.064319,35.781806,558131d1-f095-4e27-814d-c2aa0bc33aaf,3983212.42358371,-7159.95983213606
2803,6,ITEN DISTRICT HOSPITAL,2042,RIFT VALLEY,KEIYO,KAMARINY,IRONG,ITEN TOWNSHIP,1:50000 MAPS,1,MOH,0.6743,35.5058,63fc4238-f06f-4c80-8e53-af089977a12a,3952487.57620782,75064.4654449998
2804,24,KIMININI (CATHOLIC) COTTAGE HOSP,1846,RIFT VALLEY,TRANS-NZOIA,KIMININI,KIMININI,KIMININI(TNZOIA),1:50000 MAPS,1,MISS,0.887734,34.92535,984b8be3-1d3d-49ad-8ec3-dc88aeff09b4,3887872.17777686,98826.0509551126
2805,9,IGURE DISP,2423,RIFT VALLEY,KOIBATEK,ELDAMA RAVINE,MAJI MAZURI,MAKUTANO(KOIBA),SUBLOC CENTROID,4,MOH,-0.088048,35.697514,ba6fda3c-7100-4cc3-bdb9-5f39db56680b,3973829.08106576,-9801.46238310677
2806,8,KAMWOSOR HEALTH CENTRE,2045,RIFT VALLEY,KEIYO,CHEPKORIO,KAMWOSOR,KAMWOSOR,1:50000 MAPS,3,MOH,0.200269,35.5668,394e4a3d-ac7d-4fbb-92d2-862077929621,3959278.06514621,22293.8884976428
2807,26,KINYORO (FRIENDS) DISP,1847,RIFT VALLEY,TRANS-NZOIA,SABOTI,KINYORO,KINYORO,SUBLOC CENTROID,4,MISS,0.989703,34.874055,3acdaea0-ab89-4268-a41f-ae4fcdfaf189,3882162.04449662,110178.713254615
2808,10,KAPKEIN DISP,3435,RIFT VALLEY,KOIBATEK,KIMNG'OROM,CHEBEREN,CHEBEREN,DDP,4,MOH,0.249041,35.8157,1c3dfd8c-027b-4644-93ad-c31ec413604f,3986985.48640465,27723.2046016377
2809,9,KAPCHELAL DISP,3451,RIFT VALLEY,KEIYO,TAMBACH,KOKWAO,KAPCHELAL,SUBLOC CENTROID,4,MOH,0.841851,35.564107,de73ad0b-617b-4b9c-bbe0-fb994bd554fa,3958978.2817575,93717.7967701113
2810,28,KITALE DISTRICT HOSPITAL,1868,RIFT VALLEY,TRANS-NZOIA,CENTRAL,KIBOMET,BIDII,HD MAPS,1,MOH,1.03732,35.0189,d8389d1f-c01e-4c18-868d-6e9183d6e5ab,3898286.11614057,115480.243015543
2811,11,KIPTUMO DISP,2540,RIFT VALLEY,KOIBATEK,ELDAMA RAVINE,ELDAMA RAVINE,TUIYOTICH,DDP,4,MOH,0.060688,35.7529,f024f4da-1533-480e-8f9e-c155f5e9e4a7,3979994.62238284,6755.75852049817
2812,10,KAPKITONY DISP,1843,RIFT VALLEY,KEIYO,CHEPKORIO,MAOI,KAPKITONY(KEIYO),1:50000 MAPS,4,MISS,0.247312,35.5833,68889ff5-a561-46f3-a972-675608eacbe6,3961114.8367443,27530.731396471
2813,29,KITALE PEFA DISP,2435,RIFT VALLEY,TRANS-NZOIA,CENTRAL,KIBOMET,BIDII,ILRI MKT CENTRES,4,MISS,1.02031,35.006832,e5c04d3c-41af-43ec-b0b6-58eda7d69d2b,3896942.71252568,113586.393165705
2814,12,KISANANA HEALTH CENTRE,1952,RIFT VALLEY,KOIBATEK,MOGOTIO,SIMOTWE,MUGURIN,DDP,3,MOH,0.11419,36.0723,59381987-344f-4259-b010-798b07b3122e,4015550.06774221,12711.5810687911
2815,11,KAPKOI HEALTH CENTRE,2039,RIFT VALLEY,KEIYO,KAMARINY,MUTEI,KAPKOI(KEIYO),SUBLOC CENTROID,3,MISS,0.53992,35.492234,fd54d7dd-5d99-4f37-814e-e3fc4dd65224,3950977.41599572,60104.5090236547
2816,30,KOBOS DISP,3866,RIFT VALLEY,TRANS-NZOIA,KWANZA,KAPOMBOI,KOBOS,DDP,4,MOH,1.099,34.9263,ab08ab7e-7406-4116-9219-8521725228cc,3887977.93129311,122347.622911484
2817,13,LEBOLOS DISP,4411,RIFT VALLEY,KOIBATEK,ESAGERI,SABATIA,LEBOLOS,SUBLOC CENTROID,4,MOH,-0.043385,35.78213,a57da004-e005-439a-8145-7806224bc058,3983248.49109872,-4829.59656958374
2818,14,KAPTAGAT DISP,652,RIFT VALLEY,KEIYO,CHEPKORIO,MARICHOR,FLAX,1:50000 MAPS,4,MOH,0.37342,35.4779,bfd4d055-a270-4f59-a0ce-3abeebccad59,3949381.76241468,41569.2185396777
2819,32,KOLONGOLO MISSION DISP,1850,RIFT VALLEY,TRANS-NZOIA,KWANZA,KAPOMBOI,KOLONGOLO,SUBLOC CENTROID,4,MISS,1.218702,34.959343,87f7c63a-cc38-44b3-b508-20ba622d16d2,3891656.2612274,135675.517028895
2820,14,MAJI MAZURI DISP,1959,RIFT VALLEY,KOIBATEK,ELDAMA RAVINE,MAJI MAZURI,MAJI MAZURI(KOIBA),DDP,4,MOH,-0.022201,35.7101,6ffd82c1-9f0f-4b33-b463-083c678b9809,3975230.14817689,-2471.40407693814
2821,16,KAPTARAKWA SUB-DISTRICT HOSP,2040,RIFT VALLEY,KEIYO,CHEPKORIO,KAPTARAKWA,KAPTARAKWA,1:50000 MAPS,1,MOH,0.469086,35.5439,6a351eb7-78e0-486e-8d69-43c48933b48d,3956728.84880704,52218.9980219415
2822,33,KWANZA HEALTH CENTRE,1866,RIFT VALLEY,TRANS-NZOIA,KWANZA,KAPOMBOI,KAPOMBOI,DDP,3,MOH,1.15508,34.9209,40d9b3d6-5f67-48e8-9fad-a48b61886774,3887376.80604284,128591.628164844
2823,15,MAJI MOTO DISP,1960,RIFT VALLEY,KOIBATEK,MOGOTIO,KOIBOS,MAJI MOTO(KOIBA),DDP,4,MOH,0.299368,36.075161,f5e3beb9-b07e-4e1d-a859-9fb02899ad14,4015868.55280537,33325.6449528301
2824,17,KAPTEREN HEALTH CENTRE,2959,RIFT VALLEY,KEIYO,KAMARINY,MUTEI,KAPTEREN,1:50000 MAPS,3,MOH,0.566355,35.487,6c822e46-698f-4e06-89bf-276dbe159ee7,3950394.76978091,63047.3769270462
2825,34,MARIDADI DISP,3734,RIFT VALLEY,TRANS-NZOIA,KWANZA,KWANZA,KWANZA,DHMT,4,MISS,1.13,35.01,caa182ae-4de2-4de9-b796-b23a3b03b981,3897295.37267251,125799.180127736
2826,16,MERCY HOSPITAL,1990,RIFT VALLEY,KOIBATEK,ELDAMA RAVINE,ELDAMA RAVINE,ELDAMA RAVINE,DDP,1,MISS,0.044839,35.7363,cea20329-a92b-41b4-ab5c-76d7850ca819,3978146.71883567,4991.45515717914
2827,36,MED MISSIONARIES OF MARY HEALTH DISP,2487,RIFT VALLEY,TRANS-NZOIA,CENTRAL,KIBOMET,MILIMANI(CENTRAL),DHMT,4,MISS,1.002267,35.020856,d6d574a3-77b7-4573-8261-baa3c1e85e37,3898503.85706456,111577.542680946
2828,23,KIPKABUS DISP,3502,RIFT VALLEY,KEIYO,CHEPKORIO,KABIEMIT,KABIEMIT(KEIYO),1:50000 MAPS,4,MOH,0.30045,35.49865,bce02e7c-8320-428a-becb-528a8dd0ab42,3951691.64184865,33446.0942919579
2829,17,MUGURIN DISP,3012,RIFT VALLEY,KOIBATEK,MOGOTIO,KOIBOS,KOITUMET,DDP,4,MOH,0.147325,36.0569,0f6ae00e-3661-4a28-988f-130d11874a5b,4013835.74758399,16400.1620530605
2830,38,MOTOSIETI DISP,1853,RIFT VALLEY,TRANS-NZOIA,KAPLAMAI,MOTOSIET,MOTOSIET,DISTRICT ESTIMATES,4,MOH,1.02411,35.1523,fc057346-581c-43c8-a5a2-fc6a006eb501,3913136.13621239,114009.474562161
2831,25,KIPSAOS DISP,2011,RIFT VALLEY,KEIYO,CHEPKORIO,KAPKWONY,KIPSAOS,1:50000 MAPS,4,MISS,0.178315,35.6084,4115d43f-24c6-4f75-bdc0-3dcfa4eee512,3963908.95596321,19849.9670442672
2832,18,OLKOKWE DISP,1966,RIFT VALLEY,KOIBATEK,KISANANA,OLKOKWE,OLKOKWE,DDP,4,MOH,0.160424,36.1254,8ba77825-53a0-4e8a-a202-97e03e8ad88a,4021461.13270333,17858.3413247215
2833,39,MT. ELGON DISP,1854,RIFT VALLEY,TRANS-NZOIA,ENDEBESS,ENDEBESS,CHORLIM,DISTRICT ESTIMATES,4,MOH,1.0522,34.8011,4754d2bf-2f58-4b50-a4f2-24f3e669ab42,3874040.7310458,117136.952461083
2834,27,KOCHOLWA DISP,2013,RIFT VALLEY,KEIYO,CHEPKORIO,KOCHOLWO,KOCHOLWO,SUBLOC CENTROID,4,MISS,0.236633,35.650724,bb1b9ba3-2711-4302-a8ac-73ae0291bf46,3968620.44209154,26341.9399512068
2835,19,SABATIA DISP,3423,RIFT VALLEY,KOIBATEK,ESAGERI,SABATIA,KIROBON,DDP,4,MOH,-0.00833,35.7502,5e4e5c78-7e94-49bf-98ee-d23413e44f1c,3979694.0597577,-927.291361569248
2836,98,NATIONAL AGRICULTURAL RESEARCH CENTRE (NARC),1842,RIFT VALLEY,TRANS-NZOIA,CENTRAL,KIBOMET,BIDII,ILRI MKT CENTRES,4,LA,1.02031,35.006832,2b73dadd-aa60-43cd-87dc-4f3be9dd9313,3896942.71252568,113586.393165705
2837,28,KOCHOLWO SUB-DISTRICT HOSP,3501,RIFT VALLEY,KEIYO,CHEPKORIO,TUMEIYO,CHEPKOSOM,DISTRICT ESTIMATES,1,MOH,0.26232,35.55123,38e9eadc-4488-425c-9692-d0b70c0c767d,3957544.82067455,29201.4308415759
2838,42,NEKEKI DISP,4412,RIFT VALLEY,TRANS-NZOIA,CENTRAL,KIBOMET,MILIMANI(CENTRAL),1:50000 MAPS,4,NGO,1.01576,35.0045,23cb2f2d-4866-41ce-9805-d17ad7290df7,3896683.11547315,113079.809519312
2839,20,SAGAT DISP,1972,RIFT VALLEY,KOIBATEK,ESAGERI,LEMBUS-KABIMOI,ORONGAI,DDP,4,MOH,0.053315,35.8157,f2cd4ff1-6005-412a-946c-8e5b40412461,3986985.48640465,5934.99950814028
2840,29,LELBOINET HEALTH CENTRE,2016,RIFT VALLEY,KEIYO,CHEPKORIO,MARICHOR,LELBOINET(KEIYO),1:50000 MAPS,3,MOH,0.358423,35.5659,2fd5fb50-8f0d-427a-90e6-3227f148ab60,3959177.87760449,39899.7260841154
2841,33,MSEKEKWA HEALTH CENTRE,2022,RIFT VALLEY,KEIYO,KAMARINY,KAMOI,SINGORE,SUBLOC CENTROID,3,MOH,0.707923,35.519061,bdc302d0-03af-4df3-a962-c9d67a131a24,3953963.78397523,78807.633042266
2842,45,NZOIA DISP,1855,RIFT VALLEY,TRANS-NZOIA,CHERANGANY,CHERANGANY,NZOIA(TNZOIA),DISTRICT ESTIMATES,4,MOH,0.96241,35.1942,cc31f55e-0431-43e1-a5a7-aeca97d04e53,3917800.42287663,107140.029453943
2843,21,SAOS DISP,0,RIFT VALLEY,KOIBATEK,ELDAMA RAVINE,SAOS/KIBIAS,SAOS,DDP,4,MOH,0.111879,35.8134,75bbbfe7-6888-4a94-adb5-f2b8204c3646,3986729.45157583,12454.321224917
2844,34,MUSKUT HEALTH CENTRE,2023,RIFT VALLEY,KEIYO,SOY,SOY,MUSKUT,1:50000 MAPS,3,MOH,0.381272,35.6268,75263ba6-6f0c-425c-9efc-1d46a104e506,3965957.23459381,42443.3181388019
2845,47,PCEA DISP SIBANGA,0,RIFT VALLEY,TRANS-NZOIA,KAPLAMAI,SITATUNGA,SITATUNGA,DHMT,4,MISS,1.05,35.11,79aa4c03-bd44-4ff3-a732-d06931c2c250,3908427.32175184,116892.008365159
2846,22,SIGORO DISP,3853,RIFT VALLEY,KOIBATEK,ELDAMA RAVINE,CHEMORGONG,SIGORO,DDP,4,MOH,0.12724,35.7352,1d05f8bd-e775-4991-965c-7ab69714ade8,3978024.2673958,14164.3036510389
2847,37,NYARU DISP,3759,RIFT VALLEY,KEIYO,CHEPKORIO,NYARU,MWEN,1:50000 MAPS,4,MOH,0.327061,35.5771,c91dd912-e8e1-44cb-92f6-b671f3bcbac1,3960424.65590138,36408.4617046817
2848,48,SABOTI HEALTH CENTRE,1858,RIFT VALLEY,TRANS-NZOIA,SABOTI,SABOTI,SABOTI,DDP,3,MOH,0.976288,34.8531,abdc62f6-1a24-45f6-91ac-b61393ed7210,3879829.34456705,108685.142474489
2849,23,SIRWA DISP,1975,RIFT VALLEY,KOIBATEK,SIRWA,SIRWA,SORE,DDP,4,MOH,0.200494,35.7517,6acd5151-8985-4c6a-81e4-f965b79e2af3,3979861.03899388,22318.9355362498
2850,55,SABOR DISP,133,RIFT VALLEY,KEIYO,CHEPKORIO,MOSOP,KAPTAGAT,DHMT,4,MOH,0.428654,35.496561,3da950ea-9cd5-4853-bebd-1d79728e5107,3951459.09543238,47717.9901514184
2851,52,SUWERWA HEALTH CENTRE,1867,RIFT VALLEY,TRANS-NZOIA,CHERANGANY,KIPTOROR,MILIMANI(CHERANGANY),DDP,3,MOH,0.982474,35.2728,71e1ddcd-7597-465c-a290-296a09fa580c,3926550.13485299,109373.865459718
2852,24,SOLIAN DISP,3850,RIFT VALLEY,KOIBATEK,ESAGERI,SABATIA,SOLIAN,SUBLOC CENTROID,4,MOH,0.009259,35.765234,0a0d511d-bdf4-4550-8598-0c3f1d90267f,3981367.63698228,1030.70716974615
2853,56,SEGO DISP,0,RIFT VALLEY,KEIYO,SOY,SOY,SEGO,DHMT,4,MOH,0.39105,35.612694,a3b6281a-3c97-49bb-9647-ad57b7d6be6a,3964386.96185667,43531.8248435283
2854,3,TOM MBOYA DISP,3864,RIFT VALLEY,TRANS-NZOIA,CENTRAL,MUNICIPALITY,BONDENI(TNZOIA),DDP,4,LA,1.02372,34.984,d054a374-e45d-4e8f-8b9b-cd5338f51cfc,3894401.06591189,113966.053027348
2855,25,TIMBOROA HEALTH CENTRE,1980,RIFT VALLEY,KOIBATEK,MUMBERES,LEMBUS-MOSOP,SEGUTON/TIMBOROA,ILRI MKT CENTRES,3,MOH,0.066667,35.54226,52ef17db-0a5f-4fbb-9238-921944782fb9,3956546.28484214,7421.3381673071
2856,57,SERGOT DISP,0,RIFT VALLEY,KEIYO,KAMARINY,IRONG,SERGOIT(KEIYO),DHMT,4,MOH,0.669537,35.441331,ac32660d-3922-43f2-9039-5386c369cafb,3945310.91995587,74534.2142486881
2857,53,TOP STATION DISP,2473,RIFT VALLEY,TRANS-NZOIA,CENTRAL,MUNICIPALITY,BONDENI(TNZOIA),DISTRICT ESTIMATES,4,MOH,1.03224,34.9941,8614006b-8d7b-44a0-bfb0-dccc2dfaafbb,3895525.3927689,114914.647763097
2858,26,TORONGO HEALTH CENTRE,1981,RIFT VALLEY,KOIBATEK,MUMBERES,LEMBUS-MOSOP,TINET(KOIBA),DDP,3,MOH,0.051004,35.5914,03d4d865-e4fc-43de-b7d2-defbcac47f7f,3962016.52461973,5677.74005829621
2859,40,SIMOTWO DISP,2956,RIFT VALLEY,KEIYO,CHEPKORIO,METKEI,TUGUMOI(KEIYO),SUBLOC CENTROID,4,MOH,0.190118,35.627383,0416c1ca-b156-415b-9266-30db2edcf1a5,3966022.13385694,21163.8777876324
2860,54,TULWET H C,0,RIFT VALLEY,TRANS-NZOIA,CENTRAL,WAITALUK,KAPKOI SISAL,DHMT,4,MOH,0.92,35.01,7b693c9f-d4aa-4605-b80b-7929d67d0601,3897295.37267251,102418.33267984
2861,27,TUIYOTICH DISP,0,RIFT VALLEY,KOIBATEK,ESAGERI,LEMBUS-KABIMOI,KABIMOI,DDP,4,MOH,0.030198,35.7825,0de90a78-aacb-498b-8b39-5b2eb14e9cc5,3983289.67931031,3361.62613861491
2862,41,SINGORE DISP,0,RIFT VALLEY,KEIYO,KAMARINY,KAMOI,SINGORE,1:50000 MAPS,4,MOH,0.716846,35.517,9175a0be-e452-4c51-8839-3f78460c1274,3953734.3545047,79801.0136423797
2863,15,WEONIA DISP,0,RIFT VALLEY,TRANS-NZOIA,KIMININI,KIMININI,NABISWA,DISTRICT ESTIMATES,4,MOH,0.88412,34.8521,9ae760a1-a44c-42db-a753-5f420fc9537c,3879718.02507626,98423.6942177417
2864,1,ARJIJO DISP,1688,RIFT VALLEY,LAIKIPIA,MUKOGONDO,ILGWESI,NGARENDARE,DDP,4,MISS,0.312473,37.2958,1a1e26c9-0d51-4930-ada2-8230bbe8a294,4151749.46472778,34784.5076776807
2865,42,ST. STEPHEN DISP(E-MARAKWET),2028,RIFT VALLEY,KEIYO,TAMBACH,KEU,KOBULWO,ILRI VILLAGES,4,MISS,0.78,35.62,092aae8c-987f-462b-b79c-d3c91c8a9394,3965200.26205641,86831.8849413608
2866,54,WEYETA DISP,1864,RIFT VALLEY,TRANS-NZOIA,KAPLAMAI,SITATUNGA,SITATUNGA,DHMT,4,MOH,1.078039,35.106851,f312b556-3d2a-46ac-b9f5-29fefb72afbe,3908076.77667533,120013.833893323
2867,2,DOLDOL CATHOLIC DISP,1689,RIFT VALLEY,LAIKIPIA,MUKOGONDO,MUMONYOT,MUMONYOT,DDP,4,MISS,0.397141,37.1612,d7435ba7-e562-46a7-8bca-0908ada6063f,4136765.86126701,44209.8879019584
2868,58,TABARE DISP,0,RIFT VALLEY,KEIYO,CHEPKORIO,METKEI,KIBIRIRSUS,DHMT,4,MOH,0.18851,35.668471,5378da15-8c1a-4552-8c25-e0ca00b6dcea,3970596.02909465,20984.8750693102
2869,1,AIC KIBISH DISP,0,RIFT VALLEY,TURKANA,KIBISH,KIBISH,KIBISH,DDP,4,MISS,5.352924,35.828016,4c2ad65a-35bb-4f69-a519-5f60c98627b7,3988356.49725326,596753.528257869
2870,3,DOLDOL HEALTH CENTRE,1703,RIFT VALLEY,LAIKIPIA,MUKOGONDO,MUKOGONDO,KURIKURI,DDP,3,MOH,0.397141,37.1829,d2d7c4a8-23c9-4785-abb3-b40cbb3f6c7d,4139181.49421722,44209.8879019584
2871,43,TAMBACH SUB-DISTRICT HOSPITAL,2044,RIFT VALLEY,KEIYO,TAMBACH,KIPTUILONG,KAPTERIK,1:50000 MAPS,1,MOH,0.6,35.5163,fcbb0c4e-8eb8-4de6-ae20-5ae84e2e0bd2,3953656.43086115,66792.9152642531
2872,3,AP KIBISHI DISP,3230,RIFT VALLEY,TURKANA,KIBISH,NAITA,NAITA,DISTRICT ESTIMATES,4,MOH,5.2123,35.6412,6aa934f7-ae94-40a6-a22c-86db19af2791,3967560.23526123,581032.560281383
2873,4,ETHI DISP,2388,RIFT VALLEY,LAIKIPIA,CENTRAL,DAIGA,ETHI,DDP,4,MISS,0.180044,37.2806,d5e6fb3c-fec2-4b3e-8a5c-743c3821114d,4150057.40846772,20042.4393850282
2874,44,TAMBACH TTC DISP,3231,RIFT VALLEY,KEIYO,TAMBACH,KIPTUILONG,KAPTERIK,ILRI MKT CENTRES,4,MISS,0.586669,35.517487,df479c23-ee7c-4fda-8beb-8cb020408870,3953788.56709672,65308.8355540231
2875,4,ELELEA DISP,2129,RIFT VALLEY,TURKANA,LOKORI,KATILIA,ELELEA,DDP,4,MOH,2.141,36.372,02d7ddcb-b6f1-4681-82e5-95b9d0c35adb,4048912.51913295,238390.514883841
2876,7,KALALU DISP,1692,RIFT VALLEY,LAIKIPIA,CENTRAL,DAIGA,UMANDE,DDP,4,MOH,0.078008,37.146,14acfa8a-8ef6-43ad-acda-eb0483fedbf0,4135073.80500695,8683.81352063417
2877,45,TOT HEALTH CENTRE,2041,RIFT VALLEY,KEIYO,CHEPKORIO,MAOI,KETIGOI,DDP,3,MOH,0.26886,35.6354,85c26b24-37e6-4cb3-9f58-7ff597db7e75,3966914.58221463,29929.46813346
2878,5,ELIYE DISP,0,RIFT VALLEY,TURKANA,KALOKOL,KANGATOTHA,ELIYE,DDP,4,MISS,3.24266,36.0402,0d2efacf-422e-403d-9558-3878d09984d9,4011976.71208774,361164.113231562
2879,8,KARANDI HEALTH CENTRE,0,RIFT VALLEY,LAIKIPIA,NGARUA,GITUAMBA,KIAMBOGO(LAIKIPIA),DDP,3,MOH,0.288593,36.3102,8f477473-3eb2-4a77-9ae7-7466fd69c097,4042032.97460193,32126.1616487467
2880,1,AINAMOI H C,1556,RIFT VALLEY,KERICHO,AINAMOI,AINAMOI,AINAMOI(KERICHO),DSA/DFH(MOH)-UNFPA REPORT,3,MOH,-0.29374,35.272,3505011f-0a18-46fb-964a-bbaa1038daac,3926461.07926035,-32699.1304664394
2881,6,ELIYE SPRINGS DISP,4299,RIFT VALLEY,TURKANA,KALOKOL,KANGATOTHA,ELIYE,DISTRICT ESTIMATES,4,MOH,3.24266,36.0402,df51fe6b-dd1b-4725-b366-3f56b62f8807,4011976.71208774,361164.113231562
2882,9,KARUGA DISP,0,RIFT VALLEY,LAIKIPIA,NYAHURURU,IGWAMITI,LOSOGWA,DDP,4,MOH,0.056298,36.2928,098e8e5a-e3ec-4754-aeb9-cf04c3ee9115,4040096.01546213,6267.06570113049
2883,2,BAROTION DISPENSARY(AIC),3977,RIFT VALLEY,KERICHO,LONDIANI,SORGET,TUIYOBEI(LONDIANI),DISTRICT ESTIMATES,4,MISS,-0.15423,35.581213,09e9e724-0a86-48d7-a240-5f5aab7ca23d,3960882.51296701,-17168.8257989887
2884,7,ICRC LOKICHOGGIO HOSPITAL,0,RIFT VALLEY,TURKANA,LOKICHOGGIO,LOKICHOGGIO,LOKICHOGGIO,ILRI MKT CENTRES,1,NGO,4.189929,34.3078,9a1a6fa0-2f49-43a8-bdb0-d9f794d141cd,3819126.82623748,466837.033419613
2885,10,KIBUKU DISP,0,RIFT VALLEY,LAIKIPIA,RUMURUTI,MUTARA,MUTARA,DDP,4,MOH,0.164847,36.6467,f9926171-36ad-4612-80a2-69b20665fc04,4079491.98325387,18350.7094161845
2886,0,CHEBARA DISP,0,RIFT VALLEY,KERICHO,CHILCHILA,KOKWET,KOKWET(KERICHO),DHMT,4,MOH,-0.168025,35.338777,f6450185-d15a-4750-8f1e-afdfd4378036,3933894.66089705,-18704.4842505663
2887,8,ILLE SPRING DISP,2130,RIFT VALLEY,TURKANA,KALOKOL,KALOKOL,KALOKOL,SUBLOC CENTROID,4,MISS,3.428762,35.764154,3635344f-2740-4129-ba4e-e3a6ca72b701,3981247.41193223,381916.061377947
2888,13,KINAMBA HEALTH CENTRE,3633,RIFT VALLEY,LAIKIPIA,NGARUA,KINAMBA,MWENJE,DDP,3,MISS,0.425364,36.3145,819dc7dd-fe01-48bb-8e8d-4485d8ec013c,4042511.64841234,47351.7388553713
2889,9,JALUK DISP,0,RIFT VALLEY,TURKANA,KATILU,KATILU,LOKAPEL,DDP,4,MISS,2.36734,35.398,f6c3b629-2072-4830-b9b1-d231ca620ce9,3940487.3351003,263606.097280359
2890,0,CHEPCHOLIET DISP,0,RIFT VALLEY,KERICHO,KIPKELION,KAPSEGER,CHEPCHOLIET,DHMT,4,MOH,-0.247339,35.348209,a0fb9328-8e6f-473b-b9aa-d32877d64afc,3934944.62633422,-27533.7370507199
2891,14,KIRIMON DISP,0,RIFT VALLEY,LAIKIPIA,RUMURUTI,SOSIAN,KIRIMON(LAIKIPIA),DDP,4,MOH,0.735814,36.8681,92969993-4f91-4047-aaff-aa2ff40f87b3,4104138.11851549,81912.6914270985
2892,10,JULUK DISP,2131,RIFT VALLEY,TURKANA,CENTRAL,LODWAR TOWN,NAPETET,ILRI MKT CENTRES,4,MISS,3.123601,35.596703,ae078abf-fe1e-484d-b0d3-ebb3f8282241,3962606.8518794,347890.043763974
2893,3,CHEPKEMEL HEALTH CENTRE,1685,RIFT VALLEY,KERICHO,SIGOWET,KAPLELARTET,KAPLELARTET,DSA/DFH(MOH)-UNFPA REPORT,3,MOH,-0.364316,35.0518,f1359c5d-88db-42ec-9795-bd012198e9f5,3901948.52738767,-40555.7448915971
2894,15,LAMURIA DISP,1693,RIFT VALLEY,LAIKIPIA,LAMURIA,LAMURIA,LAMURIA(LAIKIPIA),DDP,4,MOH,-0.136919,36.866,d48e2893-0069-4783-8936-496077e669ee,4103904.34758483,-15241.7678665494
2895,11,KAALENG DISP,382,RIFT VALLEY,TURKANA,KAALING,KAERIS,KAERIS,DISTRICT ESTIMATES,4,MOH,3.90231,35.38123,c8d66b82-7ef2-46c7-a7bb-eed7b88e484d,3938620.5072397,434739.397974808
2896,0,CHEPKUNYUK DISP,0,RIFT VALLEY,KERICHO,CHILCHILA,KUNYAK,KAPKWEN,DHMT,4,MOH,-0.103819,35.293499,cbd39ea1-a1e0-4946-8fe0-2cecd93682c3,3928854.33699292,-11557.0845388593
2897,16,MAHIANJU DISP,0,RIFT VALLEY,LAIKIPIA,NYAHURURU,MUTITU,NGORU,DDP,4,MOH,0.067444,36.3911,138db71e-4e90-4bf1-b588-8faaaa4dbeda,4051038.7214071,7507.83347088802
2898,12,KABLO KORI DISP,2133,RIFT VALLEY,TURKANA,TURKWEL,LOMEYAN,KAPUS,ILRI TOWNS,4,MISS,3.125338,35.067456,b1a5ef13-44dd-4947-b2f1-c3caabcbfeb8,3903691.34533553,348083.693583113
2899,4,CHEPSIR DISP,1575,RIFT VALLEY,KERICHO,KIPKELION,KAPSEGER,CHEPSIR,DSA/DFH(MOH)-UNFPA REPORT,4,MOH,-0.283536,35.4259,3bfc9f0e-dfb9-422c-90d8-d421ae3e04f1,3943593.14889344,-31563.2119671011
2900,17,MAINA DISP,0,RIFT VALLEY,LAIKIPIA,NYAHURURU,MUTITU,NGORU,DDP,4,MOH,0.071787,36.3448,07aa70d7-63d6-4a0f-bfef-542c50af7f16,4045884.62898338,7991.29437637813
2901,13,KACHODA DISP,2134,RIFT VALLEY,TURKANA,LOKITAUNG,LOKITAUNG,KACHODA,SUBLOC CENTROID,4,MISS,4.309862,35.683389,4a36ed61-8ed7-4328-ae58-384776428be5,3972256.6932583,480224.728246469
2902,6,CHEPTUIYET DISP,1578,RIFT VALLEY,KERICHO,SIGOWET,KEBENETI,CHEPTUIYET(KERI),DSA/DFH(MOH)-UNFPA REPORT,4,MOH,-0.478258,35.0509,3bc673cf-6809-4966-8bf9-f7bc23f2f2b0,3901848.33984596,-53240.0552847287
2903,18,MARY IMMACULATE DISP,3593,RIFT VALLEY,LAIKIPIA,CENTRAL,NANYUKI,MAJENGO(LAIKIPIA),ILRI MKT CENTRES,4,MISS,0.016111,37.075622,879a4eb2-937d-48c6-929a-868fd748d748,4127239.3618839,1793.46833980729
2904,14,KAERIS DISP,2135,RIFT VALLEY,TURKANA,KAALING,KAERIS,KANGAPUR,DISTRICT ESTIMATES,4,MOH,4.03175,35.5928,31f2efb4-6cb7-4d74-ab0a-55060045779e,3962172.37190683,449183.202946357
2905,8,FORT TERNAN SUB-HEALTH CENTRE,1581,RIFT VALLEY,KERICHO,CHILCHILA,CHILCHILA,KOISAGAT,DSA/DFH(MOH)-UNFPA REPORT,3,MOH,-0.195954,35.3392,c5ed6e87-1942-41a3-a03b-7d40674d1ac3,3933941.74904166,-21813.542023319
2906,19,MATANYA DISP,1695,RIFT VALLEY,LAIKIPIA,LAMURIA,TIGITHI,MATANYA(LAIKIPIA),SUBLOC CENTROID,4,MOH,-0.076315,36.963679,0ad11b6a-6a2e-4fe6-ac10-d6484a117f0b,4114777.92412603,-8495.34945179871
2907,15,KAIKOR DISP,2136,RIFT VALLEY,TURKANA,KAALING,KAIKOR,LOITANIT,DISTRICT ESTIMATES,4,MOH,4.72124,35.34123,b1d77f39-e51a-49e3-99a3-5a411ee4f378,3934167.72760797,526161.805921367
2908,0,IRAA DISP,0,RIFT VALLEY,KERICHO,SIGOWET,KIPTERE,IRAA,DHMT,4,MOH,-0.365365,35.095407,ae409cb0-5507-4fc9-aac1-34edbc26236f,3906802.8364227,-40672.5214049096
2909,21,MINJORE DISP,3833,RIFT VALLEY,LAIKIPIA,NGARUA,SIPILI,DONYO-LOIP,DDP,4,MISS,0.451416,36.4491,92174787-a691-4261-badd-3bfa96173d8a,4057495.25187311,50251.9191469187
2910,0,JAGOROR DISP,0,RIFT VALLEY,KERICHO,LONDIANI,KIPSIRICHET,JAGOROR,DHMT,4,MOH,-0.147252,35.546299,d619bc56-b687-4031-b665-1f95e5047f50,3956995.90426545,-16392.0357033774
2911,16,KAINUK DISP,3049,RIFT VALLEY,TURKANA,KAINUK,KAINUK,KAINUK,DDP,4,MOH,1.84694,35.6562,f9012f51-708b-4739-bb60-9ef424b6929a,3969230.02762313,205636.036387536
2912,9,KABIANGA SUB-HEALTH CENTRE,1686,RIFT VALLEY,KERICHO,BELGUT,KABIANGA,KABIANGA(KERICHO),DSA/DFH(MOH)-UNFPA REPORT,3,MOH,-0.441695,35.1342,5408f282-6780-4a3b-ad0e-83bcf1b9294d,3911121.25342904,-49169.7495079461
2913,22,MUHOTETU DISP,1696,RIFT VALLEY,LAIKIPIA,NGARUA,MUHOTETU,MUHOTETU,DDP,4,MOH,0.295105,36.3384,59c627e1-5402-40e2-bb21-0f2c8cde5f3b,4045172.1842423,32851.0835775896
2914,17,KAKUMA HOSPITAL,2170,RIFT VALLEY,TURKANA,KAKUMA,KAKUMA,NADAPAL(KAKUMA),HD MAPS,1,MISS,3.71732,34.8668,d14c1de7-ea6b-4c20-96b0-afb498150ce0,3881354.42159092,414100.787096559
2915,10,KABOKYEK SDA DISP,3178,RIFT VALLEY,KERICHO,SOIN,KAPSEGUT,KABOKYEK,DSA/DFH(MOH)-UNFPA REPORT,4,MISS,-0.316698,35.1495,552c7339-394c-4047-b7f7-5e95a5a92ba2,3912824.44163817,-35254.8396157157
2916,23,MURAMATI DISP,2390,RIFT VALLEY,LAIKIPIA,CENTRAL,DAIGA,NAIBOR,DDP,4,MOH,0.121427,37.0592,7f149d1f-2669-4135-965a-26a367f855a6,4125411.27320609,13517.2019271717
2917,18,KALEMUNYANG DISP,2137,RIFT VALLEY,TURKANA,TURKWEL,LORUGUM,KALEMUNYANG,SUBLOC CENTROID,4,MISS,2.736433,35.344086,1dc0e544-705d-46af-bb8b-9d9f5688179e,3934485.65607368,304734.199722933
2918,0,KABUTI-MATIRET DISP,0,RIFT VALLEY,KERICHO,SIGOWET,KAPLELARTET,TABAITA,DHMT,4,MOH,-0.367254,35.012399,e1898b6f-83d0-461e-af54-a8266b3dd643,3897562.42813093,-40882.8082206842
2919,24,MUTARA DISP,2385,RIFT VALLEY,LAIKIPIA,RUMURUTI,MUTARA,MUTARA,DDP,4,MOH,0.084521,36.6684,0bd14977-5a7a-435c-8aec-95ac479b382d,4081907.61620408,9408.83809381334
2920,19,KALIMAPUS CATH HEALTH CENTRE,349,RIFT VALLEY,TURKANA,KALOKOL,KALOKOL,NAMADAK,DDP,3,MISS,3.693601,35.806406,8c4352e7-ac0b-4519-95d5-2aac0a0512a9,3985950.88305722,411454.868686603
2921,11,KAITUI DISP,1588,RIFT VALLEY,KERICHO,SOIN,KAITUI,KAPTUGUMO,DSA/DFH(MOH)-UNFPA REPORT,4,MOH,-0.286937,35.1598,844d8c5e-a435-4045-8ed0-597c3f0d5f38,3913971.03239335,-31941.8142469044
2922,20,KALOBEYEI DISP,2138,RIFT VALLEY,TURKANA,OROPOI,KALOBEYEI,KALOBEYEI,DDP,4,MISS,3.81115,34.7288,f7538c57-aa88-4dbd-98a1-3358407a4308,3865992.33186144,424568.478640625
2923,12,KAKIPTUI DISP,3658,RIFT VALLEY,KERICHO,BELGUT,KAPSUSER,KAPSUSER,DISTRICT ESTIMATES,4,MOH,-0.37412,35.24123,afb6e757-926d-4fdd-8c0d-f184179e1c73,3923035.77852864,-41647.1438413201
2924,25,MUTHENGERA DISP,0,RIFT VALLEY,LAIKIPIA,RUMURUTI,MUTHENGERA,MUTHENGERA,DDP,4,MOH,0.219121,36.3167,f9b0f066-9afa-48d3-9149-2fc118e40158,4042756.55129208,24392.49760258
2925,0,KAMAWOI DISP,0,RIFT VALLEY,KERICHO,SIGOWET,CHEMAMUL,KIPTOME(KERICHO),DHMT,4,MOH,-0.389915,35.12748,d7d4f83d-be97-4ca7-8f8a-2286ef308bd7,3910373.18645091,-43405.4742871734
2926,21,KALOKOL HEALTH CENTRE,2171,RIFT VALLEY,TURKANA,KALOKOL,KALOKOL,KALOKOL,DDP,3,MISS,3.57934,35.8422,e954f7b9-5e34-40ba-816f-1c9d0f0eb59e,3989935.45291068,398709.728626307
2927,26,NANYUKI DISTRICT HOSPITAL,1713,RIFT VALLEY,LAIKIPIA,CENTRAL,NANYUKI,MAJENGO(LAIKIPIA),HD MAPS,1,MOH,0.019,37.0709,30c51c0b-aa0b-48c9-a02e-4e3647a19f00,4126713.71124837,2115.07036384428
2928,13,KAMWINGI DISP,1784,RIFT VALLEY,KERICHO,LONDIANI,SORGET,SORGET,DSA/DFH(MOH)-UNFPA REPORT,4,MOH,-0.071809,35.562,40ee9607-b3c2-4c76-922c-f286b712ad87,3958743.7315904,-7993.74340709335
2929,22,KANAKURUDIO DISP,365,RIFT VALLEY,TURKANA,LOKITAUNG,KATABOI,KATIKO,DDP,4,MOH,3.82112,35.7124,fdc53b08-5033-4a5e-8fe7-a95ed08e3abf,3975486.18300571,425680.80024318
2930,14,KAPKIAM DISP,298,RIFT VALLEY,KERICHO,AINAMOI,KAPSAOS,TENDWET(KERICHO),DSA/DFH(MOH)-UNFPA REPORT,4,MOH,-0.291189,35.3689,2745c554-5708-4a86-96a9-f89a97ebc481,3937247.93791822,-32415.1507457813
2931,27,NANYUKI GK PRISON DISP,2307,RIFT VALLEY,LAIKIPIA,CENTRAL,NANYUKI,THINGITHU,ILRI MKT CENTRES,4,MOH,0.017426,37.061102,a35ad482-bd64-43ac-b70f-a8bca543637f,4125623.00287758,1939.85347647695
2932,23,KANGAGETEI DISP,4293,RIFT VALLEY,TURKANA,KERIO,LORENGELUP,KANGAGETEI,SUBLOC CENTROID,4,MISS,3.035235,35.822039,23b43b80-4dde-453e-a69e-c95c2f3cb2a0,3987691.1406568,338038.960013112
2933,16,KAPSEGER DISP,974,RIFT VALLEY,KERICHO,KIPKELION,KAPSEGER,TUGUNON,DSA/DFH(MOH)-UNFPA REPORT,4,MOH,-0.249524,35.4072,a26646e7-5ff2-48a1-b516-d6ca23d20e16,3941511.4744156,-27776.9724245788
2934,28,NDINDIKA HEALTH CENTRE,2374,RIFT VALLEY,LAIKIPIA,NGARUA,KINAMBA,MWENJE,SUBLOC CENTROID,3,MOH,0.446367,36.295492,1e80e44f-3625-41aa-ad01-df783583eb0d,4040395.68753134,49689.8497874811
2935,24,KANGARISSAE DISP,0,RIFT VALLEY,TURKANA,KERIO,KANGIRISAE,KANGIRISAE,DDP,4,MISS,2.66125,36.2814,984628e2-8a62-4008-9a1d-97e5582ee2c3,4038826.97326708,296355.57249837
2936,17,KAPSOROK DISP,1599,RIFT VALLEY,KERICHO,SOIN,KAPSOROK,KAPSOROK,DSA/DFH(MOH)-UNFPA REPORT,4,MOH,-0.295441,35.0543,b2f53c26-3582-48d6-b247-71d6c3ec9ab5,3902226.82611466,-32888.4874231773
2937,30,NGARUA CATHOLIC DISP,2372,RIFT VALLEY,LAIKIPIA,NGARUA,KINAMBA,MUTHIGA,ILRI VILLAGES,4,MISS,0.412111,36.261121,4051a749-ad87-40f6-8276-8f046b404433,4036569.52531329,45876.382239934
2938,25,KANGATOSSA DISP,2139,RIFT VALLEY,TURKANA,KALOKOL,KANGATOTHA,NAOROS,DDP,4,MOH,3.16336,36.1138,9f42db3a-5447-4c28-9dfa-ec6af332fd60,4020169.82661013,352322.665059815
2939,18,KEBENETI SDA DISP,1601,RIFT VALLEY,KERICHO,SIGOWET,KEBENETI,CHEPTUIYET(KERI),DSA/DFH(MOH)-UNFPA REPORT,4,MISS,-0.450198,35.0722,c81e75ec-6dd4-41f9-a08b-2aff7723730e,3904219.44499986,-50116.3278101495
2940,31,NGARUA DISP,3632,RIFT VALLEY,LAIKIPIA,RUMURUTI,RUMURUTI,RUMURUTI,ILRI MKT CENTRES,4,MISS,0.272223,36.537228,5438c1e8-178e-4db9-97e9-f0ffc2da1b12,4067305.61595774,30303.8397544944
2941,26,KAPEDO HEALTH CENTRE,2162,RIFT VALLEY,TURKANA,LOMELO,KAPEDO,KAPEDO,DDP,3,MISS,1.20002,36.1092,bc042c14-d071-426c-9199-47c0f50e52f8,4019657.75695248,133595.382939796
2942,19,KEDOWA DISP,3449,RIFT VALLEY,KERICHO,LONDIANI,KEDOWA,KEDOWA,GPS,4,MOH,-0.2121,35.56792,df5c135f-2d8f-480b-a92b-8df6441a4adc,3959402.7429759,-23610.9179232483
2943,32,NGARUA HEALTH CENTRE,1707,RIFT VALLEY,LAIKIPIA,NGARUA,GITUAMBA,KIAMBOGO(LAIKIPIA),SUBLOC CENTROID,3,MOH,0.291558,36.303527,54411833-5154-4012-81f1-d2128f47e03e,4041290.13963986,32456.2281690555
2944,27,KAPELIBOK DSIPENSARY,2140,RIFT VALLEY,TURKANA,CENTRAL,LODWAR TOWN,NAPETET,ILRI VILLAGES,4,MISS,3.12,35.6,7da39526-b359-4b2b-9591-f673a1e34d62,3962973.87224055,347488.586523676
2945,33,NGOBIT DISP,1708,RIFT VALLEY,LAIKIPIA,LAMURIA,NGOBIT,KARIGU-INI,DDP,4,MOH,-0.089157,36.6445,c50551cf-cd97-4ecd-93ff-5875cc5d66c9,4079247.08037412,-9924.91584600762
2946,20,KENEGUT SUB HEALTH CENTRE,1602,RIFT VALLEY,KERICHO,AINAMOI,KENEGUT,KENEGUT,DSA/DFH(MOH)-UNFPA REPORT,3,MOH,-0.26568,35.2261,24e92b17-0836-4a30-83be-849a340ad8c4,3921351.51463294,-29575.4683012032
2947,28,KAPUA SUB-HEALTH CENTRE,4291,RIFT VALLEY,TURKANA,KALOKOL,KALOKOL,KAPUA,DDP,3,MISS,3.47996,35.7061,58e2e416-6119-497d-bb4b-047bb9e8f42c,3974784.87021371,387625.770772332
2948,34,NORTH MARMANET DISP,439,RIFT VALLEY,LAIKIPIA,NYAHURURU,MAINA,MAINA(LAIKIPIA),ILRI VILLAGES,4,MOH,0.03,36.37,d81d8331-c74b-4b24-92f1-4ff15b7456fe,4048689.88015137,3339.58487639469
2949,29,KAPUTIR HEALTH CENTRE,2141,RIFT VALLEY,TURKANA,KATILU,KATILU,KALEMUNGOROK,DDP,3,MOH,2.10933,35.475,3fd851bf-031b-40b0-8da2-5841708b8398,3949058.93589139,234862.600076303
2950,21,KERICHO DISTRICT HOSPITAL,1680,RIFT VALLEY,KERICHO,AINAMOI,TOWNSHIP,TOWNSHIP(KERICHO),GPS,1,MOH,-0.36896,35.27941,d3346a38-2a76-42dd-b4cb-04cc3aa955a6,3927285.95668713,-41072.723191486
2951,35,OL BOSOIT DISP,4400,RIFT VALLEY,LAIKIPIA,CENTRAL,NANYUKI,MAJENGO(LAIKIPIA),ILRI MKT CENTRES,4,MOH,0.016111,37.075622,c51608a4-2aeb-459a-b883-4ece4ea3958b,4127239.3618839,1793.46833980729
2952,30,KAPUTIR MSSION DISP,4298,RIFT VALLEY,TURKANA,KAINUK,KAPUTIR,NAKWAMORU,ILRI MKT CENTRES,4,MISS,2.083326,35.472324,9c906838-e25c-48a2-91b9-ea31575b62e7,3948761.04493403,231965.909374065
2953,22,KERICHO FOREST DISP,1604,RIFT VALLEY,KERICHO,AINAMOI,CHEBOSWA,CHEYMEN,DSA/DFH(MOH)-UNFPA REPORT,4,MOH,-0.343908,35.3851,618350dd-b738-4ad5-835d-b26ec464d55e,3939051.31366907,-38283.8933219796
2954,36,OL MORAN DISP,2377,RIFT VALLEY,LAIKIPIA,NGARUA,SIPILI,DONYO-LOIP,DDP,4,MOH,0.544768,36.4773,6a22f888-2f6a-43c7-938e-9454066306a5,4060634.46151349,60644.210093406
2955,31,KATABOI DISP,2163,RIFT VALLEY,TURKANA,LOKITAUNG,KATABOI,LOMEKUI,DDP,4,MISS,3.90511,35.7514,ebbd4645-8ffc-49b9-8d8b-598b2a9bed02,3979827.64314665,435051.81740192
2956,23,KERICHO MUNICIPAL H C,0,RIFT VALLEY,KERICHO,AINAMOI,TOWNSHIP,TOWNSHIP(KERICHO),GPS,3,LA,-0.36747,35.28391,853b1aed-7226-4b06-bd95-2cca74125182,3927786.8943957,-40906.8537249475
2957,37,OL PEJETA DISP,2387,RIFT VALLEY,LAIKIPIA,LAMURIA,SIRIMA,WITHARE,DDP,4,MOH,0.073666,36.79,21fbb039-b36a-4615-b1df-76737a3efb1f,4095444.06628454,8200.46386809556
2958,32,KATARUK DISP,3051,RIFT VALLEY,TURKANA,TURKWEL,LORUGUM,TURKWEL,SUBLOC CENTROID,4,MISS,2.913437,35.410895,b0ce0fa3-22ad-4cfc-83c1-86837f918ed7,3941922.79993408,324462.176508968
2959,24,KIBENETI DISP,2715,RIFT VALLEY,KERICHO,SIGOWET,KEBENETI,KEBENETI,DISTRICT ESTIMATES,4,MOH,-0.44123,35.07123,224a62ca-30f5-480d-91de-8791d1d1e47a,3904111.46509379,-49117.9844081802
2960,33,KATILU HEALTH CENTRE,2164,RIFT VALLEY,TURKANA,LOKICHAR,LOKICHAR,LOKICHAR(TURKANA),DDP,3,MOH,2.37529,35.5503,b61463c5-1b51-46ea-8ea3-dcb9f3fadc3a,3957441.29354812,264491.84572599
2961,25,KIMOUT DISP,0,RIFT VALLEY,KERICHO,LONDIANI,KIPSIRICHET,JAGOROR,DSA/DFH(MOH)-UNFPA REPORT,4,MOH,-0.168744,35.5279,2d9d4e88-0d97-4c0c-bda1-dcd45cf590bf,3954947.73695435,-18784.5233100928
2962,38,OLJABET SUB HEALTH CENTRE,2376,RIFT VALLEY,LAIKIPIA,RUMURUTI,MUTHENGERA,GAITI,DDP,3,MOH,0.182776,36.3767,26e588f9-1760-4a48-aabf-91f46cb59e90,4049435.72073968,20346.565758311
2963,34,KENGOLKERION DISP,2142,RIFT VALLEY,TURKANA,LOKITAUNG,LOKITAUNG,NAKALALE(LOKITAUNG),ILRI MKT CENTRES,4,MISS,4.26268,35.739552,f8ac1804-7e23-443b-919a-d54c972f5096,3978508.72981973,474957.720434999
2964,26,KIMUGUL DISP,0,RIFT VALLEY,KERICHO,KIPKELION,KIMUGUL,KIPYEMIT,GPS,4,MOH,-0.25114,35.50264,867dee8d-5308-4895-9914-df6d3d55ed8d,3952135.80661691,-27956.8664387212
2965,39,OR- ARABEL DISP,1699,RIFT VALLEY,LAIKIPIA,NGARUA,GITUAMBA,KIAMBOGO(LAIKIPIA),ILRI VILLAGES,4,MOH,0.3,36.3,09a9fc2c-8fcc-4a4f-9b51-6a00d07d71f5,4040897.51579584,33395.9998333877
2966,35,KERIO DISP,2143,RIFT VALLEY,TURKANA,KALOKOL,KANGATOTHA,ELIYE,DDP,4,MOH,3.10457,35.9915,247f2713-1a27-4f59-9cb0-631081ebf83d,4006555.45288611,345768.389574693
2967,27,KIPCHIMCHIM MISSION HOSPITAL,1666,RIFT VALLEY,KERICHO,AINAMOI,AINAMOI,KIPCHIMCHIM,DSA/DFH(MOH)-UNFPA REPORT,1,MISS,-0.325202,35.266,04775c51-6f7e-4127-a899-7af7c7a21e7f,3925793.16231559,-36201.5154187887
2968,40,PESI DISP,2185,RIFT VALLEY,LAIKIPIA,RUMURUTI,SALAAMA,PESI(LAIKIPIA),DDP,4,MOH,0.093205,36.5707,d783fd97-55c6-4408-9ffa-f620edf9cf64,4071031.70195358,10375.5377154646
2969,36,KIBISH DISP,2144,RIFT VALLEY,TURKANA,KIBISH,KIBISH,KIBISH,DISTRICT ESTIMATES,4,MOH,5.387024,35.779489,71d9abe8-9d87-4ae2-85c0-91327798e3a3,3982954.49632354,600566.256459894
2970,28,KIPKELION MERCY MOBILE DISP,1613,RIFT VALLEY,KERICHO,KIPKELION,KIMUGUL,KIMUGUL,DISTRICT ESTIMATES,4,MISS,-0.20123,35.48123,d81283cd-c238-4650-813e-cfad306e59b8,3949752.45631903,-22400.8671849323
2971,41,RUMURUTI HEALTH CENTRE,1710,RIFT VALLEY,LAIKIPIA,RUMURUTI,RUMURUTI,RUMURUTI,DDP,3,MOH,0.277738,36.5338,0ebbc695-91d9-43c1-b186-c17f16bffaea,4066924.0127433,30917.7738169439
2972,39,KOTARUK SUB-HEALTH CENTRE,0,RIFT VALLEY,TURKANA,TURKWEL,KOTARUK,NAIPA,DDP,3,MOH,2.54825,35.3754,2c771915-3e79-4454-90ac-7ddc816264c9,3937971.51460838,283763.457889605
2973,42,SALAMA DISP,1701,RIFT VALLEY,LAIKIPIA,RUMURUTI,SALAAMA,SALAAMA,DDP,4,MOH,0.140788,36.464975,37a371a0-34a5-44cf-ab98-6cab3b037918,4059262.44878945,15672.4642412813
2974,40,KOYASA DISP,4000,RIFT VALLEY,TURKANA,KIBISH,NAITA,KOYASA,DISTRICT ESTIMATES,4,MOH,4.9912,35.5112,30e3a92e-e48f-44fd-978c-15f84278a801,3953088.7014581,556321.910401623
2975,44,SIPILI DISP,1711,RIFT VALLEY,LAIKIPIA,NGARUA,SIPILI,DIM COM,SUBLOC CENTROID,4,MOH,0.424012,36.394501,d3bda1a8-395b-4bd1-8a77-a2dc27b64665,4051417.31899529,47201.23076932
2976,41,LETEA CATHOLIC DISP,2145,RIFT VALLEY,TURKANA,OROPOI,LORENG,LORENG,DDP,4,MISS,3.56138,34.8001,529ebdf2-bce9-4268-a176-ece81bfc2c9e,3873929.411555,396706.542534247
2977,45,SWEET WATERS DISP,3835,RIFT VALLEY,LAIKIPIA,CENTRAL,MARURA,MARURA,SUBLOC CENTROID,4,MOH,0.018049,37.019244,c8f680df-14b1-4012-b747-fbef6bcaa3e4,4120963.39163196,2009.20552256574
2978,29,KIPKELION SUB HEALTH CENTRE,1687,RIFT VALLEY,KERICHO,KIPKELION,KIPCHORAN,KIPKELION TOWN,DSA/DFH(MOH)-UNFPA REPORT,3,MOH,-0.194253,35.4642,a5ecdd97-17bf-47b7-b383-163c5cfccad5,3947856.68539082,-21624.1864716466
2979,42,LOCHWA DISP,0,RIFT VALLEY,TURKANA,LOKICHAR,LOCHWANGAMATAK,NAPUSIMORU,DDP,4,MOH,2.63871,35.7197,7ee8c744-9d54-4e5f-9142-3b2109024be7,3976298.8152885,293843.7450588
2980,46,THOME DISP,421,RIFT VALLEY,LAIKIPIA,RUMURUTI,MUTARA,THOME,DDP,4,MISS,0.240831,36.6076,84084cfd-d766-48cd-a7fe-d91aad4688c7,4075139.39116385,26809.2632302696
2981,43,LOCHWAANGAMATAK DISP,353,RIFT VALLEY,TURKANA,LOKICHAR,LOCHWANGAMATAK,LOCHWANGAMATAK,DISTRICT ESTIMATES,4,MOH,2.79122,35.64123,72d8de32-26e7-42bd-afdf-710106ffcbcd,3967563.57484595,310840.16348118
2982,47,TIGITHI DISP,0,RIFT VALLEY,LAIKIPIA,LAMURIA,TIGITHI,MATANYA(LAIKIPIA),DDP,4,MOH,-0.032712,36.9636,bb8abe80-69c7-4dcc-ab9f-ec95d4633400,4114769.12988625,-3641.4833806557
2983,44,LODWAR DISTRICT HOSPITAL,2172,RIFT VALLEY,TURKANA,CENTRAL,LODWAR TOWN,NAPETET,HD MAPS,1,MOH,3.1176,35.5998,470c3f94-3e09-4fae-89ea-65d9c3c6e8bd,3962951.60834239,347221.023450626
2984,1,ARROR HEALTH CENTRE,2029,RIFT VALLEY,MARAKWET,TUNYO,ARROR,ARROR,DDP,3,MISS,0.955932,35.6098,a5050c8d-48ec-442e-8804-a21d9940ba61,3964064.80325032,106418.800732113
2985,45,LOKANGAE DISP,0,RIFT VALLEY,TURKANA,KAKUMA,PELEKECH,NAMON,DDP,4,MISS,3.84179,34.9903,96ceb20d-7a7a-4cbf-9278-b0c2e9c37d85,3895102.37870389,427986.928479278
2986,2,CHEBIEMIT HEALTH CENTRE,2031,RIFT VALLEY,MARAKWET,CHEBIEMIT,MOIBEN,CHEBIEMIT,DDP,3,MOH,0.867231,35.495,d67954f3-b99e-4b77-8ae7-764e81f0da60,3951285.32570725,96543.3997328362
2987,46,LOKIAMA DISP,0,RIFT VALLEY,TURKANA,LOIMA,LOKIRIAMA,LOKIRIAMA,DISTRICT ESTIMATES,4,MOH,2.73124,34.84123,70004f18-8bb9-418f-b7da-e93e5d4380b6,3878507.98221133,304155.458931546
2988,47,LOKICHAR HEALTH CENTRE,2165,RIFT VALLEY,TURKANA,LOKICHAR,LOKICHAR,KAPESE,DDP,3,MISS,2.41696,35.7151,6d1d8cc5-8679-45cb-95ed-da9664735254,3975786.74563085,269134.588345857
2989,3,CHEBORORWA HEALTH CENTRE,2032,RIFT VALLEY,MARAKWET,KAPCHEROP,CHERANGANY,KOITUGUM,DDP,3,MOH,0.966372,35.3828,80b25fe5-9a04-4734-aa94-26049162e53b,3938795.27884024,107581.139760434
2990,4,CHEBULBAI DISP,2471,RIFT VALLEY,MARAKWET,KAPSOWAR,KAPSOWAR,KAPSOWAR,ILRI TOWNS,4,MISS,0.988,35.548,ec55fecb-9daa-4937-b1db-31b274305349,3957185.2587193,109989.107924265
2991,48,LOKICHOGIO DISP,0,RIFT VALLEY,TURKANA,LOKICHOGGIO,LOKICHOGGIO,LOKICHOGGIO,DISTRICT ESTIMATES,4,MISS,4.189929,34.3078,6132ba6c-39f4-4167-a620-94accaba3b52,3819126.82623748,466837.033419613
2992,5,CHEMUNADA DISP,0,RIFT VALLEY,MARAKWET,CHEBIEMIT,KUSERWO,CHEMUNADA,SUBLOC CENTROID,4,MISS,0.953492,35.472165,fc375685-4444-46c0-b6bf-457660cd2e51,3948743.34513499,106147.143462446
2993,49,LOKICHOGIO DISTRICT HOSPITAL,0,RIFT VALLEY,TURKANA,LOKICHOGGIO,MOGILA,MOGILA,DDP,1,MOH,4.18101,34.3924,1dc17473-662e-45c6-b73d-b7a13013186f,3828544.45515859,465841.519864208
2994,6,CHEPTONGEI DISP,4890,RIFT VALLEY,MARAKWET,CHEBIEMIT,KUSERWO,CHEPTONGEI,DDP,4,MOH,0.967819,35.5001,929090b2-c673-49bd-9d29-6b89091eb4f6,3951853.05511029,107742.242012139
2995,50,LOKICHOGIO HEALTH CENTRE,2166,RIFT VALLEY,TURKANA,LOKICHOGGIO,LOKICHOGGIO,LOKICHOGGIO,DDP,3,MISS,4.21267,34.2429,bc15d1fd-5ed5-4b8b-a0e5-0921583ae53a,3811902.191285,469375.370956845
2996,7,CHESOI AIC DISP,1997,RIFT VALLEY,MARAKWET,TIRAP,SAMBIRIR,CHESOI,ILRI MKT CENTRES,4,MISS,1.071,35.584,9840044b-576a-4c00-adc9-9ce36fdd100c,3961192.76038785,119230.118181285
2997,51,LOKIRIAM DISP,3999,RIFT VALLEY,TURKANA,LOIMA,LOKIRIAMA,LOKIRIAMA,DISTRICT ESTIMATES,4,MOH,2.79123,34.88124,c7582d16-20bf-49a0-9415-16e2731025c4,3882961.87503797,310841.27799834
2998,8,CHESOI CATHOLIC HEALTH CENTRE,2034,RIFT VALLEY,MARAKWET,TUNYO,MON,MOGIL,ILRI VILLAGES,3,MISS,1.07,35.62,7d606914-3334-49eb-913a-c53f815b5649,3965200.26205641,119118.779257822
2999,9,CHESONGOCH HEALTH CENTRE,2035,RIFT VALLEY,MARAKWET,TOT,MURKUTWA,ROCHO,HD MAPS,3,MISS,1.13036,35.642,fe774500-9048-4e43-a344-c37e7049e362,3967649.29085386,125839.262942078
3000,10,EMBABUT DISP,2470,RIFT VALLEY,MARAKWET,TIRAP,EMBOBUT,KIPCHUMWA,DISTRICT ESTIMATES,4,MOH,1.2512,35.5412,c25db948-1706-44c4-8ec6-02a7bc63790b,3956428.2861819,139294.018386135
3001,75,KIRIGITI JUVENILE DISP,4370,CENTRAL,KIAMBU,KIAMBAA,KIAMBAA S/AREA,KIAMUMBI,SUBLOC CENTROID,9,OTHER MIN,-1.1793,36.872256,44552715-2a91-43e7-9390-0892d9e62daa,4104600.76231923,-131288.345788293
3002,76,LIMURU TEA DISP,3386,CENTRAL,KIAMBU,LIMURU,KARAMBAINI,MABROUKE,1:50000 MAPS,9,PRIV,-1.103604,36.66667,051cb861-faf5-4639-8d27-bd0d91f31061,4081715.03348501,-122860.232538722
3003,16,ALUPE LEPROSY HOSPITAL,2263,WESTERN,TESO,CHAKOL,ANGOROM,ALUPE,HD MAPS,8,MOH,0.48561,34.1218,b9d24f9e-83f1-4ece-bd5c-5935d07f3550,3798421.40094993,54058.5051343383
3004,63,G K GATHIGIRIRI DISP,291,CENTRAL,KIRINYAGA,MWEA,TEBERE,KARUKUNGU,HD MAPS,9,OTHER MIN,-0.70837,37.4315,109eef5b-3ea2-44b9-8c65-08776f20c434,4166855.51962842,-78857.3966554603
3005,17,AMAGORO NURSING HOME,0,WESTERN,TESO,AMAGORO,AMAGORO,AMAGORO,ILRI MKT CENTRE,7,PRIV,0.632085,34.331113,5da349f2-bf2c-47e2-8ebf-e74731d2e3fb,3821722.01752634,70364.8076351062
3006,64,MWEA GK PRISON DISP (GATHIGIRIRI),0,CENTRAL,KIRINYAGA,MWEA,TEBERE,MAHIGAINI,1:50000 MAPS,9,MOH,-0.672314,37.392341,495a2d38-644e-4806-9ddb-3a4e60f26fb2,4162496.35968845,-74843.3696702208
3007,41,ALPHA NURSING HOME,0,WESTERN,VIHIGA,TIRIKI EAST,SHAVIRINGA,JEPTULU,AMKENI,7,PRIV,0.118972,34.845505,38869621-c502-4609-b90b-c3572c9ae25d,3878983.87303447,13243.9119758673
3008,65,WAMUMU APPR. SCH. DISP,3320,CENTRAL,KIRINYAGA,MWEA,MUTITHI,KIANDEGWA,HD MAPS,9,OTHER MIN,-0.74104,37.3236,7677a24c-fb81-41e8-88e4-9fea20ab2722,4154844.14657183,-82494.4954043529
3009,42,LUNDU NURSING HOME,3267,WESTERN,VIHIGA,VIHIGA,CENTRAL MARAGOLI,EMANDA,AMKENI,7,PRIV,0.049154,34.726871,ddbcafef-81b0-48c1-8bce-46324bd96a9b,3865777.59656371,5471.79892165691
3010,55,G.K. PRISON MURANGA DISP,371,CENTRAL,MURANGA,KIHARU,TOWNSHIP,MUKUYU(MURANGA),1:50000 MAPS,9,OTHER MIN,-0.73123,37.162322,8fe683ae-2e23-4669-8a2c-46786148906d,4136890.76173568,-81402.3610599504
3011,43,MARIE STOPES CLINIC,0,WESTERN,VIHIGA,VIHIGA,WAMULUMA,MBIHI,AMKENI,8,NGO,0.085026,34.72192,1cc0070d-15da-4ab0-9746-cb2769049f44,3865226.45376479,9465.0544981945
3012,54,GK PRISON DISP,401,CENTRAL,NYANDARUA,NDARAGWA,KIRIITA,MAIRO-INYA,1:50000 MAPS,9,MOH,0.032123,36.42123,6c7dfe20-2396-4fe9-8829-78eec6e08a23,4054392.7776647,3575.91619009631
3013,44,SABATIA EYE HOSPITAL,0,WESTERN,VIHIGA,SABATIA,WODANGA,VOKOLI,1:50000 MAPS,8,PRIV,0.12072,34.78693,78c7fcf7-3c58-4680-949f-64024aa2e430,3872463.33386126,13438.4988714655
3014,91,G.K PRISON DISP(NYERI),482,CENTRAL,NYERI,MUNICIPALITY,MUKARO,MAJENGO(NYERI),GPS,9,OTHER MIN,-0.41216,36.95799,4bb10db2-f98c-44c7-ab7b-74caa200c951,4114144.6275429,-45881.8370360931
3015,0, ,0, , , , , ,GPS,7,PRIV,-2.1529,37.58659,781f7f1e-d4cf-48b5-ab1e-56692043c0fe,4184120.05945555,-239716.147379256
3016,92,KIGANJO POLICE DISP,467,CENTRAL,NYERI,MUNICIPALITY,KIGANJO,KIGANJO(NYERI),1:50000 MAPS,9,OTHER MIN,-0.390991,37.00901,901bc664-90e6-43b4-986c-7e9cf414cbb3,4119824.14796318,-43525.2568406039
3017,0,KAWERU MED CLINIC,0,CENTRAL,MURANGA,KIHARU,GATURI,GAKUYU(MURANGA),DHMT,6,PRIV,-0.66,37.09,8809f538-665b-490e-8178-a0a9ecd02dab,4128839.91352252,-73472.4888021229
3018,82,DR. KAHANGARA MM'S CLINIC,0,CENTRAL,KIAMBU,KIAMBAA,KIAMBAA,KARURI(KIAMBU),SUBLOC CENTROID,6,PRIV,-1.17954,36.758947,d5a7bd78-9828-449b-80ed-c542897dff68,4091987.26213694,-131315.068127447
3019,93,NARO MORU DISABLED CHILDREN'S HOME CLINIC,473,CENTRAL,NYERI,KIENI EAST,NAROMORU,NAROMORU,DISTRICT ESTIMATES,9,MISS,-0.16234,37.02123,d91a1bb1-b4bb-4097-b9bf-a492adb74bcc,4121184.47214067,-18071.6303151486
3020,0,KIBUTHA MED CLINIC,0,CENTRAL,MURANGA,KANGEMA,KANYENYAINI,KIBUTHA,DHMT,6,PRIV,-0.69,36.91,bc1d2984-e345-4d1c-a889-ded1f7ffb5dc,4108802.40517973,-76812.3053301553
3021,83,DR. PATEL PV'S CLINIC,0,CENTRAL,KIAMBU,KIAMBAA,KIAMBAA,KARURI(KIAMBU),ILRI MKT CENTRE,6,PRIV,-1.171021,36.758688,5891a504-f93a-48b2-982d-5c2568de11bb,4091958.43038882,-130366.537838156
3022,94,NYERI HIGH SCHOOL CLINIC,3160,CENTRAL,NYERI,MUNICIPALITY,MUKARO,MATHARI,1:50000 MAPS,9,OTHER MIN,-0.40586,36.92207,bddcb53a-d5fd-4baa-a1e9-80e084cef027,4110146.03143361,-45180.5063741934
3023,85,GITARU PRIVATE DISP,0,CENTRAL,KIAMBU,KIKUYU,MUGUGA,GITARU,SUBLOC CENTROID,4,PRIV,-1.231231,36.672655,bdd6f083-6089-4d68-8e87-7d8cd780d663,4082381.28063741,-137070.557750312
3024,95,OTHAYA APPROVED DISPENSARY,480,CENTRAL,NYERI,OTHAYA,IRIA-INI,KIAHAGU,1:50000 MAPS,9,OTHER MIN,-0.542187,36.93256,9263bca0-adb3-4ceb-a75e-f7d575243fec,4111313.77289203,-60356.8815616594
3025,0,KIHOYA MED CLINIC,0,CENTRAL,MURANGA,MATHIOYA,RWATHIA,KIHOYA,DHMT,6,PRIV,-0.65,36.9,a19419b0-a714-4b04-b6c5-fb3459b27a5b,4107689.2102718,-72359.2211479353
3026,86,GITHUNGURI HEALTH SERVICES,0,CENTRAL,KIAMBU,GITHUNGURI,GITHUNGURI,GITHUNGURI(KIAMBU),ILRI MKT CENTRE,6,PRIV,-1.053834,36.776806,12ef5ca2-56f3-4149-9520-dca7ac3bd5f2,4093975.31692302,-117318.879233188
3027,96,POLICE LINE DISP,3811,CENTRAL,NYERI,MUNICIPALITY,MUKARO,THUNGUMA,1:50000 MAPS,9,OTHER MIN,-0.41253,36.961124,947ffa5d-1551-4a19-8cee-401c8479065b,4114493.50282705,-45923.0263143512
3028,0,KIRACHA MED CLINIC,0,CENTRAL,MURANGA,KAHURO,MURARANDIA,MURARANDIA,DHMT,6,PRIV,-0.71,36.89,a4d79328-6987-433f-b6bf-72e07ac71d55,4106576.01536387,-79038.8613259612
3029,87,GITHUNGURI HEALTH WATCH CLINIC,0,CENTRAL,KIAMBU,GITHUNGURI,GITHUNGURI,GITHUNGURI(KIAMBU),SUBLOC CENTROID,6,PRIV,-1.054765,36.763029,784841f0-abbb-4734-a8cb-36a777d41f05,4092441.66829836,-117422.535227414
3030,65,APPROVED SCHOOL THIKA DISP,4358,CENTRAL,THIKA,MUNICIPALITY,THIKA MUNICIPALITY,KOMU,SUBLOC CENTROID,9,OTHER MIN,-1.070155,37.096037,ba979263-6e0d-4b9f-a908-8ab7f1ba4e6e,4129511.94928844,-119136.036788571
3031,94,KAMWANGI HEALTH SERVICES,2438,CENTRAL,KIAMBU,KIKUYU,NYATHUNA,KIRANGARI(KIAMBU),1:50000 MAPS,6,PRIV,-1.193694,36.693694,d05cc77b-9314-4455-b80e-7fa7ce74c77d,4084723.3314042,-132891.02217083
3032,68,COFFEE RESEARCH STATION DISP,194,CENTRAL,THIKA,RUIRU,RUIRU,RUIRU(THIKA),1:50000 MAPS,9,MOH,-1.102321,36.882321,0e6a06f9-f147-4544-a76d-073f53eb7fb4,4105721.19299407,-122717.383164639
3033,98,KEREITA HEALTH CLINIC,0,CENTRAL,KIAMBU,LARI,KIJABE,MBAU-INI,ILRI MKT CENTRE,6,PRIV,-0.974227,36.620969,49ee7f4a-7842-41ff-a026-2d363cc1e169,4076627.62143626,-108455.679763633
3034,71,GK PRISON S.T DISP(RUIRU),113,CENTRAL,THIKA,RUIRU,RUIRU,RUIRU(THIKA),1:50000 MAPS,9,OTHER MIN,-1.132321,36.902325,9858681a-f570-4e54-ab0f-a70cfa83db62,4107948.0280879,-126057.603026379
3035,99,KIAMBU COTTAGE HOSPITAL,0,CENTRAL,KIAMBU,KIAMBAA,RIABAI,KIHINGO,1:50000 MAPS,5,PRIV,-1.164414,36.82252,3580a70e-6e0e-4fbe-a848-6f1c56777016,4099064.17612514,-129630.897187533
3036,72,GK PRISONS (THIKA) DISP,4384,CENTRAL,THIKA,RUIRU,RUIRU,RUIRU(THIKA),SUBLOC CENTROID,9,OTHER MIN,-1.131013,36.915962,56d84849-acb8-4ebf-89a1-8813ef32c8a3,4109466.09198384,-125911.96872632
3037,81,KAMBE-KIKOMANI DISP,4664,COAST,KILIFI,KALOLENI,KAMBE,MBWAKA/KIKOMANI,AMKENI,4,PRIV,-3.84014,39.628233,424f612f-1cf4-4dd2-b4da-d8143738fdf7,4411394.71859721,-427802.837820379
3038,73,KIRAINI MEDICAL CLINIC,0,CENTRAL,MURANGA,MATHIOYA,KIRU,KIRIAINI(MURANGA),SUBLOC CENTROID,6,PRIV,-0.596241,36.940876,591f9a19-dcfe-49b7-bf47-cea53730647d,4112239.50577747,-66374.4424966776
3039,82,KAREMA MED CLINIC,0,COAST,KILIFI,KALOLENI,KALOLENI,KALOLENI/VISH/TSAKA,AMKENI,6,PRIV,-3.818672,39.625535,498a6e30-4d31-46f8-bee4-6cda64f36a1f,4411094.37861105,-425407.683371732
3040,101,KIHARA MEDICAL CLINIC,0,CENTRAL,KIAMBU,KIAMBAA,KIHARA,KARURA(KIAMBAA),1:50000 MAPS,6,PRIV,-1.193694,36.72973,e0f69b2c-c61a-40e0-bf2c-6ac70d532d9c,4088734.84057443,-132891.02217083
3041,73,GSU DISP (RUIRU),75,CENTRAL,THIKA,RUIRU,RUIRU,MUGUTHA,1:50000 MAPS,9,OTHER MIN,-1.12838,36.98963,37d8052d-ed9a-4b61-bae8-27764e83137f,4117666.7762316,-125618.807524636
3042,74,KOIMBI HEALTH CLINIC,0,CENTRAL,MURANGA,KAHURO,WEITHAGA,WANGU,GPS,6,PRIV,-0.70609,36.98814,436200fc-5875-4e84-a60e-0b99830001d4,4117500.91019032,-78603.5688798548
3043,83,KAVINAUTU CLINIC,0,COAST,KILIFI,KALOLENI,KAYAFUNGO,MBALAMWENI,AMKENI,6,PRIV,-3.832635,39.535312,2c98187d-6e5b-4956-8e8d-cb6409043e7c,4401050.8001932,-426965.508735712
3044,102,KIKUYU CLINIC,0,CENTRAL,KIAMBU,KIKUYU,KIKUYU,KIKUYU TOWNSHIP,SUBLOC CENTROID,6,PRIV,-1.248613,36.652761,fa92b399-649b-4280-9d67-9add666eb114,4080166.69068756,-139005.966325087
3045,74,JKUAT DISP,3939,CENTRAL,THIKA,RUIRU,JUJA,KALIMONI,SUBLOC CENTROID,9,OTHER MIN,-1.131657,37.091526,669d369b-27d8-4334-92af-743e8b6a23d7,4129009.78706547,-125983.672456065
3046,76,MIDWAY CLINIC,0,CENTRAL,MURANGA,MATHIOYA,KAMACHARIA,KAMACHARIA,GPS,6,PRIV,-0.60114,36.99042,a69760f6-6254-4d90-8f61-9d75198ab4a4,4117754.71862933,-66919.8264555986
3047,84,KIBAONI MEDICAL CLINIC/MTONDIA MEDICAL CLINIC,2913,COAST,KILIFI,BAHARI,KILIFI TOWNSHIP,HOSPITAL(KILIFI),KEMRI-KILIFI PROJECT,6,PRIV,-3.61266,39.8516,a1460035-c8dd-4a1a-9b92-6076cba70c47,4436259.81929723,-402426.211459575
3048,75,JOY TOWN PRIMARY SCHOOL DISP,203,CENTRAL,THIKA,MUNICIPALITY,THIKA MUNICIPALITY,BIASHARA,1:50000 MAPS,9,MOH,-1.032332,37.071234,d25d1b47-3b8e-48d6-aa2e-190ac3753eba,4126750.8919583,-114924.890818666
3049,85,KIBARANI MEDICAL CLINIC,0,COAST,KILIFI,BAHARI,TEZO,KIBARANI,KEMRI-KILIFI PROJECT,6,PRIV,-3.59445,39.8545,29e7d64c-0251-4070-9c40-edd694c62b44,4436582.64582052,-400395.067608114
3050,103,KIKUYU HEALTH CLINIC,0,CENTRAL,KIAMBU,KIKUYU,KIKUYU,KIKUYU TOWNSHIP,ILRI MKT CENTRE,6,PRIV,-1.241117,36.661181,207c960e-8314-4189-9d29-2d7290b797b8,4081104.00080004,-138171.318426383
3051,77,MUKANGU CLINIC,0,CENTRAL,MURANGA,KAHURO,KAHUHIA,MUKANGU(MURANGA),GPS,6,PRIV,-0.71535,37.06878,11c928f0-8ffb-44da-ab55-5d0d308ce0ef,4126477.71392789,-79634.466676433
3052,86,KIKAMBALA MEDICAL CLINIC,0,COAST,KILIFI,KIKAMBALA,MTWAPA,KIJIPWA,AMKENI,6,PRIV,-3.881055,39.778335,eda0b26a-3dc7-4874-8c43-b8d2a1dfdcc7,4428103.99680426,-432367.833693705
3053,83,THIKA SCHOOL FOR THE BLIND DISP,4751,CENTRAL,THIKA,MUNICIPALITY,THIKA MUNICIPALITY,BIASHARA,1:50000 MAPS,9,MOH,-1.042312,37.093231,4abef524-e0d6-49c4-a36f-d498ee2e76d4,4129199.58679728,-116036.041439461
3054,78,MUKUYU CLINIC,2707,CENTRAL,MURANGA,KIHARU,MBIRI,MARAGI,GPS,6,PRIV,-0.72904,37.141953,3e02387f-819e-4027-b9f9-51f1adc28294,4134623.29502771,-81158.5515791759
3055,104,KIMENDE MCH/FP CLINIC,0,CENTRAL,KIAMBU,LARI,KIJABE,BATHI,ILRI VILLAGES,6,PRIV,-0.98,36.63,fb74e677-3d60-485f-9ccc-7aa9451d7d24,4077632.94775762,-109098.420647356
3056,87,KILIFI MEDICAL SERVICES (DR PESHU),0,COAST,KILIFI,BAHARI,KILIFI TOWNSHIP,HOSPITAL(KILIFI),KEMRI-KILIFI PROJECT,6,PRIV,-3.62188,39.8604,74c57d7e-e0de-4f16-a686-1baae9fdbede,4437239.4308162,-403454.626017641
3057,80,MURARANDIA CLINIC,3403,CENTRAL,MURANGA,KAHURO,MURARANDIA,THEIR,ILRI MKT CENTRE,6,PRIV,-0.723738,36.930983,b7bfdafe-1829-4f41-bc7f-fe04094eaac6,4111138.22205505,-80568.2882033049
3058,89,MABATI MED CLINIC,0,COAST,KILIFI,KALOLENI,RURUMA,MIYUNI,AMKENI,6,PRIV,-3.870508,39.578957,95259f5b-59b8-4694-8f6c-c2b1cc0d9126,4405909.33936888,-431191.055659803
3059,0,NEW KIHOYA MED CLINIC,0,CENTRAL,MURANGA,MATHIOYA,RWATHIA,KIHOYA,DHMT,6,PRIV,-0.65,36.9,978a7e96-9e85-4d01-9f93-6dc9419cfbd2,4107689.2102718,-72359.2211479353
3060,42,KILIFI PLANTATION DISP,539,COAST,KILIFI,KIKAMBALA,TAKAUNGU MAVUENI,MKWAJUNI/MKOMANI,DSA/DFH(MOH)-UNFPA REPORT,9,PRIV,-3.711,39.8275,99ad6fa3-38f6-47ab-bd9d-4fdc5c3e79a3,4433577.01956911,-413395.767118175
3061,90,MAISHI-MNARANI CLINIC,0,COAST,KILIFI,BAHARI,KILIFI TOWNSHIP,MNARANI,KEMRI-KILIFI PROJECT,6,PRIV,-3.63485,39.8388,e28d9855-19f3-400b-9612-906c984de29c,4434834.92981507,-404901.339723742
3062,81,NJENGU MEDICAL CENTRE,0,CENTRAL,MURANGA,KAHURO,MURARANDIA,THEIR,ILRI VILLAGES,6,PRIV,-0.73,36.93,5c68b196-66db-43c3-a4b2-54ef955de9dd,4111028.7949956,-81265.4269533943
3063,91,MARIAKANI MED CLINIC,0,COAST,KILIFI,KALOLENI,RURUMA,JIMBA(KILIFI),AMKENI,6,PRIV,-3.861528,39.57606,e6617e94-1d62-46c8-9897-9c28c3cbb54f,4405586.84680405,-430189.12668503
3064,105,KINOO MEDICAL CLINIC,0,CENTRAL,KIAMBU,KIKUYU,KINOO,KINOO,1:50000 MAPS,6,PRIV,-1.247748,36.684685,9fe9802a-9c07-46df-86e3-abcbf3c4a33a,4083720.45411165,-138909.652112046
3065,0,OBEYS MED CLINIC,0,CENTRAL,MURANGA,MATHIOYA,KIRU,KIRIAINI(MURANGA),DHMT,6,PRIV,-0.600506,36.929983,4e5494cd-21c0-4495-b12b-9db8244dabdb,4111026.90256426,-66849.2460178426
3066,92,MARKIT MED CARE,0,COAST,KILIFI,GANZE,GANZE,GANZE/TSANGALAWENI,AMKENI,6,PRIV,-3.525088,39.699628,a06d4f2b-5272-44a9-9d1a-49b2af9af541,4419342.37364239,-392658.798034335
3067,82,RAFIKI MEDICAL CLINIC,0,CENTRAL,MURANGA,KIHARU,GATURI,GEITWA/MUGEKA,GPS,6,PRIV,-0.64132,37.09139,cf1b4d1d-c634-4196-a5bb-e8c2441eb00f,4128994.64761472,-71392.9066124234
3068,43,MARIAKANI BARRACKS HOSPITAL,567,COAST,KILIFI,KALOLENI,MARIAKANI,MARIAKANI/MITANGONI,AMKENI,9,AF,-3.810175,39.444533,7ab1cfc1-8ec5-427a-9ba1-8c6e2042899d,4390945.32813848,-424459.701643955
3069,93,MATANO MANNE MED CLINIC,0,COAST,KILIFI,VITENGENI,VITENGENI,MADAMANI,AMKENI,6,PRIV,-3.397323,39.774778,f77956a4-3ecb-4da0-b09b-bfb9ccccbf86,4427708.0333755,-378410.069291097
3070,106,LIMURU MARKET CLINIC,0,CENTRAL,KIAMBU,LIMURU,LIMURU,KAMIRITHU,ILRI MKT CENTRE,6,PRIV,-1.106656,36.64177,bba74840-9e65-48f5-aac1-031163413852,4078943.17816425,-123200.042833023
3071,83,REHEMA CLINIC,3404,CENTRAL,MURANGA,KIHARU,GATURI,GATHUKIINI,GPS,6,PRIV,-0.6254,37.01969,b034a713-37a5-48dc-b529-3af798e4a885,4121013.04012484,-69620.5920297656
3072,30,GK PRISON DISP(MALINDI),529,COAST,MALINDI,MALINDI,MALINDI,CENTRAL(MALINDI),DANIDA,9,OTHER MIN,-3.19691,40.087929,b6869f0d-9bde-4e56-ad48-2a6d0b7eb31b,4462567.84323691,-356063.194227472
3073,107,MABROUKIE DISP,220,CENTRAL,KIAMBU,LIMURU,KARAMBAINI,MABROUKE,1:50000 MAPS,4,PRIV,-1.1036,36.6662,0202e0ce-ac95-4617-823f-073de805b2ab,4081662.71332433,-122859.787178147
3074,94,MATSANGONI CLINIC,0,COAST,KILIFI,BAHARI,MATSANGONI,MATSANGONI,AMKENI,6,PRIV,-3.382432,39.930325,18c3b298-62db-4242-b1a5-f26149749ea5,4445023.44620993,-376749.50524357
3075,84,ST. JOSEPH CLINIC,3399,CENTRAL,MURANGA,KIHARU,TOWNSHIP,KARURI(MURANGA),GPS,6,PRIV,-0.71966,37.1585,d942242b-34c1-43a4-b6e3-72db8bccac23,4136465.29864186,-80114.2913046991
3076,64,AFRICAN MARINE ENG. DISP,0,COAST,MOMBASA,KISAUNI,KONGOWEA,KONGOWEA,DSA/DFH(MOH)-UNFPA REPORT,9,PRIV,-4.04,39.6764,e9575a77-52d1-40d2-856e-3ff0268fedc2,4416756.64451025,-450103.871841529
3077,95,MATSANGONI MEDICAL CLINIC,0,COAST,KILIFI,BAHARI,MATSANGONI,MATSANGONI,KEMRI-KILIFI PROJECT,6,PRIV,-3.374734,39.942523,746f0ae1-e317-429e-8ec0-dcbae771050a,4446381.32135862,-375891.075789513
3078,108,MAPENDEZI ENTERPRISES HOSPITAL,0,CENTRAL,KIAMBU,LARI,KAMAE,KAMAE,ILRI VILLAGES,5,PRIV,-0.8,36.7,a54915e0-c288-4af9-b3c8-aa8245fd14f2,4085425.31211314,-89058.4864167042
3079,0,ST. MARY'S MED CLINIC,0,CENTRAL,MURANGA,KANGEMA,IYEGO,GACHARAIGU,DHMT,6,PRIV,-0.69,37.04,05acabe0-f4a0-4b68-888c-6aaba1ba4403,4123273.93898286,-76812.3053301553
3080,96,MAUA MED CLINIC,0,COAST,KILIFI,CHONYI,BANDA RA SALAMA,MWEMBE KATI,AMKENI,6,PRIV,-3.780767,39.705373,1a8c04c5-0ad0-43b0-9f04-b894ef20b369,4419981.904117,-421178.822081975
3081,0,SUMMIT MED CLINIC,0,CENTRAL,MURANGA,KAHURO,MURARANDIA,THEIR,DHMT,6,PRIV,-0.73,36.93,828645d5-a2f5-4f36-b57b-6bd1f7e55f8e,4111028.7949956,-81265.4269533943
3082,65,BAMBURI PORTLAND CLINIC,633,COAST,MOMBASA,KISAUNI,BAMBURI,MWEMBE LEGEZA,DSA/DFH(MOH)-UNFPA REPORT,9,PRIV,-3.98769,39.7226,f31cedbe-cb6c-4294-bdce-e1a86b095215,4421899.60498489,-444266.430794907
3083,109,MEDICAL CLINIC CENTRE,0,CENTRAL,KIAMBU,KIAMBAA,KIAMBAA,KARURI(KIAMBU),ILRI VILLAGES,6,PRIV,-1.178944,36.755792,bdf7d2c0-631a-4fcc-8eb0-e1b5213c54f5,4091636.04914348,-131248.707656128
3084,97,MBOGO HC,2914,COAST,KILIFI,KIKAMBALA,MTWAPA,KIJIPWA,ILRI MKT CENTRE,3,PRIV,-3.878504,39.777585,eb8608c6-b59c-47be-b737-8cebbefef156,4428020.50718616,-432083.205367241
3085,85,TEWAS MEDICAL CLINIC,0,CENTRAL,MURANGA,KAHURO,KAHUHIA,KIROGO,GPS,6,PRIV,-0.71029,37.03648,dab4337a-a5ff-40f0-bdb0-1c9eb5c4ce89,4122882.09437527,-79071.1464580815
3086,98,MEDILINK HEALTH CARE SERVICES,0,COAST,KILIFI,KALOLENI,RURUMA,JIMBA(KILIFI),AMKENI,6,PRIV,-3.862815,39.57422,888d6f37-fbc4-4990-9c74-9fdc8591f044,4405382.01894099,-430332.720977023
3087,66,CENTRAL BANK STAFF CLINIC,3683,COAST,MOMBASA,ISLAND,RAILWAY,HIGH LEVEL,ILRI VILLAGES,9,OTHER MIN,-4.05,39.647,e72257cd-52d0-467d-912e-856bdffcefd5,4413483.85148092,-451219.846693362
3088,112,MUGUGA DISP,2442,CENTRAL,KIAMBU,KIKUYU,MUGUGA,MUGUGA,SUBLOC CENTROID,4,PRIV,-1.197628,36.659716,e6b78806-f8ff-4b36-ac00-dd736e368783,4080940.91774603,-133329.048420654
3089,0,TRINITY AFYA CENTRE,0,CENTRAL,MURANGA,KANGEMA,IYEGO,GITHUNGURI(MURANGA),DHMT,6,PRIV,-0.68,37.05,bb478627-086b-4502-a147-c2857c0384a3,4124387.13389079,-75699.0308593095
3090,99,MEZEA/ZIANI/JAH GLORY CLINIC,0,COAST,KILIFI,CHONYI,ZIANI,ZIANI,KEMRI-KILIFI PROJECT,6,PRIV,-3.75075,39.7173,25728af2-236f-4da6-a86b-f6411ab7007b,4421309.61168369,-417830.114684664
3091,86,UMOJA MEDICAL CLINIC,4845,CENTRAL,MURANGA,KIHARU,GATURI,GATHUKIINI,GPS,6,PRIV,-0.62796,37.03876,85b0dc50-10a0-4894-a2c0-8ed42faf8503,4123135.90281427,-69905.5869732729
3092,67,DETENTION CAMP DISP,646,COAST,MOMBASA,ISLAND,TUDOR,TUDOR FOUR,DSA/DFH(MOH)-UNFPA REPORT,9,MOH,-4.03376,39.6682,8478065f-257e-4672-bf04-9921a0ba63e9,4415843.82468574,-449407.510506426
3093,100,MIKIRYANI MED CLINIC,0,COAST,KILIFI,KALOLENI,KALOLENI,MIKIRIANI,AMKENI,6,PRIV,-3.764883,39.650468,fe782cd4-e072-4661-a840-8721f7127ae5,4413869.90747499,-419406.782902269
3094,113,MUTHIGA MEDICAL CENTRE,3905,CENTRAL,KIAMBU,KIKUYU,KINOO,KINOO,1:50000 MAPS,6,PRIV,-1.243243,36.686937,8cc23756-ddbd-44e6-adb4-bfcd606248da,4083971.14560491,-138408.039294368
3095,87,WANANCHI CLINIC,2708,CENTRAL,MURANGA,KIHARU,TOWNSHIP,MUKUYU(MURANGA),GPS,6,PRIV,-0.7292,37.14907,02a688d4-1494-49e2-bb56-4b4bc620fedb,4135415.55584368,-81176.3641399614
3096,68,GK PRISON DISP (MOMBASA),662,COAST,MOMBASA,ISLAND,OLD TOWN,MJI WA KALE,SUBLOC CENTROID,9,OTHER MIN,-4.052544,39.673486,b2e1aa0c-e782-4d3a-99ac-6281cd218f12,4416432.25951407,-451503.752894772
3097,114,NGENYA HEALTH SERVICES,0,CENTRAL,KIAMBU,LARI,NYANDUMA,NYANDUMA,ILRI MKT CENTRE,6,PRIV,-0.983,36.752,0441a227-3312-4e66-aca1-314f398b8563,4091213.9256344,-109432.42812596
3098,58,BROOKE BOND DISP,3732,CENTRAL,NYANDARUA,SOUTH KINANGOP,NJABINI,MURUAKI,DHMT,4,PRIV,-0.676625,36.592534,b01c9eaa-0e2d-4858-80fb-ec1e267a2765,4073462.25171556,-75323.3012475937
3099,101,MISSION UNION MED CLINIC,0,COAST,KILIFI,BAHARI,KILIFI TOWNSHIP,SOKONI(KILIFI),AMKENI,6,PRIV,-3.631197,39.851372,bb7c78c5-9c2f-4168-a28a-debd3c41a8e5,4436234.43845332,-404493.870762832
3100,59,CANAAN MEDICAL CENTRE,4593,CENTRAL,NYANDARUA,OL JORO OROK,GATANJE,GATHANJE,DHMT,6,PRIV,0,36.34,874bf420-34fc-4aed-b28f-5ddaa59f5e06,4045350.29542756,5.6649236412909E-09
3101,102,MORNING STAR MED CLINIC,0,COAST,KILIFI,KIKAMBALA,MTWAPA,KANAMAI,AMKENI,6,PRIV,-3.922293,39.743102,a4e1732a-6088-435b-a3f1-93dded9e9613,4424181.87718514,-436969.091330271
3102,69,GK PRISON HOSPITAL(SHIMO LA TEWA),701,COAST,MOMBASA,KISAUNI,BAMBURI,SHANZU,DSA/DFH(MOH)-UNFPA REPORT,9,OTHER MIN,-3.956363,39.740787,5c503710-7d40-4cdf-89b7-6e899f78660d,4423924.17256395,-440770.728345646
3103,116,NYARA DISP,224,CENTRAL,KIAMBU,LIMURU,KARAMBAINI,KIAWAROGA,ILRI VILLAGES,4,PRIV,-1.08,36.68,e1eabfd0-8989-41ff-b7ac-0bc8f318666d,4083198.92229728,-120232.170131288
3104,103,MTAAMI MED CLINIC,0,COAST,KILIFI,BAHARI,KILIFI TOWNSHIP,SOKONI(KILIFI),AMKENI,6,PRIV,-3.631588,39.848855,cff1d8e9-53cc-4ee3-90bd-a1bd84008d5d,4435954.247295,-404537.484251967
3105,60,DR.  GATEMBURA CLINIC,0,CENTRAL,NYANDARUA,OL JORO OROK,GATANJE,GATHANJE,DHMT,6,PRIV,-0.01,36.34,f3f43143-970e-49bd-ace1-d60c006face5,4045350.29542756,-1113.19491357728
3106,118,RIUKI DISP,226,CENTRAL,KIAMBU,GITHUNGURI,IKINU,RIUKI,SUBLOC CENTROID,4,PRIV,-1.102112,36.830408,3c475da1-ff75-4e9f-94fe-ffb91402ac39,4099942.26426851,-122694.113085372
3107,70,KENYA BREWERIES DISP,649,COAST,MOMBASA,ISLAND,MAJENGO,MAJENGO(KING'ORANI),DSA/DFH(MOH)-UNFPA REPORT,9,PRIV,-4.037493,39.653978,245051b1-8ec5-425f-bc5a-ec98c578afd5,4414260.63888768,-449824.099104195
3108,104,MTONDIA II MED CLINIC,0,COAST,KILIFI,BAHARI,KILIFI TOWNSHIP,HOSPITAL(KILIFI),AMKENI,6,PRIV,-3.619078,39.850352,f73320b1-9f71-4be9-88a3-28d8a4024092,4436120.89257272,-403142.08504191
3109,61,JAMII MEDICAL CLINIC,0,CENTRAL,NYANDARUA,OL JORO OROK,GATIMU,GIKINGI,ILRI MKT CENTRE,6,PRIV,0.013654,36.359734,864a8526-8125-47d1-a217-c334c6d8f1a7,4047547.07425888,1519.95634168108
3110,119,SIGONA HC,2444,CENTRAL,KIAMBU,KIKUYU,KIKUYU,SIGONA,SUBLOC CENTROID,3,PRIV,-1.211561,36.655394,1a56e77f-a9ce-477f-aee6-4d2567211e0e,4080459.79490682,-134880.405738266
3111,62,MANGUO MEDICAL CLINIC,4369,CENTRAL,NYANDARUA,NDARAGWA,KAHUTHA,MURICHO,ILRI MKT CENTRE,6,PRIV,-0.055775,36.529174,944dcaf8-c1d2-4ab8-afb4-95a0cf2dd1e3,4066409.0487789,-6208.84557959156
3112,72,KENYA OIL REFINERY DISP,3304,COAST,MOMBASA,CHANGAMWE,MIKINDANI,KWA SHEE,DSA/DFH(MOH)-UNFPA REPORT,9,PRIV,-3.99417,39.6377,d494121f-b6be-4646-9a21-3c2c4284cab4,4412448.58021655,-444989.534564208
3113,105,MTONDIA MEDICAL CLINIC I,2909,COAST,KILIFI,BAHARI,TEZO,MTONDIA/MAJAONI,AMKENI,6,PRIV,-3.576012,39.870527,4cc8a5bd-7888-4f2a-b0f7-76dcf6d98eee,4438366.76329947,-398338.533946093
3114,63,MARY HILL MEDICAL & E.T.C,0,CENTRAL,NYANDARUA,OL JORO OROK,GATIMU,GATIMU(NYANDARUA),ILRI TOWNS,6,PRIV,-0.032007,36.374279,e345a503-3e99-4b31-bd34-f0ed11695e89,4049166.21625247,-3563.00312713187
3115,106,MTWAPA FAMILY HEALTH CENTRE,0,COAST,KILIFI,KIKAMBALA,MTWAPA,KANAMAI,AMKENI,6,PRIV,-3.921527,39.744415,87da1cfb-28d8-4fc8-bbd2-2b525afc8f7f,4424328.03967655,-436883.620444323
3116,65,MURUNGARU MED CLINIC,4541,CENTRAL,NYANDARUA,NORTH KINANGOP,ENGINEER,MURUNGARU,SUBLOC CENTROID,6,PRIV,-0.570034,36.484964,bc42653a-d9c4-4899-abfd-df1c41bb899e,4061487.61409092,-63456.9414727215
3117,121,ST. FRANCIS MEDICAL CLINIC,0,CENTRAL,KIAMBU,KIAMBAA,KIAMBAA,KIAMBAA,SUBLOC CENTROID,6,PRIV,-1.162072,36.757509,c031b8d4-9ad6-4a99-9218-7d4cd8093c3b,4091827.18470917,-129370.133199994
3118,107,MTWAPA MEDICAL CENTRE,2912,COAST,KILIFI,KIKAMBALA,MTWAPA,SHIMO LA TEWA,AMKENI,6,PRIV,-3.926838,39.745027,f243cd4d-ecd4-4b65-afc7-b482623f1e09,4424396.16720492,-437476.22763769
3119,73,KENYA PORTS AUTHORITY HEALTH CENTRE,3528,COAST,MOMBASA,LIKONI,MTONGWE,MTONGWE,AMKENI,9,OTHER MIN,-4.05156,39.637828,4e4b1a36-7bd6-4645-bde5-5584db060f1a,4412462.82911137,-451393.940012869
3120,108,MWENZANGO'MBE/KAMBINI/KIZINGO CLINIC,0,COAST,KILIFI,CHONYI,MWARAKAYA,KIZINGO(KILIFI),KEMRI-KILIFI PROJECT,6,PRIV,-3.78338,39.6678,4d00ba1a-dbe9-4d23-abec-36b5f0d24a4b,4415799.29688942,-421470.334780917
3121,66,NYAHURURU COTTAGE HOSPITAL,3929,CENTRAL,NYANDARUA,OL JORO OROK,GATANJE,GATHANJE,ILRI VILLAGES,5,PRIV,-0.05,36.3,e87ee27a-f69f-4cdf-835a-4ab1678fa4e3,4040897.51579584,-5565.97524611463
3122,122,ST. GEORGE MEDICAL CLINIC AND LABORATORY,0,CENTRAL,KIAMBU,KIAMBAA,KIAMBAA,NJIKU,ILRI MKT CENTRE,6,PRIV,-1.186,36.741,3bc6b1a1-1487-47ee-a3f8-d67381501ee4,4089989.41123567,-132034.345290366
3123,75,KPA BANDARI STAFF CLINIC,0,COAST,MOMBASA,ISLAND,RAILWAY,SHIMANZI,DSA/DFH(MOH)-UNFPA REPORT,9,OTHER MIN,-4.035175,39.651918,ebafe902-a884-450e-aca2-9a2a13196040,4414031.32073665,-449565.418897699
3124,111,NDOME CLINIC (KILIFI),2930,COAST,KILIFI,BAMBA,NDIGIRIA,NDIGIRIA/MAPOTEA,ILRI VILLAGES,6,PRIV,-3.30024,39.475329,09a4526c-ad42-4fd4-826a-432ff1fe9e83,4394373.52317695,-367584.352356524
3125,67,NYAHURURU MEDICAL CLINIC,0,CENTRAL,NYANDARUA,OL JORO OROK,GATANJE,GATHANJE,DHMT,6,PRIV,0.016016,36.32289,6bc1a911-6381-4528-a97e-cf39ede5083b,4043445.61894009,1782.89298776664
3126,112,NEEMA HEALTH SERVICES CLINIC,0,COAST,KILIFI,KALOLENI,KALOLENI,KALOLENI/VISH/TSAKA,AMKENI,6,PRIV,-3.820308,39.627857,4299f3ef-c70c-461e-8010-4ed381863243,4411352.86246867,-425590.20746906
3127,127,WANEMED LIMITED,0,CENTRAL,KIAMBU,KIKUYU,KARAI,GIKAMBURA,SUBLOC CENTROID,6,PRIV,-1.27104,36.643046,82953ade-07e0-4c61-8c19-4305e794806c,4079085.2218345,-141503.132198422
3128,76,KPA KIPEVU DISP,0,COAST,MOMBASA,ISLAND,RAILWAY,HIGH LEVEL,DSA/DFH(MOH)-UNFPA REPORT,9,PRIV,-4.045303,39.648828,9f688104-1a54-4a12-bb69-4d716b8d4713,4413687.34351009,-450695.671590022
3129,69,PONA MEDICAL CLINIC,0,CENTRAL,NYANDARUA,NORTH KINANGOP,ENGINEER,GATHARA,ILRI MKT CENTRE,6,PRIV,-0.575,36.625,72688741-134e-4cee-8e59-43ee5e44dbbb,4077076.35030365,-64009.7816634346
3130,113,NEW HURUMA MED CLINIC,0,COAST,KILIFI,KALOLENI,RURUMA,MIYUNI,AMKENI,6,PRIV,-3.905618,39.5933,2c087600-6ebf-4415-817f-ca1dc9405572,4407505.99482532,-435108.499323933
3131,70,SPA MEDICAL CLINIC,0,CENTRAL,NYANDARUA,OL JORO OROK,GATANJE,GATHANJE,DHMT,6,PRIV,-0.01,36.31,3f9b6616-7bad-4138-86cf-344721a17f17,4042010.71070377,-1113.19491357728
3132,114,NEW MWENA MED HOSP,0,COAST,KILIFI,KIKAMBALA,MTWAPA,SHIMO LA TEWA,AMKENI,5,PRIV,-3.925412,39.744973,a95be251-12cd-40ba-8952-0d5d258efbdd,4424390.15595241,-437317.112626716
3133,77,KPA STAFF CLINIC,0,COAST,MOMBASA,ISLAND,RAILWAY,SHIMANZI,AMKENI,9,OTHER MIN,-4.04985,39.6502,24f0c0d4-0921-4c0b-b42a-09466c279940,4413840.07385146,-451203.106968789
3134,74,BLUE LINE MEDICAL CLINIC,0,CENTRAL,KIRINYAGA,CENTRAL,KERUGOYA,KAGUYU(CENTRAL),GPS,6,PRIV,-0.50298,37.27927,5f93592d-8776-43a8-b3af-247cf36f4d49,4149909.35354497,-55992.1966552441
3135,71,ST. ANTONY CLINIC,4592,CENTRAL,NYANDARUA,OL KALOU,OL KALOU,MUNYEKI,DHMT,6,PRIV,-0.27,36.37,805fdbba-a98a-452a-8ec3-360948cd54e1,4048689.88015137,-30056.373756076
3136,115,NEW SAVANNA HOSP,0,COAST,KILIFI,KIKAMBALA,MTWAPA,KANAMAI,AMKENI,5,PRIV,-3.921914,39.743375,f5ec7a4b-6417-487b-9e4f-1e40e48d2af2,4424212.26740613,-436926.802200669
3137,78,MOI AIRPORT CARGO DISP,669,COAST,MOMBASA,CHANGAMWE,PORT REITZ,PORT REITZ,DSA/DFH(MOH)-UNFPA REPORT,9,PRIV,-4.01,39.6052,403fa574-476b-48e5-b747-fb953df6feaf,4408830.69676576,-446756.02968778
3138,77,DR. MAINA ANTONY,0,CENTRAL,KIRINYAGA,CENTRAL,KERUGOYA,KAGUYU(CENTRAL),ILRI VILLAGES,6,PRIV,-0.479686,37.275835,cf17feac-ea37-466f-ae48-3c5eb57fac56,4149526.97109409,-53399.025072244
3139,107,ABERDARE CLINIC,3162,CENTRAL,NYERI,OTHAYA,KARIMA,KIHUGIRU,GPS,6,PRIV,-0.54627,36.954627,560d97d7-7117-4a32-9e4b-37253b8552b0,4113770.26009537,-60811.4195474008
3140,116,NEW SOKOKO MED CLINIC,0,COAST,KILIFI,BAHARI,TEZO,KIBARANI,AMKENI,6,PRIV,-3.551743,39.825595,0537ba9b-dc3e-4f91-841e-21ba16be7917,4433364.95593915,-395631.686476764
3141,117,NGUMA CLINIC,0,COAST,KILIFI,GANZE,KAUMA,VYAMBANI,KEMRI-KILIFI PROJECT,6,PRIV,-3.68407,39.7508,31b7413d-5925-47c4-8a71-78a5681d9a41,4425038.81462526,-410391.679876302
3142,108,AFYA BORA MEDICAL CLINIC,0,CENTRAL,NYERI,MUNICIPALITY,MUKARO,RURINGU,GPS,6,PRIV,-0.43308,36.962,3bbdf5ef-a075-4b17-9df8-eec2bed7368c,4114591.01870098,-48210.7041494812
3143,78,DR. NTHIGA'S CLINIC,0,CENTRAL,KIRINYAGA,CENTRAL,INOI,NDIMI,ILRI VILLAGES,6,PRIV,-0.484432,37.25217,f6451620-892d-4724-bc49-d184ad9ddfe6,4146892.59534447,-53927.3660754984
3144,79,MWEMBE TAYARI STAFF CLINIC,639,COAST,MOMBASA,KISAUNI,KISAUNI,JUNDA,DSA/DFH(MOH)-UNFPA REPORT,9,PRIV,-4.03403,39.6779,cc0c1e43-f2f7-48b3-b443-6b558d5762fe,4416923.62374644,-449437.641414975
3145,118,NOOR MED CLINIC,0,COAST,KILIFI,KALOLENI,RURUMA,JIMBA(KILIFI),AMKENI,6,PRIV,-3.865895,39.575148,540a7677-9057-4398-abbf-a9c5ea5aed2f,4405485.32342845,-430676.366320896
3146,109,AMANI CLINIC,0,CENTRAL,NYERI,MUNICIPALITY,MUKARO,THUNGUMA,DISTRICT ESTIMATES,6,PRIV,-0.41232,36.96231,24b89715-4f71-4f9d-adb6-92f81004d467,4114625.52774313,-45899.6486156455
3147,80,FRAJOY MEDICAL SERVICES,0,CENTRAL,KIRINYAGA,CENTRAL,KUTUS,KAMUIGUA,ILRI MKT CENTRE,6,PRIV,-0.564452,37.324053,ed642cbf-af13-4e0a-bc6c-1a31fdf48d75,4154894.57430116,-62835.5256210456
3148,119,NURU HEALTHCARE CENTRE,0,COAST,KILIFI,KIKAMBALA,MTWAPA,KIDUTANI/MAWAMBA,AMKENI,6,PRIV,-3.921396,39.739373,b8477bd1-434a-48eb-bf74-a765791a3a51,4423766.76680397,-436869.003368537
3149,110,ARCADE MEDICAL CLINIC,3870,CENTRAL,NYERI,MATHIRA,KARATINA,CHERU,GPS,6,PRIV,-0.47737,37.12322,fbe3e46a-2565-47fd-9acb-1f26e2689124,4132537.94700668,-53141.2001394332
3150,80,NYALI BARRACKS M.R.I. DISP,665,COAST,MOMBASA,ISLAND,TUDOR,TUDOR FOUR,DSA/DFH(MOH)-UNFPA REPORT,9,MOH,-4.03841,39.66118,c9d0850c-ed70-40a2-9efe-dc620239e9bd,4415062.36186037,-449926.433108503
3151,120,RIKA HEALTH SERVICES,0,COAST,KILIFI,KIKAMBALA,MTWAPA,KIDUTANI/MAWAMBA,AMKENI,6,PRIV,-3.921566,39.738042,eaf22b1f-f40b-428c-be2e-701622b78714,4423618.60056173,-436887.972093277
3152,111,CALTEX CHILDRENS HOME DISP,3318,CENTRAL,NYERI,MUNICIPALITY,MUKARO,RURINGU,GPS,4,PRIV,-0.43822,36.96272,38c73c97-fdbd-4fcf-bd31-edad53b2f8fe,4114671.16873435,-48782.9028727091
3153,81,NYS DISP,666,COAST,MOMBASA,ISLAND,RAILWAY,SHIMANZI,DSA/DFH(MOH)-UNFPA REPORT,9,MOH,-4.0492,39.6539,3d74b175-de4d-4e9f-85b1-99edae851102,4414251.9559674,-451130.568198165
3154,113,CHANIA CLINIC,0,CENTRAL,NYERI,MUNICIPALITY,MUKARO,CHORONGI,GPS,6,PRIV,-0.45975,36.94791,cadb867b-fc31-44d3-ab16-04c589e1f56a,4113022.5270757,-51179.6851129031
3155,83,KAGUMO MEDICAL CLINIC,0,CENTRAL,KIRINYAGA,NDIA,MUTIRA,KIRUNDA,1:50000 MAPS,6,PRIV,-0.48108,37.23468,0dcd7556-e1e4-42a2-990f-9a7a524f6fac,4144945.61745049,-53554.209896811
3156,121,RIMBA FAMILY HEALTHCARE CENTRE,0,COAST,KILIFI,KALOLENI,RABAI,KALIANGOMBE/JIMBA,AMKENI,6,PRIV,-3.923073,39.540138,6496c1dd-1713-472d-a811-8a7a1766b3d0,4401588.02805577,-437056.124427798
3157,122,ROTARY CLINIC MAKANZANI,0,COAST,KILIFI,KALOLENI,RURUMA,MLEJI,AMKENI,6,PRIV,-3.869328,39.60596,33a8e01d-7dc5-41fe-8e38-309372dd0bca,4408915.29957877,-431059.398462686
3158,115,DR. ANAND GUPTA,0,CENTRAL,NYERI,MUNICIPALITY,MUKARO,MAJENGO(NYERI),GPS,6,PRIV,-0.4201,36.95278,e842ddff-5fd6-476d-b815-038909139b9d,4113564.65299587,-46765.7371059379
3159,116,DR. MANSUKH SHAH CLINIC,0,CENTRAL,NYERI,MUNICIPALITY,MUKARO,MAJENGO(NYERI),GPS,6,PRIV,-0.41857,36.94826,007d7481-9f89-401f-a9e0-e65400193517,4113061.48889749,-46595.4137233967
3160,123,RURUMA CHOKWE MED CLINIC,0,COAST,KILIFI,KALOLENI,RURUMA,MIYUNI,AMKENI,6,PRIV,-3.879338,39.593733,2970796a-bdc1-47cb-93fc-1781175f653b,4407554.19616484,-432176.258986631
3161,82,OLD TOWN SENIOR STAFF DISP,668,COAST,MOMBASA,ISLAND,OLD TOWN,MJI WA KALE,SUBLOC CENTROID,9,LA,-4.052506,39.67316,1a9b12e5-55db-4bbf-9294-453ee6605504,4416395.96936007,-451499.512150915
3162,84,KERUGOYA HIGHWAY MEDICAL CLINIC,0,CENTRAL,KIRINYAGA,CENTRAL,KERUGOYA,KAGUYU(CENTRAL),GPS,6,PRIV,-0.50215,37.27966,f5839c37-bf98-4704-abec-8b48f0c6fb5b,4149952.76814637,-55899.7979234332
3163,117,EBENEZER CLINIC,4574,CENTRAL,NYERI,OTHAYA,CHINGA,MUMBUINI,DISTRICT ESTIMATES,6,PRIV,-0.59123,36.91232,fd200b4f-ea70-405b-a798-d914ca856654,4109060.66639838,-65816.5905761328
3164,124,SALAMA MED CLINIC,4666,COAST,KILIFI,BAHARI,TEZO,MTONDIA/MAJAONI,AMKENI,6,PRIV,-3.536143,39.87837,bf852113-ec8a-4283-ad86-54191b09bd3e,4439239.84206577,-393891.775154181
3165,118,GACHATHA CLINIC,2457,CENTRAL,NYERI,TETU,KARUNDU,KIHORA,DISTRICT ESTIMATES,6,PRIV,-0.49123,36.94123,e51ae89e-5d42-4b1a-9802-8a00ce20abbd,4112278.91287721,-54684.1434045573
3166,125,SEASIDE MED CENTRE,0,COAST,KILIFI,BAHARI,KILIFI TOWNSHIP,SOKONI(KILIFI),AMKENI,6,PRIV,-3.632005,39.853124,84d9d847-7696-4e8c-a8cc-fa36d4cfca70,4436429.47020119,-404583.997891622
3167,83,PORT HEALTH SERVICES,0,COAST,MOMBASA,CHANGAMWE,PORT REITZ,PORT REITZ,DSA/DFH(MOH)-UNFPA REPORT,9,MOH,-4.01305,39.6036,83139b83-7c5f-47c0-8e53-362707125c52,4408652.58558049,-447096.388013112
3168,85,KERUGOYA MEDICAL CENTRE (IP),0,CENTRAL,KIRINYAGA,CENTRAL,KERUGOYA,KAGUYU(CENTRAL),GPS,6,PRIV,-0.49221,37.2735,ccf5800e-c9bb-4dad-b416-7975f73f50f5,4149267.04008309,-54793.2405231737
3169,119,GADI CLINIC,0,CENTRAL,NYERI,MATHIRA,KARATINA,CHERU,GPS,6,PRIV,-0.4779,37.12165,8be907aa-3eb9-4303-b4b7-f6aa0ee79f6b,4132363.17540613,-53200.2015196646
3170,126,SHARIANI MEDICAL CLINIC,0,COAST,KILIFI,KIKAMBALA,JUNJU,KURUWITU,KEMRI-KILIFI PROJECT,6,PRIV,-3.78401,39.8172,cd0af31c-9d0a-4774-b040-386cc9ed962d,4432430.42881394,-421540.619260052
3171,84,RAILWAY DISP,671,COAST,MOMBASA,ISLAND,MAJENGO,MAJENGO(KING'ORANI),DSA/DFH(MOH)-UNFPA REPORT,9,OTHER MIN,-4.040926,39.655179,fa4b83d6-dca8-4a34-9ab8-81c7ad22705a,4414394.33359612,-450207.210534334
3172,86,KERUGOYA MEDICAL CLINIC (OP),4717,CENTRAL,KIRINYAGA,CENTRAL,KERUGOYA,KAGUYU(CENTRAL),GPS,6,PRIV,-0.49888,37.27652,9c000052-d8c8-4882-b4b6-00a736592a79,4149603.22494528,-55535.7692988216
3173,120,GAKINDU MEDICAL CLINIC,0,CENTRAL,NYERI,MUKURWE-INI,GAKINDU,GAKINDUINI,DISTRICT ESTIMATES,6,PRIV,-0.56231,36.99123,c5858ba5-40a8-4305-8e31-040f8858e054,4117844.88741687,-62597.0677441948
3174,127,SHAURI MOYO DISP,552,COAST,KILIFI,KIKAMBALA,JUNJU,KURUWITU,DSA/DFH(MOH)-UNFPA REPORT,4,PRIV,-3.795226,39.81987,0675039f-a771-40b4-ba0a-7acb81a2f409,4432727.65185435,-422791.914677344
3175,121,GRICE MEDICAL CENTRE,0,CENTRAL,NYERI,MUNICIPALITY,MUKARO,RURINGU,ILRI VILLAGES,6,PRIV,-0.43,36.97,59d8bbd7-27c0-44f5-aed0-4e4b80c410d6,4115481.57462733,-47867.8303925841
3176,128,SHONONEKA MED SERVICES,0,COAST,KILIFI,VITENGENI,VITENGENI,MADAMANI,AMKENI,6,PRIV,-3.397565,39.773983,125bff9a-17ef-4031-8e05-aae602c9fc69,4427619.53438032,-378437.056037811
3177,40,ELDORO H G H SCHOOL DISP,3312,COAST,TAITA TAVETA,TAVETA,KIMORIGO,KIMORIGO,ILRI VILLAGES,9,MISS,-3.48,37.68,a2f320af-689c-4b3d-a270-79b1b1520ff8,4194518.41309056,-387630.231777741
3178,88,KIRINYAGA HOME  CLINIC,0,CENTRAL,KIRINYAGA,CENTRAL,KERUGOYA,KAGUYU(CENTRAL),GPS,6,PRIV,-0.49905,37.27745,bed760ed-1d69-4742-a382-754b5853f2dc,4149706.75207172,-55554.6943298865
3179,122,IRIANI TRAD  MED CLINIC,0,CENTRAL,NYERI,MUNICIPALITY,MUKARO,MAJENGO(NYERI),ILRI MKT CENTRE,6,PRIV,-0.420984,36.95238,fbc0981b-fba8-4553-8503-586f007ee7fd,4113520.12519955,-46864.1461866027
3180,129,ST ANNE MED CLINIC,0,COAST,KILIFI,CHONYI,CHASIMBA,KITSOENI,AMKENI,6,PRIV,-3.701137,39.715125,1521c3d5-e6c5-4405-8f35-746cfb7eb201,4421067.49179122,-412295.522122261
3181,123,KARATINA MEDICAL SERVICES,0,CENTRAL,NYERI,MATHIRA,KARATINA,CHERU,GPS,6,PRIV,-0.47795,37.12412,7dd737fb-58f1-4a3f-a1d3-509bb050ce44,4132638.13454839,-53205.767687845
3182,130,ST ANNE'S MED CLINIC,0,COAST,KILIFI,KIKAMBALA,MTWAPA,KANAMAI,AMKENI,6,PRIV,-3.921553,39.745778,bfb29c2d-d696-4653-a74f-c9a0eaa000fe,4424479.7681425,-436886.521543605
3183,41,MANYANI PRISON DISP,713,COAST,TAITA TAVETA,TSAVO N. PARK,TSAVO N. PARK,TSAVO N. PARK,DDP,9,MOH,-3.095698,38.495506,dd717722-052c-4b89-99a2-772f6a7afb14,4285300.12574941,-344779.315584962
3184,89,KIRINYAGA MEDICAL CLINIC,0,CENTRAL,KIRINYAGA,CENTRAL,KERUGOYA,KAGUYU(CENTRAL),GPS,6,PRIV,-0.50298,37.27927,83466b25-21ef-4e5e-8427-f6bdce808064,4149909.35354497,-55992.1966552441
3185,124,KARERI MEDICAL CLINIC,0,CENTRAL,NYERI,MATHIRA,KARATINA,MUTHUA,GPS,6,PRIV,-0.48045,37.12589,4dc43505-387d-4b52-bba9-f2f8c117e887,4132835.17004709,-53484.0761486461
3186,131,ST. JAMES MEDICAL CLINIC (KALOLENI),2928,COAST,KILIFI,KALOLENI,RURUMA,JIMBA(KILIFI),AMKENI,6,PRIV,-3.860305,39.575577,9b8f3a3b-25eb-42b4-9199-3e3c49ef5163,4405533.07949,-430052.67325887
3187,90,KUGERIA WOMEN GROUP CLINIC,0,CENTRAL,KIRINYAGA,CENTRAL,KERUGOYA,KAGUYU(CENTRAL),GPS,6,PRIV,-0.50298,37.27927,c1bc0388-fc66-41e2-85ea-e04554a4cce5,4149909.35354497,-55992.1966552441
3188,43,TAITA HILLS LODGE DISP,780,COAST,TAITA TAVETA,MWATATE,MWATATE,SEMBE,DDP,9,PRIV,-3.532748,38.392233,ea8986f3-17f2-42bf-befa-560d8625e3df,4273803.82797672,-393513.125259147
3189,125,KIARUHIU DISP,465,CENTRAL,NYERI,TETU,KARUNDU,KIANJOGU(NYERI),ILRI VILLAGES,4,PRIV,-0.47,36.92,a73827ee-7866-42d7-818b-ea0d478d0943,4109915.60008767,-52320.7474532048
3190,134,SUN N SAND COMMUNITY MED CLINIC,0,COAST,KILIFI,KIKAMBALA,MTWAPA,KANAMAI,AMKENI,6,PRIV,-3.895753,39.77138,0e5a6c8e-9422-495c-bf47-763cfb9a1ed6,4427329.76974579,-434007.782697314
3191,91,KUTUS DISP,287,CENTRAL,KIRINYAGA,NDIA,MWERUA,KIANJANG'A,GPS,4,PRIV,-0.57029,37.23433,409150ca-cfb1-4025-a117-148990a0dbbd,4144906.65562872,-63485.4406734383
3192,44,TAITA SISAL ESTATE CLINIC,0,COAST,TAITA TAVETA,MWATATE,MWATATE,SEMBE,ILRI VILLAGES,9,PRIV,-3.53,38.4,7cba6ae1-f48e-46e5-ae32-01a3ad4c5c43,4274668.44646171,-393206.637345248
3193,126,LABURA DISP,3812,CENTRAL,NYERI,KIENI WEST,MWIYONGO,LABURA,1:50000 MAPS,4,PRIV,-0.291142,36.891123,8796bc57-7f42-42bc-92a7-1601e308733a,4106701.02715203,-32409.9186621565
3194,136,TCHAMALO CLINIC,0,COAST,KILIFI,GANZE,GANZE,GANZE/TSANGALAWENI,AMKENI,6,PRIV,-3.543015,39.692627,622087db-f691-443a-a5a9-b5c85b75859a,4418563.02588735,-394658.224783175
3195,45,TAVETA SISAL ESTATE CLINIC,726,COAST,TAITA TAVETA,TAVETA,KIMORIGO,KITOBO,ILRI VILLAGES,9,PRIV,-3.42,37.65,320bfcb1-519c-4f0c-93d1-b8d3ab5ee7d3,4191178.82836675,-380938.935341069
3196,93,MWEA MED HOSP,0,CENTRAL,KIRINYAGA,MWEA,TEBERE,KARUKUNGU,HD MAPS,5,PRIV,-0.69621,37.3684,7f6c37d4-f58d-4490-a630-36330d797761,4159831.25975937,-77503.6499521952
3197,127,MATHIRA MEDICARE  CLINIC,0,CENTRAL,NYERI,MATHIRA,KARATINA,MUTHUA,GPS,6,PRIV,-0.47943,37.12576,0604bfc3-9527-4887-b553-089b579d18ef,4132820.69851329,-53370.5262843728
3198,137,TEZO MEDICAL CLINIC,0,COAST,KILIFI,BAHARI,NGERENYA,ZOWERANI,KEMRI-KILIFI PROJECT,6,PRIV,-3.52597,39.8929,44100e47-5b81-4709-b964-316b6aa74f16,4440857.31426699,-392757.167990536
3199,46,TEITA SISAL ESTATE DISP,722,COAST,TAITA TAVETA,MWATATE,MWACHABO,MWACHABO,DDP,9,PRIV,-3.509236,38.354123,657e7b91-2ca6-4969-b0be-b77f79573280,4269561.44218259,-390890.831438189
3200,94,MWEA MEDICAL CLINIC,4711,CENTRAL,KIRINYAGA,MWEA,TEBERE,KARUKUNGU,GPS,6,PRIV,-0.71006,37.42767,1b9407a2-0489-42f5-a526-2826f4b6b85f,4166429.16597869,-79045.5410082991
3201,128,MUKURWEINI MEDICAL CLINIC,3163,CENTRAL,NYERI,MUKURWE-INI,MUHITO,GATURIA,GPS,6,PRIV,-0.55541,37.05217,1b9c05d8-684a-461a-a656-35a24e51ac95,4124628.69718581,-61828.9267172735
3202,138,TINGA'S PRIVATE CLINIC,0,COAST,KILIFI,CHONYI,ZIANI,ZIANI,KEMRI-KILIFI PROJECT,6,PRIV,-3.769,39.7009,017d77d7-c675-4775-806d-5485a8a010fc,4419483.97203468,-419866.077533232
3203,129,MWEIGA  RURAL HEALTH CLINIC,492,CENTRAL,NYERI,KIENI WEST,MWEIGA,KAMATONGU,1:50000 MAPS,6,PRIV,-0.323925,36.9041,e872eb42-fc74-46af-bdf0-676948ead385,4108145.62018405,-36059.3581482221
3204,139,UPENDO MED CLINIC,0,COAST,KILIFI,KALOLENI,RURUMA,JIMBA(KILIFI),AMKENI,6,PRIV,-3.859195,39.56796,3f349cac-c9bf-4fd3-ba3e-3b9191f210a4,4404685.15892862,-429928.827719254
3205,95,PEOPLE'S CLINIC,0,CENTRAL,KIRINYAGA,CENTRAL,KERUGOYA,KAGUYU(CENTRAL),GPS,6,PRIV,-0.50217,37.27939,9f98d042-ecac-4e6e-9c0d-ad5ac1be6fef,4149922.71188386,-55902.0243987608
3206,47,VOI SISAL ESTATE DISP,728,COAST,TAITA TAVETA,TAUSA,MBOLOLO,MRARU,DDP,9,PRIV,-3.402089,38.539593,b847d9d0-9543-4971-a46a-58a6d59184a4,4290207.86814001,-378941.553325992
3207,130,MWENDI WEGA MEDICAL CLINIC,0,CENTRAL,NYERI,MATHIRA,KARATINA,CHERU,ILRI MKT CENTRE,6,PRIV,-0.477277,37.125549,04deb7ae-e0a4-45ee-8ce7-19fdf1283f59,4132797.21010073,-53130.8470675233
3208,140,VIPINGO SISAL ESTATE HC,562,COAST,KILIFI,KIKAMBALA,JUNJU,VIPINGO,AMKENI,3,PRIV,-3.8224,39.795152,c636d295-1fd5-4523-9f76-45fce857000f,4429976.05668093,-425823.606760724
3209,131,NYERI MEDICAL CENTRE,0,CENTRAL,NYERI,MUNICIPALITY,MUKARO,MAJENGO(NYERI),GPS,6,PRIV,-0.41946,36.94863,9529306d-2eaa-4c8c-8673-0cec7950bd3b,4113102.67710908,-46694.4907196512
3210,97,RAPHA MEDICAL CLINIC,0,CENTRAL,KIRINYAGA,CENTRAL,KERUGOYA,KAGUYU(CENTRAL),GPS,6,PRIV,-0.50284,37.27951,e6d9c31f-d43c-4df0-a103-7587ced76aee,4149936.07022276,-55976.6113261586
3211,141,VORONI MED CLINIC,0,COAST,KILIFI,KALOLENI,MWAWESA,BWAGAMOYO,AMKENI,6,PRIV,-3.930637,39.63511,53354c6c-86cd-439a-9f22-eb9456c4fd1d,4412160.26273539,-437900.126529012
3212,48,ZIWANI SISAL ESTATE CLINIC,731,COAST,TAITA TAVETA,TAVETA,CHALA,CHALA,ILRI MKT CENTRE,9,PRIV,-3.38,37.789,0164db35-7f3e-486e-b420-b76d803d2db5,4206652.23758702,-376478.304139788
3213,142,WANANCHI MEDICAL CLINIC,2929,COAST,KILIFI,BAHARI,KILIFI TOWNSHIP,HOSPITAL(KILIFI),KEMRI-KILIFI PROJECT,6,PRIV,-3.62027,39.86111,0571174d-c63f-4860-a73f-9e5fb6d131fe,4437318.46765467,-403275.043111818
3214,132,OUTSPAN HOSP,0,CENTRAL,NYERI,MUNICIPALITY,MUKARO,MAJENGO(NYERI),GPS,5,PRIV,-0.4214,36.93584,1f9c1de8-00ef-4c53-97d8-bda213bad832,4111678.90082183,-46910.4563460639
3215,100,SAGANA MEDICAL CLINIC,0,CENTRAL,KIRINYAGA,NDIA,KIINE SOUTH,SAGANA(KIRINYAGA),1:50000 MAPS,6,PRIV,-0.663963,37.20586,cdc4fd28-70d2-4f21-beee-0f422a38550c,4141737.38972583,-73913.6773908733
3216,63,GK PRISON HOLA DISP,774,COAST,TANA RIVER,GALORE,CHEWANI,HOLA MISSION,DANIDA,9,OTHER MIN,-1.49866,40.034168,32d2c6a7-9085-4fdf-be58-f5c950bd1db0,4456583.19609238,-166849.094547226
3217,143,WESA CLINIC,0,COAST,KILIFI,BAHARI,NGERENYA,ZOWERANI,KEMRI-KILIFI PROJECT,6,PRIV,-3.49031,39.9066,b82f3cfd-0be1-4612-9f7f-fc3ea600d36a,4442382.39129085,-388780.062246273
3218,133,PATIENTS CARE CENTRE,0,CENTRAL,NYERI,MATHIRA,KARATINA,CHERU,SUBLOC CENTROID,6,PRIV,-0.473824,37.125984,41c6564c-b607-44c4-88d4-ac883b21f6af,4132845.63407923,-52746.4476254449
3219,61,ALMA MEDICAL CLINIC,0,COAST,KWALE,MSAMBWENI,MSAMBWENI,VINGUJINI,GPS,6,PRIV,-4.47656,39.481,2c5b585e-254c-4f1b-b3e7-bed7368f7887,4395004.81600924,-498836.154773988
3220,134,RURINGU MEDICAL CLINIC,0,CENTRAL,NYERI,MUNICIPALITY,MUKARO,RURINGU,GPS,6,PRIV,-0.43306,36.9624,19b45de6-ea5a-4760-b875-de9846132954,4114635.5464973,-48208.477696066
3221,62,BAHARI MEDICAL CLINIC,0,COAST,KWALE,MATUGA,GOLINI,GOLINI,GPS,6,PRIV,-4.17177,39.4526,65cdb9bd-f609-4046-b328-6c8c6779eab5,4391843.34247071,-464810.189143648
3222,135,SUNNY MEDICAL CENTRE,0,CENTRAL,NYERI,MATHIRA,KARATINA,CHERU,GPS,6,PRIV,-0.47863,37.12358,e1378d78-1bb4-44e7-8399-2c66f79142dd,4132578.02202336,-53281.4675791282
3223,65,NGAO SECONDARY SCHOOL DISP,4394,COAST,TANA RIVER,GARSEN,KIPAO,KIPAO,ILRI MKT CENTRE,9,OTHER MIN,-2.413933,40.18642,d61290c4-41b9-4908-8e6c-d5e5f4446fca,4473531.81120463,-268797.324589821
3224,103,WANGURU C.C.S CLINIC,4712,CENTRAL,KIRINYAGA,MWEA,TEBERE,KARUKUNGU,ILRI MKT CENTRE,6,PRIV,-0.68,37.369991,08fbaabd-bfe3-4201-a689-242ef7507205,4160008.36906922,-75699.0308593095
3225,63,CORNERSTONE MEDICAL CLINIC,0,COAST,KWALE,MATUGA,GOLINI,GOLINI,GPS,6,PRIV,-4.17197,39.4534,2bdea502-cea3-4129-bef5-4ed94aa6d2b6,4391932.39806334,-464832.512190864
3226,66,TARASAA HIGH SCHOOL CLINIC,781,COAST,TANA RIVER,GARSEN,NGAO,TARASAA,SUBLOC CENTROID,9,OTHER MIN,-2.472153,40.104722,ddfd2211-106a-453f-8b0e-92ccec6a6fda,4464437.2314458,-275284.241651232
3227,136,SUNNY MEDICAL CLINIC,0,CENTRAL,NYERI,MUKURWE-INI,MUHITO,GATURIA,GPS,6,PRIV,-0.55853,37.05035,03246b17-ed64-4d36-8b56-af1115615c11,4124426.09571257,-62176.2599394517
3228,0,FAITH HEALTH SERVICES,0,CENTRAL,MARAGUA,KIGUMO,KIGUMO,KIRERE,DHMT,6,PRIV,-0.802092,37.001542,a6e03aec-166d-498c-947a-68399f1f4fcc,4118992.81400593,-89291.3895533277
3229,64,DIANI BEACH HOSPITAL,0,COAST,KWALE,MSAMBWENI,DIANI,GOMBATO,GPS,5,PRIV,-4.27688,39.5894,37a38a0e-2cab-46fd-a4e2-cc6697783db9,4407071.84881123,-476542.856688254
3230,137,UZIMA MEDICAL CLINIC,0,CENTRAL,NYERI,KIENI WEST,ENDARASHA,ENDARASHA,ILRI VILLAGES,6,PRIV,-0.3,36.8,0bc2ca12-53b3-4c26-a3c0-f19257133987,4096557.26119248,-33395.9998333755
3231,0,FM MEDICAL CLINIC,0,CENTRAL,MARAGUA,MARAGUA,ICHAGAKI,KIANJIRUINI,DHMT,6,PRIV,-0.792333,37.132641,a23266d3-6966-4535-9ca6-dcbe0b334805,4133586.68792944,-88204.9174731428
3232,67,VOI ESTATE DISP,785,COAST,TANA RIVER,TSAVO E  N .PARK,TSAVO E  N .PARK,TSAVO E N PARK,ILRI VILLAGES,9,PRIV,-2.78,39,a1c098ea-2e8b-4cf9-b788-debbe2570c84,4341460.14093768,-309589.681190828
3233,65,ESMOTH MEDICAL CLINIC,0,COAST,KWALE,MSAMBWENI,KINGWEDE/SHIRAZ,SHIRAZI,GPS,6,PRIV,-4.52491,39.3934,0a0e5802-e193-4ad3-985b-727ac1d893a5,4385253.22861575,-504235.10089903
3234,138,WAIRI'S MED CLINIC,3365,CENTRAL,NYERI,OTHAYA,IRIA-INI,IHURIRIO,DISTRICT ESTIMATES,6,PRIV,-0.54123,36.86232,29201167-511d-406c-a60a-d4d862205282,4103494.69185871,-60250.3440473399
3235,0,GARDEN BREEZE HOSP,0,CENTRAL,MARAGUA,MAKUYU,MAKUYU,KIMORORI,DHMT,5,PRIV,-0.934194,37.123421,fd54b2df-9da6-4c90-99b6-087aedc79736,4132560.32222433,-103998.60840665
3236,67,JADI MEDICAL CENTRE AND NURSING HOME,0,COAST,KWALE,MSAMBWENI,DIANI,UKUNDA,GPS,6,PRIV,-4.28147,39.5649,078152ca-2a48-4468-8e7c-8e17593e8567,4404344.5212868,-477055.24151618
3237,40,GK PRISONS DISP,830,EASTERN,EMBU,CENTRAL,MUNICIPALITY,DALLAS/STADIUM,DHMT,9,OTHER MIN,-0.54,37.46,8eea6dcc-a36d-4528-8686-70a1493937ab,4170028.12511603,-60113.41497839
3238,91,BOORE MEDICAL CLINIC,4734,CENTRAL,THIKA,MUNICIPALITY,GATUANYAGA,GATUANYAGA,SUBLOC CENTROID,6,PRIV,-1.060279,37.204125,f412812a-afd0-4d34-928f-9f996bd62f1e,4141544.2504093,-118036.455468942
3239,68,JERUSALEM MEDICAL CLINIC,0,COAST,KWALE,MSAMBWENI,LUNGA LUNGA,SEGA(KWALE),GPS,6,PRIV,-4.55058,39.1247,d19567ee-56ca-4226-b95d-51df73fe5ec4,4355341.6814396,-507101.657673156
3240,92,BULLEYS TANNERIES DISP,4735,CENTRAL,THIKA,MUNICIPALITY,THIKA MUNICIPALITY,BIASHARA,SUBLOC CENTROID,4,PRIV,-1.032334,37.07084,90baba04-4739-4c61-975a-310c170eb478,4126707.03207892,-114925.11349379
3241,41,ITABUA POLICE DISP,3419,EASTERN,EMBU,CENTRAL,MBETI NORTH,GATITURI,DHMT,9,OTHER MIN,-0.54,37.48,904147c7-d8d9-4c93-b476-0a4ef840771c,4172254.5149319,-60113.41497839
3242,69,JERUSALEM MEDICAL CLINIC,0,COAST,KWALE,MSAMBWENI,DIANI,GOMBATO,GPS,6,PRIV,-4.26651,39.5685,607bd6b3-eed1-473f-908f-4edb6fbf94de,4404745.27145365,-475385.257818233
3243,93,CENTRAL MEMORIAL HOSPITAL,3886,CENTRAL,THIKA,MUNICIPALITY,THIKA MUNICIPALITY,KOMU,ILRI TOWNS,5,PRIV,-1.048742,37.079567,28082b16-e488-4262-ba3a-ee95308ae6c9,4127678.51727508,-116751.944955055
3244,38,KAMAHUHA MEDICAL CLINIC,0,CENTRAL,MARAGUA,MAKUYU,KAMAHUHA,KAMAHUHA,GPS,6,PRIV,-0.83788,37.17915,d41f240b-f3df-4161-8242-3536562fe1c5,4138764.04612674,-93275.6995763832
3245,71,KARI MEDICAL CLINIC,0,COAST,KWALE,MSAMBWENI,MSAMBWENI,VINGUJINI,GPS,6,PRIV,-4.46432,39.4819,e159a300-3ca3-4bca-9a8b-f0e2d835e44c,4395105.00355095,-497469.446238822
3246,28,78th TANK BATTALION M/C  (MRS),2905,EASTERN,ISIOLO,CENTRAL,CENTRAL,BULLA PESA,DHMT,9,AF,0.339313,37.575839,63612ab6-9cde-4a58-b882-b4babb1cff81,4182923.26361003,37772.3711698502
3247,96,DR.  WACHIRA  MEDICAL CLINIC,4738,CENTRAL,THIKA,MUNICIPALITY,THIKA MUNICIPALITY,MAJENGO(THIKA),SUBLOC CENTROID,6,PRIV,-1.06277,37.127682,fec743ff-f6b0-4fba-b4fc-c76ccb2451a9,4133034.65457459,-118313.79991887
3248,39,KANDARA HEALTH CLINIC,3405,CENTRAL,MARAGUA,KANDARA,ITHIRU,GAKARARA,1:50000 MAPS,6,PRIV,-0.891441,36.995496,fb2f0ebe-dc45-4a3f-acee-ff9c4469e20e,4118319.7763646,-99238.7620514088
3249,72,KAYA MEDICAL CENTRE,0,COAST,KWALE,MSAMBWENI,DIANI,UKUNDA,GPS,6,PRIV,-4.29124,39.5632,9562f8dd-f62d-411b-8d8e-d1baeeb4c551,4404155.27815245,-478145.883510271
3250,0,GK PRISON DISP,196,EASTERN,ISIOLO,CENTRAL,CENTRAL,BULLA PESA,DHMT,9,MOH,0.342176,37.570504,7f8ee417-e628-4382-bd10-4f110717f5db,4182329.37412665,38091.0845081584
3251,42,MAKUTANO MEDICAL CLINIC,3406,CENTRAL,MARAGUA,KANDARA,KAGUNDUINI,GITURA(MARAGUA),GPS,6,PRIV,-0.9354,37.12143,79a6ff91-7141-4e37-a03f-e4cc2d1173c4,4132338.68511815,-104132.877582613
3252,102,EDIANA HOSPITAL,4739,CENTRAL,THIKA,RUIRU,RUIRU,RUIRU(THIKA),ILRI MKT CENTRE,5,PRIV,-1.143559,36.958142,0418dacd-162d-4d3f-9032-5578358bc92f,4114161.5481055,-127308.858237471
3253,48,MUNUNGA CLINIC,4846,CENTRAL,MARAGUA,KIGUMO,KINYONA,GACHARAGE(KIGUMO),ILRI MKT CENTRE,6,PRIV,-0.739723,36.852509,652ad947-f5c4-4f54-8b24-d93cc6b27cfb,4102402.53633454,-82347.8753938032
3254,73,KIDUNGUNI HOSP,0,COAST,KWALE,MATUGA,NGOMBENI,KITEJE,AMKENI,5,PRIV,-4.102071,39.617239,1d81f8a9-d6b5-47bc-8d76-177282b6e51c,4410170.87211542,-457031.062989517
3255,103,GARURA MEDICAL CENTRE,0,CENTRAL,THIKA,GATANGA,KIGORO,KIGORO,SUBLOC CENTROID,6,PRIV,-0.836218,36.866404,392a8b66-621d-4dc7-b319-a97faf334782,4103949.32065911,-93090.6668372186
3256,29,ISIOLO BARRACKS DISP,855,EASTERN,ISIOLO,CENTRAL,CENTRAL,BULLA PESA,DHMT,9,MOH,0.340206,37.577625,d1c0b304-4af7-459c-8487-265606dd638d,4183122.08022059,37871.7812229463
3257,74,KILULU CLINIC,0,COAST,KWALE,MSAMBWENI,MIVUMONI,MIVUMONI,GPS,6,PRIV,-4.39727,39.3536,956bb692-1fe6-4656-bfe4-e00201d69806,4380822.71288217,-489983.100059193
3258,0,PAED AFYA CLINIC,0,CENTRAL,MARAGUA,MARAGUA,ICHAGAKI,KIANJIRUINI,DHMT,6,PRIV,-0.793357,37.127519,b825e7e1-0f4c-4643-879e-af30a05f987b,4133016.5094976,-88318.9195463026
3259,107,ITHANGA MEDICAL SERVICES,3409,CENTRAL,THIKA,KAKUZI,ITHANGA,KAGUKU,ILRI MKT CENTRE,6,PRIV,-0.993707,37.338604,e7c29623-484d-4f48-a5c0-c9dd2543bf77,4156514.38421169,-110624.503270122
3260,75,KINANGO MEDICAL CLINIC,0,COAST,KWALE,KINANGO,KINANGO,KINANGO,GPS,6,PRIV,-4.13839,39.316,75371012-cb44-4eac-8fc9-640a1bddd295,4376637.10002835,-461084.551984405
3261,30,SCHOOL OF ARTILLERY DISP. (MRS),867,EASTERN,ISIOLO,CENTRAL,ISIOLO WEST,ISIOLO WEST,SUBLOC CENTROID,9,AF,0.473862,37.48045,83dfb71e-67ea-4359-a94b-4298621fe474,4172304.60870276,52750.6779107665
3262,50,ROSALENE CLINIC,4847,CENTRAL,MARAGUA,MARAGUA,ICHAGAKI,KIANJIRUINI,GPS,6,PRIV,-0.7936,37.13179,54fd55ff-4083-4460-8736-23c96c41f190,4133491.95504278,-88345.9727767901
3263,31,SCHOOL OF COMBAT ENGINEERS DISP,868,EASTERN,ISIOLO,CENTRAL,ISIOLO EAST,WABERA(ISIOLO),DHMT,9,AF,0.350919,37.583429,8fd5ba0a-dc02-41c6-956f-e363e2516dbc,4183768.17854516,39064.3686199186
3264,108,JACARANDA (CRF) DISP,202,CENTRAL,THIKA,RUIRU,RUIRU,RUIRU(THIKA),ILRI MKT CENTRE,4,PRIV,-1.143559,36.958142,4993f30d-8b8a-4343-a793-54b08c184ef3,4114161.5481055,-127308.858237471
3265,76,KUNDUTSI MEDICAL CLINIC,0,COAST,KWALE,MATUGA,TSIMBA,KUNDUTSI,GPS,6,PRIV,-4.18409,39.4863,73c3b2ab-f79e-4518-8f29-7daef103dc71,4395594.80931044,-466185.299471601
3266,51,RURAL MEDICAL CLINIC,0,CENTRAL,MARAGUA,KANDARA,KAGUNDUINI,GITURA(MARAGUA),GPS,6,PRIV,-0.9349,37.12143,98ceb8ca-25c7-42e2-b8bd-24279ec9435f,4132338.68511815,-104077.210422805
3267,111,JUJA EST DISP,204,CENTRAL,THIKA,RUIRU,JUJA,KIAORA,ILRI MKT CENTRE,4,PRIV,-1.103558,37.014397,a18db439-78c0-4edf-962d-806005fbdaf0,4120423.82606008,-122855.110892134
3268,78,MACHANDE MED CLINIC,0,COAST,KWALE,MSAMBWENI,MIVUMONI,MIVUMONI,AMKENI,6,PRIV,-4.462332,39.377967,49dbc483-907c-43ba-b850-8b7056dfdf82,4383535.23491434,-497247.469914565
3269,32,SCHOOL OF INFANTRY  DISP. (MRS),869,EASTERN,ISIOLO,CENTRAL,CENTRAL,BULLA PESA,DHMT,9,AF,0.330532,37.569805,eae02b2c-5dd9-466e-90c3-c07c1de0d6a7,4182251.56180259,36794.8580195341
3270,114,KANYONI MEDICAL CLINIC,0,CENTRAL,THIKA,KAMWANGI,GITUAMBA,KANYONI,SUBLOC CENTROID,6,PRIV,-0.918219,36.856502,8270fe61-56bc-4e73-88b8-5a2d6537db4a,4102847.03506127,-102220.047154926
3271,52,SAANKA MEDICAL CLINIC,0,CENTRAL,MARAGUA,MARAGUA,NGINDA,GATHERA(MARAGUA),DHMT,6,PRIV,-0.8,37.04,ea6178f5-f7e4-46fa-ae2c-5b33ad96bbb3,4123273.93898286,-89058.4864167042
3272,79,MAKINA MED CLINIC,0,COAST,KWALE,SAMBURU,MACKNNON RD,MACKINNON RD,AMKENI,6,PRIV,-3.722815,39.030733,f1160fc5-b5b8-409e-bd5d-cbbc93c472a3,4344881.32284823,-414713.779300849
3273,52,N.Y.S DISP,888,EASTERN,KITUI,MUTOMO,IKANGA,ILUSYA,1:50000 MAPS,9,MOH,-1.633333,38.016667,cf45524b-6f00-4e2a-8619-2a6e1967c2d1,4231996.01209745,-181846.429145434
3274,53,SOLEA MEDICAL CLINIC,4819,CENTRAL,MARAGUA,KANDARA,ITHIRU,KIIRI,GPS,6,PRIV,-0.89527,37.00191,7592b689-e066-4dce-bd84-1275f2ba7edb,4119033.77957854,-99665.0561989356
3275,115,KATUWA NYAGA MEDICAL CLINIC,0,CENTRAL,THIKA,MUNICIPALITY,GATUANYAGA,GATUANYAGA,SUBLOC CENTROID,6,PRIV,-1.060279,37.204125,ccaf5927-dc90-4b50-a41d-d031ca2f7002,4141544.2504093,-118036.455468942
3276,80,MILOMANI MED CLINIC,0,COAST,KWALE,MSAMBWENI,LUNGA LUNGA,SEGA(KWALE),AMKENI,6,PRIV,-4.552293,39.125625,7c6fb264-d855-4122-a695-2eb1a666a627,4355444.65196858,-507292.951205727
3277,93,KENYA MEAT COMMISSION DISP,3389,EASTERN,MACHAKOS,MAVOKO,SETTLED AREA,ATHI RIVER TOWNSHIP,DSA/DFH(MOH)-UNFPA REPORT,9,OTHER MIN,-1.4513,36.9755,ce6f7047-91b6-4740-adcb-64005772eb56,4116093.83182669,-161575.255882681
3278,118,KILIMAMBOGO HOSPITAL,4742,CENTRAL,THIKA,MUNICIPALITY,GATUANYAGA,GATUANYAGA,ILRI MKT CENTRE,5,PRIV,-1.067352,37.236112,6e471d7b-24a8-44aa-829c-0b47283aa509,4145105.02696131,-118823.95396369
3279,81,MKOMANI -LUNGA LUNGA CLINIC,0,COAST,KWALE,MSAMBWENI,LUNGA LUNGA,SEGA(KWALE),GPS,6,PRIV,-4.549,39.1217,e26e03ce-902d-4998-9353-f9c60400ab82,4355007.72296721,-506925.216873287
3280,0,ST JUDE CLINIC,0,CENTRAL,MARAGUA,MARAGUA,ICHAGAKI,KIANJIRUINI,DHMT,6,PRIV,-0.788236,37.128543,2b85a641-2df1-4a33-8ed5-bfc098085d62,4133130.50065617,-87748.7981319004
3281,94,PORTLAND CEMENT DISP,1013,EASTERN,MACHAKOS,MAVOKO,SETTLED AREA,ATHI RIVER TOWNSHIP,DSA/DFH(MOH)-UNFPA REPORT,9,PRIV,-1.46361,36.9784,5f289f48-04fd-404a-9a2f-ac6747853c4a,4116416.65835,-162946.042284099
3282,119,MEMORIAL HOSPITAL (THIKA),0,CENTRAL,THIKA,KAKUZI,MITUMBIRI,THUTHUA,DDP,5,PRIV,-1.03276,37.1098,732bd762-5ecf-4e39-a341-92e2f6b138a2,4131044.03944023,-114972.54329852
3283,0,AFYA MED CLINIC,0,CENTRAL,MURANGA,MATHIOYA,RWATHIA,KIHOYA,DHMT,6,PRIV,-0.65,36.9,c7f05ded-d857-457c-9384-897c3e10af79,4107689.2102718,-72359.2211479353
3284,82,MKOMANI MEDICAL CLINIC,0,COAST,KWALE,MSAMBWENI,LUNGA LUNGA,SEGA(KWALE),GPS,6,PRIV,-4.54998,39.1247,8c4580b0-0a54-4db8-89cf-41bdbe9aaa46,4355341.6814396,-507034.65479216
3285,38,TUURU DISABLED CHILDRENS' HOME,1161,EASTERN,NORTH MERU,LAARE,AKIRANG'ONDU,MACHUNGULU,DHMT,9,MISS,0.318049,37.921678,fb7135dd-cebf-4408-929c-67cfe33b5d9f,4221421.88498649,35405.2345550537
3286,0,ALL DAY MED CLINIC,0,CENTRAL,MURANGA,MATHIOYA,NJUMBI,GACHARAGEINI,DHMT,6,PRIV,-0.63,36.85,3c3ec0ba-7316-4100-a45b-c1cd55a625bc,4102123.23573214,-70132.6924187676
3287,120,MITUAMBIRI DISPENSARY,0,CENTRAL,THIKA,MUNICIPALITY,THIKA MUNICIPALITY,MAJENGO(THIKA),DDP,4,PRIV,-1.0409,37.1057,cb854e89-2ce8-4829-991a-b22108ed9bcb,4130587.62952798,-115878.832340959
3288,32,G K PRISON DISP,1193,N. EASTERN,GARISSA,SANKURI,RAYA,ATHEYLEY,1:50000 MAPS,9,OTHER MIN,-0.372997,39.6757,893a5513-a3fe-4b1f-82b8-fe1e17698b89,4416678.72086669,-41522.1293961014
3289,59,ANNEXE MEDICAL CLINIC,0,CENTRAL,MURANGA,MATHIOYA,KIRU,KIRIAINI(MURANGA),DHMT,6,PRIV,-0.600506,36.93025,28d0d962-09f3-41f8-af29-370adf94b163,4111056.6248683,-66849.2460178426
3290,0,BARAKA MED CLINIC,0,CENTRAL,MURANGA,MATHIOYA,NJUMBI,NJUMBI,DHMT,6,PRIV,-0.64,36.95,31391f61-28b0-405c-9317-c625a6b79ec7,4113255.18481146,-71245.9556981212
3291,33,GARISSA ARMY CAMP DISP,0,N. EASTERN,GARISSA,CENTRAL,WABERI,WABERI,1:50000 MAPS,9,AF,-0.42352,39.7398,a514a44f-1831-4106-8bb4-659a62fa860b,4423814.30022654,-47146.4600817966
3292,0,BARAKA MEDICAL CLINIC,0,CENTRAL,MURANGA,KIHARU,TOWNSHIP,KARURI(MURANGA),DHMT,6,PRIV,-0.72,37.16,8b305ef8-3fad-45a2-b246-6860ef0c500a,4136632.27787805,-80152.1429187612
3293,34,GTTC DISP,0,N. EASTERN,GARISSA,CENTRAL,WABERI,WABERI,TOWN PLAN(1:5000),9,OTHER MIN,-0.288421,39.8241,05b925db-e4d8-4d58-b195-d7c759da29de,4433198.53330041,-32107.0144535821
3294,0,DR. BASIGN MED CLINIC,0,CENTRAL,MURANGA,KIHARU,TOWNSHIP,KARURI(MURANGA),DHMT,6,PRIV,-0.72,37.16,d5eb6bc4-58d5-477e-95b1-9ab56b909dfe,4136632.27787805,-80152.1429187612
3295,35,LIBOI REFUGEE CAMP,3483,N. EASTERN,GARISSA,LIBOI,LIBOI,LIBOI,SUBLOC CENTROID,9,OTHER MIN,0.199954,40.850621,fb2e84fa-335f-4c44-96ee-bdbb380d308f,4547470.32830901,22258.8226441721
3296,83,MWACHINGA CLINIC,4468,COAST,KWALE,KINANGO,KINANGO,DUMBULE,AMKENI,6,PRIV,-4.128665,39.423575,dfe404b2-a31a-45a5-972b-5c4e23fbf8d5,4388612.29425043,-459999.146550664
3297,132,RUIRU HEALTH CLINIC,0,CENTRAL,THIKA,RUIRU,RUIRU,RUIRU(THIKA),1:50000 MAPS,6,PRIV,-1.146396,36.95909,ab4cb013-f4cc-4678-a27a-9ae3b09d1f7c,4114267.07898278,-127624.734702685
3298,84,MWANZA MEDICAL CLINIC,0,COAST,KWALE,MSAMBWENI,LUNGA LUNGA,SEGA(KWALE),GPS,6,PRIV,-4.52343,39.1792,7b272de7-63f8-4347-bcfa-fc6f5d493eb8,4361408.59368783,-504069.833102552
3299,0,DR. MUHIU MED CLINIC,0,CENTRAL,MURANGA,KIHARU,TOWNSHIP,KARURI(MURANGA),DHMT,6,PRIV,-0.72,37.16,ebd97979-91f9-4c65-9e43-b65ccbb94cf9,4136632.27787805,-80152.1429187612
3300,36,NEP GIRLS SEC SCH. DISP,0,N. EASTERN,GARISSA,CENTRAL,TOWNSHIP,MEDINA,TOWN PLAN(1:5000),9,MOH,-0.260903,39.8013,98af1e00-df0f-4666-a5e8-24dc1cf1c610,4430660.44891032,-29043.6894787971
3301,52,AMANI MEDICAL CLINIC,0,COAST,KILIFI,KALOLENI,RURUMA,JIMBA(KILIFI),AMKENI,6,PRIV,-3.86597,39.575083,62d34a78-cac9-436f-a9e6-079f5e8a6cc4,4405478.08766154,-430684.734323729
3302,85,NAFUU MEDICAL CLINIC,0,COAST,KWALE,KINANGO,KINANGO,KINANGO,GPS,6,PRIV,-4.13537,39.3169,097b69c9-2868-444c-92d9-e659601de645,4376737.28757006,-460747.488922908
3303,0,DR. MUKUI CLINIC,0,CENTRAL,MURANGA,KIHARU,TOWNSHIP,KARURI(MURANGA),DHMT,6,PRIV,-0.72,37.16,2b4fa41a-b1ad-46c4-930a-c6f684731878,4136632.27787805,-80152.1429187612
3304,53,BAMBA MEDICAL CLINIC,4667,COAST,KILIFI,BAMBA,BAMBA,PAZIANI(KILIFI),AMKENI,6,PRIV,-3.543573,39.521968,50580532-6a34-4ebf-994d-5d6dc4fb0176,4399565.35290806,-394720.460028942
3305,37,POLICE DISP,0,N. EASTERN,GARISSA,CENTRAL,WABERI,WABERI,TOWN PLAN(1:5000),9,OTHER MIN,-0.424589,39.6839,0032b0f8-481f-4fc3-ab7a-38d7511e70b4,4417591.5406912,-47265.4638767788
3306,62,DR. SANGWA SA'S CLINIC,0,CENTRAL,MURANGA,KIHARU,TOWNSHIP,KARURI(MURANGA),GPS,6,PRIV,-0.72089,37.15986,5f252cce-6904-4635-ab41-e823012a230d,4136616.69314934,-80251.2250983505
3307,86,PALANI CLINIC,2900,COAST,KWALE,MSAMBWENI,DIANI,GOMBATO,GPS,6,PRIV,-4.26818,39.568,b6ee1a99-47bb-497a-9005-4785e174ff48,4404689.61170825,-475571.678180156
3308,17,MANDERA ARMY CAMP DISP,0,N. EASTERN,MANDERA,CENTRAL,BULLA JAMHURIA,BULLA NGUVU,SUBLOC CENTROID,9,MOH,3.947474,41.845235,bb179adc-48e1-449c-a8ca-efdc3a3f8c3c,4658190.25232488,439778.850941871
3309,27,WAJIR REHABILITATION CENTRE,3485,N. EASTERN,WAJIR,CENTRAL,WAGBERI,WAGBERI,ILRI TOWNS,9,OTHER MIN,1.745788,40.069904,e2ba5834-f35a-492a-b3e7-542afc6cf695,4460561.30941536,194370.309267022
3310,0,EBENEZER CLINIC,0,CENTRAL,MURANGA,MATHIOYA,GITUGI,RUNYEKI,DHMT,6,PRIV,-0.67,37.09,1d54ce5e-7be1-4c02-8f29-79fe0db73581,4128839.91352252,-74585.7586946065
3311,0,FORT HALL NURSING HOME,0,CENTRAL,MURANGA,KIHARU,TOWNSHIP,KARURI(MURANGA),DHMT,6,PRIV,-0.72,37.16,bc1b519f-42c1-4c2c-8fc5-51aeb0d04556,4136632.27787805,-80152.1429187612
3312,141,BURUBURU GIRLS DISP,4382,NAIROBI,NAIROBI,MAKADARA,MAKADARA,HAMZA,DISTRICT ESTIMATES,9,OTHER MIN,-1.29222,36.87214,d9f6f809-b60d-401d-83d4-08f8f6a37cd1,4104587.8492583,-143861.469007536
3313,0,FRANJANE MED CLINIC,0,CENTRAL,MURANGA,KAHURO,MUGOIRI,KAHURO,DHMT,6,PRIV,-0.75,37,94ed1e7d-97d4-46f8-ae38-5bc0662344a5,4118821.15935113,-83492.0024838433
3314,142,BURUBURU HIGH SCHOOL CLINIC,0,NAIROBI,NAIROBI,MAKADARA,MAKADARA,HAMZA,DISTRICT ESTIMATES,9,OTHER MIN,-1.29341,36.88111,ca583cb9-3102-42d5-822f-e4a72f0230ee,4105586.38509071,-143993.972930921
3315,87,PENDO CLINIC,0,COAST,KWALE,KINANGO,KINANGO,KINANGO,GPS,6,PRIV,-4.13437,39.3141,8fb53d3e-f509-4894-a4b5-ebf905c11d62,4376425.59299584,-460635.878920775
3316,143,C. B. K. STAFF CLINIC,7,NAIROBI,NAIROBI,MAKADARA,VIWANDANI,LANDI MAWE,DISTRICT ESTIMATES,9,OTHER MIN,-1.29311,36.82241,984898f3-d85b-4ced-babe-975219132452,4099051.93098115,-143960.568574634
3317,65,GAKIRA MEDICAL CLINIC,3415,CENTRAL,MURANGA,KANGEMA,MUGURU,GAKIRA,ILRI MKT CENTRE,6,PRIV,-0.683791,36.955046,4de36d78-7b13-4ed4-bd88-f81b505f7d14,4113816.90296201,-76121.0729379563
3318,54,BANDARI SALAMA DISP,515,COAST,KILIFI,KIKAMBALA,JUNJU,VIPINGO,ILRI VILLAGES,4,PRIV,-3.81,39.82,78b0b7ef-e623-4976-8821-2e313d9a9534,4432742.12338816,-424440.17758068
3319,88,PENDO MEDICAL CLINIC,0,COAST,KWALE,MSAMBWENI,DIANI,GOMBATO,GPS,6,PRIV,-4.27827,39.5663,348a8669-7405-42df-8d7b-8a95799bc380,4404500.36857391,-476698.023011293
3320,146,DAGORETI CHILD CLINIC,0,NAIROBI,NAIROBI,DAGORETTI,UTHIRU/RUTHIMITU,RUTHIMITU,GPS,9,OTHER MIN,-1.27884,36.69086,821e8614-092d-4403-9a47-4db549fac6a6,4084407.85196729,-142371.63923777
3321,3,GAKUYU DISP,0,CENTRAL,MURANGA,KIHARU,GATURI,GAKUYU(MURANGA),DDP,4,PRIV,-0.645852,37.0811,9f610995-4fde-4dd3-9fc8-37d3f13b9217,4127849.17005446,-71897.4383737453
3322,56,BOMBOLULU DIAGONSTIC & MED CLINIC,0,COAST,KILIFI,KALOLENI,KALOLENI,KALOLENI/VISH/TSAKA,AMKENI,6,PRIV,-3.815753,39.629133,1823616e-3460-4966-9b27-c90dc51d8eca,4411494.90613892,-425082.019296756
3323,147,DAGORETTI APPROVED SCHOOL DISP,62,NAIROBI,NAIROBI,DAGORETTI,UTHIRU/RUTHIMITU,RUTHIMITU,GPS,9,MOH,-1.264086,36.697883,77d086bf-798d-42f0-9500-1c4f018e1be5,4085189.64875114,-140728.826981175
3324,66,GATEWAYS CLINIC,0,CENTRAL,MURANGA,KANGEMA,MUGURU,GAKIRA,GPS,6,PRIV,-0.68869,36.96987,ba4ac8d0-2bf1-4e2d-90ab-970a49682fd5,4115467.10309353,-76666.4662420084
3325,89,PERANI MEDICAL CLINIC,2901,COAST,KWALE,MSAMBWENI,LUNGA LUNGA,SEGA(KWALE),GPS,6,PRIV,-4.52233,39.1784,b978ce5d-a470-4b3b-bf8b-123c02fc0062,4361319.5380952,-503946.999148293
3326,57,CHANDANI MED CLINIC,0,COAST,KILIFI,KALOLENI,KALOLENI,KALOLENI/VISH/TSAKA,AMKENI,6,PRIV,-3.813865,39.636912,568681c5-b670-46e2-8ff7-c56c54d58b27,4412360.8604578,-424871.381388859
3327,151,EMBAKASI GARRISON MED CENTRE,2620,NAIROBI,NAIROBI,EMBAKASI,EMBAKASI,EMBAKASI(NAIROBI),DISTRICT ESTIMATES,9,AF,-1.29115,36.96213,f181c69e-e5ad-4cb1-b8e5-6bc9129a2228,4114605.49023479,-143742.326877334
3328,90,RIZIKI MED CLINIC,0,COAST,KWALE,MSAMBWENI,PONGWE/KIDIMU,MZIZIMA,AMKENI,6,PRIV,-4.53568,39.372768,f04f2538-c7db-4daa-ab0f-b510b22ad36a,4382956.4848817,-505437.769302332
3329,0,GIKOE MED CLINIC,3401,CENTRAL,MURANGA,MATHIOYA,NJUMBI,NJUMBI,DHMT,6,PRIV,-0.63,36.95,3acb94ca-9d96-4d23-b4ae-9fdf6b4326a8,4113255.18481146,-70132.6924187676
3330,153,FORCES MEMORIAL HOSPITAL,150,NAIROBI,NAIROBI,DAGORETTI,KENYATTA/GOLF COURSE,GOLF COURSE,GPS,9,AF,-1.309481,36.803344,0c02690a-b9b8-4be9-bae0-8abfeebdff76,4096929.51356968,-145783.450092888
3331,67,GITAU'S CLINIC,0,CENTRAL,MURANGA,KIHARU,GATURI,NYAKIHAI,SUBLOC CENTROID,6,PRIV,-0.67157,37.149617,fd49b9a8-8656-4002-96a1-01c9ed7f72dd,4135476.44760514,-74760.5422732357
3332,58,CHIZI MEMORIAL CLINIC,0,COAST,KILIFI,CHONYI,CHASIMBA,CHASIMBA,AMKENI,6,PRIV,-3.746783,39.686275,db91ba08-bb51-4858-9208-69521126b762,4417855.92448183,-417387.563351252
3333,91,SHIMONI MED CLINIC,0,COAST,KWALE,MSAMBWENI,PONGWE/KIDIMU,SHIMONI,AMKENI,6,PRIV,-4.635265,39.380283,11521a3d-16c7-4363-8227-c324df4c6a57,4383793.05085502,-516559.119635002
3334,59,CHOME'S I CLINIC MTONDIA,0,COAST,KILIFI,BAHARI,TEZO,MTONDIA/MAJAONI,KEMRI-KILIFI PROJECT,6,PRIV,-3.56819,39.8845,c17a00f8-1d0b-4f0b-8a46-7e85d5c5c168,4439922.23054433,-397466.097906309
3335,155,GITATHURU APPROVED SCHOOL DISP,78,NAIROBI,NAIROBI,WESTLANDS,KITISURU,KITISURU,GPS,9,MOH,-1.23608,36.73088,4931a122-8840-4101-a2bf-27fa6a16cd61,4088862.85798884,-137610.471108151
3336,0,GITHIGA MED CLINIC,0,CENTRAL,MURANGA,KANGEMA,KANYENYAINI,GITHIGA(MURANGA),DHMT,6,PRIV,-0.71,36.94,71bd32d5-82f7-4331-b8f1-6d4b66716212,4112141.98990353,-79038.8613259612
3337,92,ST JOSEPH MED CLINIC,0,COAST,KWALE,MSAMBWENI,MWERENI,MWENA,AMKENI,6,PRIV,-4.449425,39.127448,39023e47-df21-4cfa-9d12-385b2eb403d7,4355647.5874003,-495806.313285624
3338,157,GSU HEADQUARTERS HEALTH CENTRE,74,NAIROBI,NAIROBI,KASARANI,ROYSAMBU,GARDEN,GPS,9,OTHER MIN,-1.24233,36.86556,aedd6a0e-02fe-4616-9d8d-db04b2d39f0c,4103855.36700888,-138306.380685672
3339,60,CHOME'S II CLINIC,0,COAST,KILIFI,BAHARI,NGERENYA,EZAMOYO,KEMRI-KILIFI PROJECT,6,PRIV,-3.53556,39.8428,3c47f040-9c34-489f-8f81-34aa567122c9,4435280.20777825,-393826.75211341
3340,93,TAWAKAL MEDICAL CLINIC,0,COAST,KWALE,MSAMBWENI,KINGWEDE/SHIRAZ,SHIRAZI,GPS,6,PRIV,-4.52131,39.4043,7db992c6-1954-4e78-a32b-ed290034e90b,4386466.61106539,-503833.098739199
3341,68,GITUGI MEDICAL CLINIC,0,CENTRAL,MURANGA,MATHIOYA,GITUGI,GITUGI(MURANGA),DHMT,6,PRIV,-0.65,37.03,be602e7e-09de-47b9-9e9e-43e555bf0e76,4122160.74407492,-72359.2211479353
3342,61,CHUMANI CLINIC,2916,COAST,KILIFI,BAHARI,ROKA,CHUMANI,KEMRI-KILIFI PROJECT,6,PRIV,-3.46643,39.9148,5a8b4bc3-e033-496d-ac1d-24a9e1fdd705,4443295.21111536,-386116.846541576
3343,158,GSU HQ MCH / FO CLINIC,2622,NAIROBI,NAIROBI,KASARANI,ROYSAMBU,GARDEN,GPS,9,OTHER MIN,-1.24233,36.86556,d637c061-bf67-406f-a63f-8a32f9543011,4103855.36700888,-138306.380685672
3344,94,TSIMBA MEDICAL CLINIC,0,COAST,KWALE,MATUGA,GOLINI,GOLINI,GPS,6,PRIV,-4.17292,39.4508,a19c02c0-56b5-4fdd-b34a-f3688efcbb0d,4391642.96738729,-464938.546742796
3345,62,CITIZEN MED CLINIC,0,COAST,KILIFI,KALOLENI,RABAI,MAZERAS/MUGUMO PATSA,AMKENI,6,PRIV,-3.962407,39.547982,03b4dffa-f50a-4787-ad17-5f7fd2a968a0,4402461.21814155,-441445.15303307
3346,0,GLORY MED CLINIC,0,CENTRAL,MURANGA,KAHURO,KAHUHIA,MUKANGU(MURANGA),DHMT,6,PRIV,-0.72,37.07,4c10139a-1fff-4acc-92f0-263eccb75315,4126613.52370666,-80152.1429187612
3347,0,UKUNDA HEALTH CARE CLINIC,2896,COAST,KWALE,MSAMBWENI,DIANI,UKUNDA,GPS,6,PRIV,-4.28446,39.5652,97f65578-a6d3-4b41-94c5-2b5f22d127f1,4404377.91713403,-477389.018906476
3348,159,GSU KIBERA HEALTH CENTRE,3332,NAIROBI,NAIROBI,DAGORETTI,KENYATTA/GOLF COURSE,GOLF COURSE,GPS,9,OTHER MIN,-1.30333,36.78916,5c6d3c83-7c84-4196-8d63-730e24f62437,4095350.55791227,-145098.545875275
3349,63,COBA DEVELOPMENT AGENCY,0,COAST,KILIFI,CHONYI,CHASIMBA,KITSOENI,AMKENI,6,PRIV,-3.701427,39.71526,5d906cc8-6fa2-405d-b27e-666e336e3fab,4421082.51992247,-412327.872251328
3350,0,HEALTHSCOPE MED CLINIC,0,CENTRAL,MURANGA,KIHARU,MBIRI,MARAGI,DHMT,6,PRIV,-0.73,37.12,8e1e59c6-a2e4-4cd3-b1bf-22a918b97645,4132179.49824632,-81265.4269533943
3351,96,UKUNDA MEDICAL CENTRE,0,COAST,KWALE,MSAMBWENI,DIANI,UKUNDA,GPS,6,PRIV,-4.28177,39.5649,f29a3ad0-3a4d-4bf1-9a05-521ae914499d,4404344.5212868,-477088.730827571
3352,160,GSU TRAINING HEALTH CENTRE(EMBAKASI),76,NAIROBI,NAIROBI,EMBAKASI,EMBAKASI,MIHANGO,GPS,9,OTHER MIN,-1.29032,36.95309,97c5c9a7-df92-4db9-a9ab-337907895af2,4113599.16203801,-143649.908250124
3353,69,DR. J F AHLUWALIA,0,COAST,KILIFI,KALOLENI,RURUMA,JIMBA(KILIFI),AMKENI,6,PRIV,-3.864592,39.57408,aee8b264-e0e0-43bc-aacc-a610955ad059,4405366.43421228,-430530.986336444
3354,97,UMOJA HEALTH CLINIC,0,COAST,KWALE,MSAMBWENI,DIANI,GOMBATO,GPS,6,PRIV,-4.27569,39.5647,f01ee71a-4bbf-403e-940f-d4f19f0ad89c,4404322.25738864,-476410.016678533
3355,0,HIGHWAY MED CLINIC,0,CENTRAL,MURANGA,KIHARU,TOWNSHIP,KARURI(MURANGA),DHMT,6,PRIV,-0.72,37.16,9153e492-5b28-4e49-a42e-0daa23a5d9f6,4136632.27787805,-80152.1429187612
3356,162,JKIA HEALTH CENTRE,82,NAIROBI,NAIROBI,EMBAKASI,EMBAKASI,EMBAKASI(NAIROBI),1:50000 MAPS,9,OTHER MIN,-1.32297,36.91081,bd521c78-b81e-4b5d-90de-f3cf3ca6308f,4108892.57396727,-147285.435014733
3357,71,DZITSONI MEDICAL CLINIC,2915,COAST,KILIFI,GANZE,JARIBUNI,CHIVARA,KEMRI-KILIFI PROJECT,6,PRIV,-3.68593,39.7027,fbd5a0c7-f3f6-4d11-b3a5-9db40d4cd5c4,4419684.34711811,-410599.1631052
3358,98,VUGA MEDICAL CLINIC,0,COAST,KWALE,MATUGA,TSIMBA,KUNDUTSI,GPS,6,PRIV,-4.18439,39.5042,cd6ccb5c-ad83-45a9-b2e6-e808e17bc3e5,4397587.42819564,-466218.784570532
3359,0,IMANI MED CLINIC,0,CENTRAL,MURANGA,KIHARU,GATURI,GAKUYU(MURANGA),DHMT,6,PRIV,-0.65,37.09,f1406985-a5e4-45b8-b62b-e6ef92aa039a,4128839.91352252,-72359.2211479353
3360,163,K P & L CO. DISP,94,NAIROBI,NAIROBI,CENTRAL,NGARA,NGARA WEST,DISTRICT ESTIMATES,9,OTHER MIN,-1.27113,36.82,91ec60e6-b8be-4068-be3a-91ee859cadd1,4098783.65100834,-141513.153418501
3361,72,FUNDI PRIVATE CLINIC,0,COAST,KILIFI,CHONYI,MWARAKAYA,KIZINGO(KILIFI),KEMRI-KILIFI PROJECT,6,PRIV,-3.78484,39.6844,14bff51c-2db3-4cbd-99a3-5410a18eef56,4417647.20043659,-421633.216350274
3362,0,JAMII MED CLINIC,0,CENTRAL,MURANGA,KAHURO,MUGOIRI,KAHURO,DHMT,6,PRIV,-0.75,37,3c6f0693-4587-4a9e-b72f-486118b768d0,4118821.15935113,-83492.0024838433
3363,35,LAMU CLINIC,2509,COAST,LAMU,AMU,MKOMANI,MKOMANI(LAMU),ILRI MKT CENTRE,6,PRIV,-2.263034,40.888344,fbb32b18-51b5-4fc3-971a-b4f4033e070f,4551669.63346021,-251985.319085875
3364,73,FURAHA DISP,3607,COAST,KILIFI,ARABUKO SOKOKE,ARABUKO SOKOKE,ARABUKO SOKOKE FORES,ILRI VILLAGES,4,PRIV,-3.48,39.82,2b422ec5-49b9-413e-81a2-daa004ae4cc4,4432742.12338816,-387630.231777741
3365,164,K P & T C  (NAIROBI) DISP,2639,NAIROBI,NAIROBI,CENTRAL,STAREHE,CITY SQUARE,DISTRICT ESTIMATES,9,OTHER MIN,-1.28312,36.82111,ce76db44-e3e9-4759-8f4a-ce0126adf16d,4098907.21564312,-142848.205759331
3366,36,MPEKETONI CLINIC,2868,COAST,LAMU,MPEKETONI,MPEKETONI,CENTRAL(LAMU),1:50000 MAPS,6,PRIV,-2.387387,40.693694,b5cf97de-021c-49fd-abf5-5130e515d04c,4530001.2945773,-265839.641543252
3367,0,JAMII MED CLINIC,0,CENTRAL,MURANGA,KANGEMA,KANYENYAINI,KANYENYAINI,DHMT,6,PRIV,-0.69,36.89,bf04377d-5b9d-4bd0-ad0e-486b9e43ecc3,4106576.01536387,-76812.3053301553
3368,165,K.C.C.T MBAGATHI HEALTH CENTRE,105,NAIROBI,NAIROBI,KIBERA,MUGUMOINI,BOMAS,GPS,9,OTHER MIN,-1.37939,36.76982,db713b20-7776-4e32-8552-99319cc13add,4093197.63896033,-153567.827791336
3369,37,MPEKETONI HEALTH SERVICES,4134,COAST,LAMU,MPEKETONI,MPEKETONI,CENTRAL(LAMU),1:50000 MAPS,6,PRIV,-2.384234,40.69819,855fc47c-c7ab-44e0-9f55-a4243e3fe30d,4530501.78700791,-265488.346675845
3370,0,JEKAM MED CLINIC,0,CENTRAL,MURANGA,KIHARU,TOWNSHIP,KARURI(MURANGA),DHMT,6,PRIV,-0.72,37.16,9daf9eed-7ef8-40b6-a2a6-947074a49967,4136632.27787805,-80152.1429187612
3371,38,MVITA CLINIC,3646,COAST,LAMU,MPEKETONI,MAPENYA,MAPENYA,ILRI VILLAGES,6,PRIV,-2.35,40.7,3da95946-70be-4785-ac47-81066b62ad66,4530703.27528624,-261674.180538171
3372,166,KABETE APPROVED SCHOOL DISP,87,NAIROBI,NAIROBI,WESTLANDS,KITISURU,KITISURU,GPS,9,MOH,-1.23608,36.73088,dbeadf66-9d5f-46ae-9e86-a12bde2dd97c,4088862.85798884,-137610.471108151
3373,0,JIRANI MED CLINIC,0,CENTRAL,MURANGA,KIHARU,TOWNSHIP,KARURI(MURANGA),DHMT,6,PRIV,-0.72,37.16,cb45a9bb-ce3b-486e-9a18-d4e2529ff3ec,4136632.27787805,-80152.1429187612
3374,74,GAMBIO MED CLINIC,0,COAST,KILIFI,BAHARI,KILIFI TOWNSHIP,HOSPITAL(KILIFI),AMKENI,6,PRIV,-3.608423,39.855635,001c1c42-4521-4904-b402-572fabb426ae,4436708.99344258,-401953.612743714
3375,35,ADC DANISA DISP,522,COAST,MALINDI,MALINDI,CHAKAMA,KISIKI CHA WANGIRIAM,AMKENI,4,PRIV,-3.065642,39.330267,abb93a8e-27a2-429f-b592-83c513962355,4378225.2952035,-341428.654751013
3376,167,KABETE JUVENILE REMAND HOME DISP,88,NAIROBI,NAIROBI,WESTLANDS,KITISURU,KITISURU,GPS,9,MOH,-1.23679,36.73658,35d5397e-260e-42d0-a51e-ad5c436440a8,4089497.37908636,-137689.526353533
3377,0,KAHATIA MED CLINIC,0,CENTRAL,MURANGA,KAHURO,MURARANDIA,THEIR,DHMT,6,PRIV,-0.72,36.94,66e56853-6fda-42d0-b3b8-3e49957d8d8a,4112141.98990353,-80152.1429187612
3378,75,HURUMA MED CENTRE,4665,COAST,KILIFI,BAMBA,BAMBA,PAZIANI(KILIFI),AMKENI,6,PRIV,-3.539288,39.524357,f9ddb357-86f1-431d-b28a-7f806a97254a,4399831.29517157,-394242.543377968
3379,169,KAMITI G.K. PRISON HOSPITAL,156,NAIROBI,NAIROBI,KASARANI,KAHAWA,KAHAWA WEST/JUJA K,GPS,9,MOH,-1.17611,36.89343,3f6ac107-1691-4536-8c4f-fb45ef87578d,4106957.84121729,-130933.16158241
3380,39,BAKHITA CENTRE,0,COAST,MALINDI,MALINDI,WATAMU,CHEMBE KIBABA MUCHE,AMKENI,6,PRIV,-3.29077,40.061305,68eb83d4-9ef1-4fc6-9e1b-b5bf074b9045,4459604.07311403,-366528.410597855
3381,0,KAHURO MED CLINIC,0,CENTRAL,MURANGA,KAHURO,MUGOIRI,KAHURO,DHMT,6,PRIV,-0.75,37,851721e5-349c-4d62-89c9-3893422e7860,4118821.15935113,-83492.0024838433
3382,171,KENYA AIR FORCE EASTLEIGH MEDICAL CENTRE,0,NAIROBI,NAIROBI,CENTRAL,MATHARE,MLANGO KUBWA,GPS,9,AF,-1.2625,36.85846,c7a1257a-8999-4f9e-afe6-16297dc87f15,4103064.99862425,-140552.231345252
3383,76,IMMAM ALI BIN ABUTALIB CLINIC,0,COAST,KILIFI,KALOLENI,RURUMA,MIYUNI,AMKENI,6,PRIV,-3.867902,39.576807,1c820bb3-a020-4dc5-ade8-1e17051771ee,4405670.00246367,-430900.294331913
3384,42,COWDRAY COMMUNITY CLINIC,0,COAST,MALINDI,MALINDI,WATAMU,CHEMBE KIBABA MUCHE,AMKENI,6,PRIV,-3.28855,40.076602,d15fd75a-06b5-4630-a2bd-9a709f1a48e2,4461306.92736469,-366280.873433756
3385,0,KAHUTI DISP,0,CENTRAL,MURANGA,KAHURO,WEITHAGA,KAHUTI,DHMT,6,PRIV,-0.72,36.98,ac0ec420-1a49-4256-b1cb-1bdb454d9319,4116594.76953527,-80152.1429187612
3386,77,JAH GLORY MED CLINIC,0,COAST,KILIFI,CHONYI,ZIANI,ZIANI,AMKENI,6,PRIV,-3.757538,39.726557,b2a1b473-ec2f-4618-9574-a0f2b12d019c,4422340.09620997,-418587.376328034
3387,0,DABASO MEDICAL CLINIC,0,COAST,MALINDI,MALINDI,GEDE,DABASO,DHMT,6,PRIV,-3.303256,39.999798,71dc1be1-6b39-4fa4-93fd-a87ed67d81b6,4452757.14519381,-367920.650175006
3388,177,KENYA PIPELINE STAFF CLINIC,2638,NAIROBI,NAIROBI,EMBAKASI,MUKURU KWA NJENGA,MUKURU KWA NJENGA,GPS,9,OTHER MIN,-1.3155,36.89424,8263bb97-f2af-4931-b29c-51312e98cd55,4107048.01000483,-146453.657944197
3389,0,KAIRO MED CLINIC,0,CENTRAL,MURANGA,MATHIOYA,KIRU,KIAMBUTHIA,DHMT,6,PRIV,-0.61,36.91,e3d2f8bc-a66e-494a-a7ed-71ef7de31e3e,4108802.40517973,-67906.1722357514
3390,79,KALOLENI HEALTH CENTRE,0,COAST,KILIFI,KALOLENI,KALOLENI,KALOLENI/VISH/TSAKA,ILRI MKT CENTRE,3,PRIV,-3.810436,39.633301,da4031e8-b67b-42a3-9734-2ed0dc1984f4,4411958.88577655,-424488.820397126
3391,178,KENYATTA UNIVERSITY CLINIC,95,NAIROBI,NAIROBI,KASARANI,KAHAWA,KIWANJA,DISTRICT ESTIMATES,9,OTHER MIN,-1.17123,36.93214,441b0c43-3672-4ec5-af24-499e77e9bf1c,4111267.0187059,-130389.808472726
3392,69,KAMACHARIA MEDICAL CLINIC,3411,CENTRAL,MURANGA,MATHIOYA,KAMACHARIA,KAMACHARIA,SUBLOC CENTROID,6,PRIV,-0.595117,36.978731,1e51a8de-30b8-4c1c-a7e1-af3f81913819,4116453.50510144,-66249.3126265366
3393,181,LANGATA WOMENS PRISONS HEALTH CENTRE,97,NAIROBI,NAIROBI,KIBERA,MUGUMOINI,BOMAS,GPS,9,MOH,-1.31862,36.77503,0384a3a5-08dc-4de8-ab9b-c7542f1f9305,4093777.61350737,-146801.066537472
3394,80,KALOLENI MEDICAL CLINIC,2939,COAST,KILIFI,CHONYI,BANDA RA SALAMA,MWEMBE KATI,AMKENI,6,PRIV,-3.780472,39.705485,cf57977b-cb59-4279-8369-7fd90a8c13e2,4419994.37189997,-421145.911212498
3395,70,KAMUNE MEDICAL CLINIC,0,CENTRAL,MURANGA,MATHIOYA,KAMACHARIA,KAMUNE,SUBLOC CENTROID,6,PRIV,-0.592145,37.001939,d73a6958-c0ed-4c86-b9e8-bef82e5d6077,4119037.00784378,-65918.4533417285
3396,182,MATHARE POLICE DEPARTMENT CLINIC,104,NAIROBI,NAIROBI,KASARANI,ROYSAMBU,GARDEN,SUBLOC CENTROID,9,OTHER MIN,-1.256133,36.849069,304e2ebc-86e6-43d6-9278-d3d21b0c75b4,4102019.59728621,-139843.288913794
3397,71,KANGEMA FAMILY HEALTH CLINIC,0,CENTRAL,MURANGA,KANGEMA,MUGURU,GAKIRA,GPS,6,PRIV,-0.68955,36.95614,05d9835d-9b00-4227-a7f2-89b9ae287ec8,4113938.68648494,-76762.2079289392
3398,188,MOPW (SUPPLIES BRANCH) CLINIC,100,NAIROBI,NAIROBI,MAKADARA,VIWANDANI,LANDI MAWE,GPS,9,OTHER MIN,-1.29911,36.83028,21762625-b1d5-4c27-a871-177b8d726643,4099928.0153737,-144628.656451759
3399,72,KANGEMA MEDICAL CLINIC,0,CENTRAL,MURANGA,KANGEMA,MUGURU,GAKIRA,GPS,6,PRIV,-0.68423,36.97075,917a89d0-e319-4023-8933-c114aefc4202,4115565.06424543,-76169.9456770834
3400,0,KANYENYAINI MED CLINIC,0,CENTRAL,MURANGA,KANGEMA,KANYENYAINI,KANYENYAINI,DHMT,6,PRIV,-0.68,36.89,c002806f-286c-45b8-bd90-d987441bb7aa,4106576.01536387,-75699.0308593095
3401,75,VOI MEDICAL CLINIC,0,COAST,TAITA TAVETA,TSAVO N. PARK,TSAVO N. PARK,TSAVO N. PARK,ILRI VILLAGES,6,PRIV,-3.35,38.57,519cb402-b92d-4338-8d93-ac25b0554607,4293592.75989657,-373132.951554406
3402,76,VOI MEDICARE HEALTH SERVICES,3919,COAST,TAITA TAVETA,VOI,VOI,KALOLENI(TAVETA),ILRI TOWNS,6,PRIV,-3.397617,38.567936,216c7049-d3e8-409f-b476-2264815ad053,4293362.99646757,-378442.854843778
3403,45,DR D Z SHAUDIA CLINIC,2921,COAST,MALINDI,MALINDI,MALINDI,BARANI,DHMT,6,PRIV,-3.213453,40.100912,7f987d67-ae0e-4040-86e9-dbc8a98f7b17,4464013.10418588,-357907.637811207
3404,0,DR DOSAJEE CLINIC,0,COAST,MALINDI,MALINDI,GANDA,GANDA,DHMT,6,PRIV,-3.210207,40.077661,b2efdc73-d390-4fc3-8536-15b9b8786315,4461424.81470544,-357545.72625964
3405,70,GARSEN MEDICAL CLINIC,2876,COAST,TANA RIVER,GARSEN,BILISA,CHIRA,ILRI MKT CENTRE,6,PRIV,-2.274546,40.115276,d781e432-16af-4bf7-a3ad-ebb39e496ef0,4465612.09735163,-253267.834420387
3406,85,MOKONG TEA DISP,3931,RIFT VALLEY,NANDI,NANDI HILLS,NANDI HILLS,KIPSAMOO,ILRI VILLAGES,9,PRIV,0.12,35.18,153d19be-1c0d-4b39-9f38-666f8d65ef04,3916219.68610737,13358.3486612477
3407,73,OGADA CHRISTIAN CLINIC AND MATERNITY HOME,0,NYANZA,MIGORI,URIRI,EAST KANYAMKAGO,THIM JOPE,ILRI VILLAGES,7,MISS,-1.03,34.58,e7316db8-1072-403e-a17f-56a646f2178c,3849427.9916314,-114665.251718611
3408,0,DR ODHIAMBO SURGERY CLINIC,0,COAST,MALINDI,MALINDI,MALINDI,CENTRAL(MALINDI),DHMT,6,PRIV,-3.209438,40.107073,6e1b2245-9e14-4446-8527-4e07e2acb5f8,4464698.94356866,-357459.987061831
3409,72,LAZA CLINIC,0,COAST,TANA RIVER,BURA,CHEWELE,WADESA,ILRI VILLAGES,6,PRIV,-1.05,39.88,0757f580-ef9b-4959-a076-a692ca41d7ac,4439421.29283576,-116892.008365148
3410,46,DR P A GADI CLINIC,2919,COAST,MALINDI,MALINDI,MALINDI,CENTRAL(MALINDI),DHMT,6,PRIV,-3.212389,40.104967,3afb3c60-451d-4fbc-98e9-bf568999dbf8,4464464.50472105,-357789.007403829
3411,86,MOSORIOT TTC DISP,2157,RIFT VALLEY,NANDI,KOSIRAI,MUTWOT,MOSORIOT,SUBLOC CENTROID,9,OTHER MIN,0.30451,35.171435,dd4763fd-8b38-4ff3-b1c3-47b9446e66f0,3915266.23466872,33898.057722927
3412,76,OPAPO NURSING AND MATERNITY HOME,0,NYANZA,MIGORI,RONGO,EAST KAMAGAMBO,KANYADIETO,DDP,7,PRIV,-0.709645,34.5447,639651c9-91b3-4d48-9768-b7511d8b97c0,3845498.4136064,-78999.3398738729
3413,73,SERA DISP,2505,COAST,TANA RIVER,GARSEN,MWINA,SERA,DANIDA,4,PRIV,-2.12832,40.12466,b0b89800-3aeb-455c-b36d-24a124772445,4466656.71945324,-236978.003516968
3414,52,DR. MUSTAFA R KIMANI'S CLINIC,0,COAST,MALINDI,MALINDI,MALINDI,BARANI,DHMT,6,PRIV,-3.215341,40.104123,dae74755-35f4-48d0-b161-b790d6d769f3,4464370.55107082,-358118.140191945
3415,87,NANDI TEA ESTATE DISP,2074,RIFT VALLEY,NANDI,NANDI HILLS,KAPLELMET,KETBARAK,ILRI VILLAGES,9,PRIV,0.1,35.18,5b5cce5d-bd3d-4e54-9591-69b09d266eff,3916219.68610737,11131.9547309754
3416,77,ORUBA NURSING AND MATERNITY HOME,3325,NYANZA,MIGORI,SUBA EAST,SUNA RAGANA,ORUBA,SUBLOC CENTROID,7,PRIV,-1.069088,34.45343,f218dd55-cc23-48a3-bffe-65b3900dc356,3835338.2836817,-119017.238191259
3417,74,SHAKABABO -IDSOWE CLINIC,0,COAST,TANA RIVER,GARSEN,SHIRIKISHO,IDSOWE,ILRI VILLAGES,6,PRIV,-2.3,40.12,8ca2f817-7acf-4ed8-bd66-c11ca383afe1,4466137.97062614,-256103.62007578
3418,56,DR.YUNUS B. GULAMHUSEIN'S CLINIC,0,COAST,MALINDI,MALINDI,MALINDI,BARANI,AMKENI,6,PRIV,-3.215035,40.1175,e625643c-98d8-41f6-bb32-c31cc5ba674a,4465859.67189916,-358084.022724543
3419,88,OGIRGIR TEA ESTATE DISP,2076,RIFT VALLEY,NANDI,KILIBWONI,KOILOT,KOILOT,DHMT,9,PRIV,0.195411,35.316384,d6168cbb-57b0-47c9-b6af-6498217188ac,3931401.88353972,21753.095187289
3420,78,RAPOGI COMMUNITY AND NURSING HOME,0,NYANZA,MIGORI,URIRI,NORTH KANYAMKAGO,KATIENO I,1:50000 MAPS,7,PRIV,-0.91036,34.47207,34afd094-2e8b-4584-a407-4e19fc05a6db,3837413.27899009,-101345.075878253
3421,75,SHAKABABO -TARASAA CLINIC,0,COAST,TANA RIVER,GARSEN,SHIRIKISHO,DALU,ILRI VILLAGES,6,PRIV,-2.43,40.02,42b25ecc-59e3-4c3c-b56e-860bd9ac0b24,4455006.02154681,-270587.494008937
3422,0,EGAN MEDICAL CLINIC,0,COAST,MALINDI,MALINDI,MALINDI,CENTRAL(MALINDI),DHMT,6,PRIV,-3.209017,40.088528,fe9d8d18-e101-4970-9440-a39fe1e806f9,4462634.5236119,-357413.047944458
3423,89,SAVANI TEA ESTATE DISP,2077,RIFT VALLEY,NANDI,NANDI HILLS,CHEPSIRE,CHEPSIRE,ILRI VILLAGES,9,PRIV,0.05,35.1,d9cba562-13dc-4b01-94d7-01ac811c6dfd,3907314.12684391,5565.97524612754
3424,79,RINYA NURSING AND MATERNITY  HOME,0,NYANZA,MIGORI,RONGO,CENTRAL KAMAGAMBO,KODERO BARA,ILRI VILLAGES,7,PRIV,-0.77,34.6,3cb287c4-c27c-4bcf-8f20-b8ee3218d954,3851654.38144727,-85718.588188704
3425,93,DANIEL GIRURA KIARA CLINIC,3708,EASTERN,CENTRAL MERU,ABOTHUGUCHI WEST,KITHIRUNE EAST,NDURUMA,DHMT,6,PRIV,-0.018818,37.611343,12e9ec68-fbf1-4700-a03e-ac4bed9392f9,4186875.55081116,-2094.81021540479
3426,0,FAITH MEDICAL CLINIC,0,COAST,MALINDI,MALINDI,MALINDI,BARANI,DHMT,6,PRIV,-3.225874,40.095885,97bfa87b-49d1-42ec-bdc5-c72feac407d7,4463453.50110566,-359292.52318438
3427,90,SEPTON TEA ESTATE DISP,2078,RIFT VALLEY,NANDI,NANDI HILLS,CHEPTILILIK,KAPTIEN(NANDI),ILRI VILLAGES,9,PRIV,0.12,35.2,a0b0a445-e283-4045-9ba4-f056fe426c3d,3918446.07592323,13358.3486612477
3428,83,SORI LAKESIDE NURSING HOME,3330,NYANZA,MIGORI,KARUNGU,WEST KARUNGU,SORI,SUBLOC CENTROID,7,PRIV,-0.809121,34.15518,a766566e-d83b-4a40-b2c4-6033f0ccadfc,3802137.24555261,-90073.9316065391
3429,94,DORJOS HEALTH SERVICES,0,EASTERN,CENTRAL MERU,MIRIGA MIERU WEST,NTIMA,TUNTU,ILRI MKT CENTRE,6,PRIV,0.049779,37.651071,4b88807a-d7a3-42d0-aee4-3d2ce69636cf,4191298.0515414,5541.37362933337
3430,92,TINDERET TEA ESTATE DISP,2085,RIFT VALLEY,NANDI,TINDERET,TINDERET,TINDERET,SUBLOC CENTROID,9,MOH,-0.071389,35.339213,9adbaeff-6702-46b1-93e2-46848229a279,3933943.19619504,-7946.98918445216
3431,42,BOYA RURAL NURSING HOME,0,NYANZA,NYANDO,MIWANI,OMBEYI,AHERO IRRIG. SCHEME,SUBLOC CENTROID,7,PRIV,-0.144317,34.939922,08e2e19c-21e0-4485-9e08-69882ad58a7f,3889494.3253967,-16065.3119402448
3432,95,DR. MBURUGU FI'S CLINIC,0,EASTERN,CENTRAL MERU,NKUENE,NKUENE,KATHERA(CMERU),ILRI MKT CENTRE,6,PRIV,-0.062288,37.663113,04f5d532-4b34-4484-ab78-6db9b74f5966,4192638.56084953,-6933.86980833147
3433,66,GK PRISON DISP (NAROK),1800,RIFT VALLEY,NAROK,CENTRAL,LOWER MELILI,NAROK TOWN,1:50000 MAPS,9,OTHER MIN,-1.07772,35.8397,8dc1efc0-c639-417c-a82e-0d8a1a1f8502,3989657.15418369,-119978.316690953
3434,44,KORU NURSING HOME,1335,NYANZA,NYANDO,MUHORONI,KORU,KORU,DDP,7,PRIV,-0.179882,35.2812,6e3abb8f-ed4c-4314-a125-058ef6b7fe5c,3927485.21857565,-20024.4055385543
3435,67,MARA SERENA DISP,4448,RIFT VALLEY,NAROK,MARA,KOYAKI,SEKENANI,HD MAPS,9,PRIV,-1.47849,35.1557,2ba00048-3882-48e1-b9a8-710d5e938ae9,3913514.62248109,-164603.022412865
3436,45,MIWANI NURSING HOME,1337,NYANZA,NYANDO,MIWANI,N.E KANO,KABAR CENTRAL,DDP,7,PRIV,-0.08547,34.988,b0d23374-86a8-485b-9a59-177d6ab94508,3894846.34387506,-9514.48040680428
3437,96,DR. MUTHURI CLINIC,3693,EASTERN,CENTRAL MERU,MIRIGA MIERU WEST,MUNICIPALITY,TOWNSHIP(MERU C),DHMT,6,PRIV,0.05604,37.645372,83dffe73-dcb0-4608-8a3e-26d307547786,4190663.64176337,6238.34525870837
3438,57,FAMILY MEDICARE CENTRE,0,COAST,MALINDI,MALINDI,WATAMU,JIMBA(MALINDI),AMKENI,6,PRIV,-3.321962,40.01673,2cb32fd5-dadf-49ef-b8bd-afd732faf3b1,4454642.00681192,-370006.477737457
3439,46,MUHORONI MAT & NURSING HOME,3904,NYANZA,NYANDO,MUHORONI,MUHORONI,MUHORONI EAST,1:50000 MAPS,7,PRIV,-0.15225,35.19864,9b055e3d-f1d5-4133-b834-48f2e8376b1e,3918294.68141576,-16948.4124188789
3440,98,DR. NG'ONDU'S CLINIC,3689,EASTERN,CENTRAL MERU,MIRIGA MIERU WEST,MUNICIPALITY,TOWNSHIP(MERU C),DHMT,6,PRIV,0.055195,37.646579,725df52c-26f3-42f6-87a1-02eedb4959c1,4190798.00438875,6144.28024466612
3441,190,NAIROBI JUVENILE DISP,3339,NAIROBI,NAIROBI,KIBERA,LANGATA,LANGATA,SUBLOC CENTROID,9,MOH,-1.312203,36.760619,73f6b86c-175d-4bc5-a0b2-d523975262db,4092173.38832555,-146086.54106627
3442,68,NAROK HIGH SCHOOL DISP,3454,RIFT VALLEY,NAROK,CENTRAL,LOWER MELILI,NAROK TOWN,ILRI VILLAGES,9,OTHER MIN,-1.08,35.87,439dd172-0f9d-4851-8ded-78fbecb99477,3993030.13475473,-120232.170131288
3443,101,GADHI'S CLINIC,3686,EASTERN,CENTRAL MERU,MIRIGA MIERU WEST,MUNICIPALITY,TOWNSHIP(MERU C),DHMT,6,PRIV,0.052659,37.650323,f292cf1d-b61d-4f61-aa03-a46eabca61b2,4191214.78456228,5861.97389095385
3444,69,NAROK TTC DISP,4407,RIFT VALLEY,NAROK,MAU,OLCHORRO,SIYAPEI,ILRI MKT CENTRE,9,OTHER MIN,-1.083419,35.955371,686d1567-0614-490e-b265-d3b810597502,4002533.59100324,-120612.839309586
3445,0,NYALUNGA NURSING HOME,0,NYANZA,NYANDO,LOWER NYAKACH,NYALUNYA,N. KABODHO,DHMT,7,PRIV,-0.297344,34.904532,338223f4-1146-4cea-bee7-d8338d1d362e,3885554.72861753,-33100.3312486521
3446,43,GK PRISON DISP (MARALAL),2110,RIFT VALLEY,SAMBURU,KIRISIA,MARALAL TOWN,MILIMANI(SAMBURU),GPS,9,OTHER MIN,1.09746,36.69148,caac1199-2be8-48f7-86bf-9ad36d9039b0,4084476.87005159,122176.159398618
3447,41,KABONDO NURSING HOME,3937,NYANZA,RACHUONYO,KABONDO,KASEWE,KASEWE 'A',ILRI VILLAGES,7,PRIV,-0.45,34.88,b1602744-5294-4477-8a11-3bb633ba5a69,3882823.83886939,-50094.285870847
3448,102,GAITU MEDICAL CLINIC,3711,EASTERN,CENTRAL MERU,ABOTHUGUCHI EAST,NDURUMA,GAITU,DHMT,6,PRIV,-0.007349,37.738404,5d2d034c-c3d9-49e2-810d-53de472fdcae,4201019.91663085,-818.086940080452
3449,44,PRESTIGE LODGE DISP (INTRAPIEDS),3057,RIFT VALLEY,SAMBURU,WASO,WASO WEST,LPUS LELUAI,DISTRICT ESTIMATES,9,PRIV,0.61,37.47012,4f48af3f-c620-40cc-85c7-8907098d5d4f,4171154.67836286,67906.1722357637
3450,42,KADONGO M N H,3650,NYANZA,RACHUONYO,KABONDO,KOWOUR,KOWIDI,HD MAPS,7,PRIV,-0.437715,34.8911,7d7ba2c9-0066-4036-bf7f-fe2e07a98be5,3884059.48521719,-48726.6848874508
3451,105,GATIMBI CLINIC,3709,EASTERN,CENTRAL MERU,ABOTHUGUCHI CENTRAL,KARIENE,KARIENE,DHMT,6,PRIV,-0.021597,37.660405,628ad0c2-28e7-4733-b65f-e4dfbda6a6a4,4192337.10766846,-2404.16709958645
3452,45,SAMBURU LODGE DISP,2113,RIFT VALLEY,SAMBURU,WASO,WASO WEST,LPUS LELUAI,DDP,9,PRIV,0.596475,37.4215,c0eb1b94-27a6-4ebc-a8f1-84f2e2a0d949,4165742.32472049,66400.4926685938
3453,44,MASOGO M N H,3430,NYANZA,RACHUONYO,KASIPUL,WEST KAMAGAK,KAMUMA,HD MAPS,7,PRIV,-0.50364,34.7059,2235b006-a727-45ac-8cd7-5c9ddaf7e383,3863443.11552228,-56065.6703539816
3454,83,E.N.T. CLINIC,3692,EASTERN,CENTRAL MERU,MIRIGA MIERU WEST,MUNICIPALITY,TOWNSHIP(MERU C),DHMT,8,PRIV,0.054229,37.648391,f70b750a-9475-4dab-83bb-35b6332bd870,4190999.71530607,6036.74556753096
3455,106,GIAKI CLINIC,3729,EASTERN,CENTRAL MERU,MIRIGA MIERU EAST,GIAKI,KAMBEREU,DHMT,6,PRIV,0.039499,37.761828,71a8c571-e89b-4dc3-ab7c-02f3fa4cdc42,4203627.46438318,4397.00891513097
3456,46,MARA SERENA LODGE DISP,1804,RIFT VALLEY,TRANS MARA,LOLGORIAN,OLORIEN,OLOLMONGI,HD MAPS,9,PRIV,-1.414,35.007,5ec2a631-928c-46d8-85fe-bd403975e833,3896961.41420014,-157421.740433637
3457,45,MATATA M N H,3294,NYANZA,RACHUONYO,KASIPUL,WEST KAMAGAK,OBISA,HD MAPS,7,PRIV,-0.48606,34.7514,cd0745d4-197e-4216-a1cc-30580ddfbfc6,3868508.15235337,-54108.6007061225
3458,60,GAMA MEDICAL CENTRE,0,COAST,MALINDI,MALINDI,MALINDI,SABAKI,DHMT,6,PRIV,-3.204595,40.108547,a68b4173-3d9c-4e1d-97eb-d74fc745f598,4464863.02849809,-356920.021138316
3459,191,NAIROBI MTC CLINIC,3348,NAIROBI,NAIROBI,KIBERA,LANGATA,LANGATA,SUBLOC CENTROID,9,OTHER MIN,-1.312203,36.767332,b3c65ebd-6664-4c87-a909-93d0fa747822,4092920.67606724,-146086.54106627
3460,84,FPAK CLINIC (IMENTI),2526,EASTERN,CENTRAL MERU,MIRIGA MIERU WEST,MUNICIPALITY,TOWNSHIP(MERU C),DSA/DFH(MOH)-UNFPA REPORT,8,NGO,0.052516,37.655,6a6b96a4-c1b8-47c0-84a6-d3f09c37a048,4191735.42582072,5846.0551970597
3461,107,GITHONGO MEDICAL CLINIC,3699,EASTERN,CENTRAL MERU,ABOTHUGUCHI WEST,GITHONGO EAST,MARATHI,DHMT,6,PRIV,-0.012179,37.617904,9cb92852-f4a7-457e-8469-c91aeaa9e70c,4187605.91799026,-1355.76008857615
3462,46,OKIKI AMAYO M N H,0,NYANZA,RACHUONYO,WEST KARACHUONYO,EAST KADHIMU,KAWITI,HD MAPS,7,PRIV,-0.42629,34.52,ee3ff0ba-06e7-41b2-9b0d-54ce725ee11a,3842748.82218381,-47454.8235508067
3463,55,CHERANGANY SEC SCHOOL DISP,4414,RIFT VALLEY,TRANS-NZOIA,CHERANGANY,CHERANGANY,NZOIA(TNZOIA),1:50000 MAPS,9,OTHER MIN,0.97792,35.22703,5888ee25-f087-4e94-9c74-72c13988e305,3921455.04175938,108866.842304531
3464,61,GEDE MEDICAL CLINIC,0,COAST,MALINDI,MALINDI,GEDE,DABASO,ILRI MKT CENTRE,6,PRIV,-3.325465,40.005875,f3a1b44c-2d5f-4669-9f7a-0930e23a9e8f,4453433.63373936,-370397.086954962
3465,85,FPAK CLINIC (MERU),2797,EASTERN,CENTRAL MERU,MIRIGA MIERU WEST,IGOKI,GACHANKA,ILRI MKT CENTRE,8,NGO,0.037086,37.6651,8bcdc468-1da7-449a-9a09-599091a19482,4192859.75267773,4128.39492383693
3466,192,NAIROBI REMAND & ALLOC. DISP,108,NAIROBI,NAIROBI,KIBERA,LANGATA,LANGATA,DISTRICT ESTIMATES,9,MOH,-1.31221,36.75112,940cb42b-6766-4183-ba79-f02eb339dd7e,4091115.9644825,-146087.320507109
3467,56,G.K FARM PRISON DISP (TRANSZOIA),1856,RIFT VALLEY,TRANS-NZOIA,CENTRAL,KIBOMET,BIDII,DISTRICT ESTIMATES,9,OTHER MIN,1.06214,35.0114,84ea8129-28d4-41f5-aad3-c99e31cfd4ec,3897451.21995962,118243.656580444
3468,109,HENRY MUGAMBI CLINIC,3705,EASTERN,CENTRAL MERU,ABOTHUGUCHI WEST,KIAMIOGO,MBURUGITI,DHMT,6,PRIV,0.098904,37.518895,ef6d93aa-065d-47ce-823e-7eb2b93513d1,4176584.2865263,11009.9483852743
3469,47,OYUGIS M N H,3434,NYANZA,RACHUONYO,KASIPUL,KOWIDI,KANYANGO(KOWIDI),HD MAPS,7,PRIV,-0.5267,34.7531,5266a044-1dcf-4552-8b7a-52211a9b43eb,3868697.39548772,-58632.80159881
3470,62,GONGONI MEDICAL CLINIC,0,COAST,MALINDI,MAGARINI,GONGONI,GONGONI,AMKENI,6,PRIV,-3.035998,40.13605,6a5566bb-ab9b-4ef0-b594-30b5e26720e3,4467924.64845338,-338124.016134608
3471,86,KIBIRICHIA MATERNITY HOME,1185,EASTERN,CENTRAL MERU,ABOTHUGUCHI WEST,KIAMIOGO,KIAMIOGO,DSA/DFH(MOH)-UNFPA REPORT,7,MISS,0.108237,37.5144,65dd4bcc-ac1f-4d05-9334-0f7962c6bc0e,4176083.90541519,12048.8948914154
3472,57,GK PRISON DISP(TRANSZOIA),2493,RIFT VALLEY,TRANS-NZOIA,CENTRAL,KIBOMET,MILIMANI(CENTRAL),DISTRICT ESTIMATES,9,OTHER MIN,0.99234,35.0221,486e4bec-cfb7-4def-9222-30ec002a8eec,3898642.33851112,110472.306668232
3473,193,NAIROBI WEST PRISON HEALTH CENTRE,3338,NAIROBI,NAIROBI,KIBERA,NAIROBI WEST,NAIROBI WEST,GPS,9,MOH,-1.3112,36.81505,5925294b-1384-486f-a8d4-a7ae1f369ff8,4098232.61952891,-145974.858351108
3474,115,JEMKA CLINIC,3701,EASTERN,CENTRAL MERU,ABOTHUGUCHI WEST,GITHONGO EAST,MARATHI,DHMT,6,PRIV,-0.013628,37.62225,9b3c9186-72f1-4a53-92bf-7ac034c88c6c,4188089.71249724,-1517.06203482755
3475,49,RUGA NURSING HOME,3653,NYANZA,RACHUONYO,WEST KARACHUONYO,KANAM A,KOGUTA(RACHU),ILRI VILLAGES,7,PRIV,-0.43,34.48,8f86971a-1f43-49d4-b6d1-d558d97f585c,3838296.04255208,-47867.8303925841
3476,63,JAMBO CLINIC & LABORATORY,0,COAST,MALINDI,MALINDI,MALINDI,BARANI,AMKENI,6,PRIV,-3.216962,40.11728,2a40b2b3-22e2-41d6-8443-d769a9f9e57c,4465835.18161118,-358298.873743931
3477,87,MAKUTANO M&N HOME,2726,EASTERN,CENTRAL MERU,MIRIGA MIERU WEST,MUNICIPALITY,KAAGA2,DSA/DFH(MOH)-UNFPA REPORT,7,PRIV,0.068346,37.6386,f652e203-cec5-415a-a04e-1386fd807758,4189909.78617171,7608.2437220821
3478,194,NAS DISP,109,NAIROBI,NAIROBI,EMBAKASI,EMBAKASI,EMBAKASI(NAIROBI),DISTRICT ESTIMATES,9,MOH,-1.30212,36.9401,412bb0dc-4a1f-4dc9-9a30-f1693d69d890,4112153.12185261,-144963.814467273
3479,125,KIROGINE CLINIC,3685,EASTERN,CENTRAL MERU,MIRIGA MIERU WEST,NTAKIRA,MAGUNDU,DHMT,6,PRIV,0.042397,37.638188,8a33c149-1a50-4b87-b12d-792d95fdff75,4189863.92254151,4719.61288187287
3480,58,GK REMAND PRISON DISP (TRANSNZOIA),2840,RIFT VALLEY,TRANS-NZOIA,CENTRAL,MUNICIPALITY,BONDENI(TNZOIA),DISTRICT ESTIMATES,9,OTHER MIN,1.03214,34.9921,8d5fbc7e-cf60-4636-b285-ce8e0808caec,3895302.75378731,114903.514007365
3481,31,JAMBO MEDICAL CLINIC,0,COAST,MALINDI,MALINDI,MALINDI,BARANI,AMKENI,6,PRIV,-3.221568,40.1047,75f2a383-0395-4d10-9eb2-fb4711679955,4464434.782417,-358812.42172899
3482,50,SORI CENTRE NURSING AND MATERNITY HOME,0,NYANZA,RACHUONYO,KABONDO,KOWOUR,KOWIDI,ILRI MKT CENTRE,7,PRIV,-0.444907,34.891528,78022868-5b0e-416d-9ac3-9842ba006c4c,3884107.12995925,-49527.3184147892
3483,88,MERU NURSING HOME,1171,EASTERN,CENTRAL MERU,MIRIGA MIERU WEST,MUNICIPALITY,KAAGA2,DSA/DFH(MOH)-UNFPA REPORT,7,PRIV,0.056948,37.6519,df59a7b1-a93c-4932-a662-a9790a8ee91e,4191390.33539926,6339.42340548269
3484,195,NCPD CLINIC,2668,NAIROBI,NAIROBI,MAKADARA,VIWANDANI,LANDI MAWE,GPS,9,OTHER MIN,-1.29457,36.83461,5d8bcfda-2c91-4ac7-a0c5-c680e778b5b4,4100410.02876883,-144123.13647907
3485,126,MAKUTANO MEDICAL AND HEALTH CLINIC,0,EASTERN,CENTRAL MERU,MIRIGA MIERU WEST,MUNICIPALITY,KAAGA2,DHMT,6,PRIV,0.058916,37.645559,43daf986-5eb6-4344-a82e-f1b138dc3e3f,4190684.45850814,6558.500275362
3486,0,JAMII MEDICAL CLINIC,0,COAST,MALINDI,MALINDI,MALINDI,CENTRAL(MALINDI),DHMT,6,PRIV,-3.204089,40.09234,f75084a8-9fb3-4cc5-a5cd-782ed1efabde,4463058.8735108,-356863.60527152
3487,59,GSU CHEPCHOINA DISP,2402,RIFT VALLEY,TRANS-NZOIA,ENDEBESS,CHEPCHOINA,TWIGA,DISTRICT ESTIMATES,9,OTHER MIN,1.16214,34.8041,ffd0887e-cda5-469c-b431-70a9b4210a23,3874374.68951818,129377.704482668
3488,46,NYANGWESO MATERNITY & NURSING HOME,1381,NYANZA,SIAYA,YALA,EAST GEM,URANGA,ILRI MKT CENTRE,7,PRIV,0.03,34.48,2b7829f9-b68b-495b-96ac-6ef280bbc9df,3838296.04255208,3339.58487639469
3489,90,MILIMANI M&N HOME,1173,EASTERN,CENTRAL MERU,MIRIGA MIERU WEST,NTIMA,UPPER IGOKI,DSA/DFH(MOH)-UNFPA REPORT,7,PRIV,0.056948,37.6341,dc84f5f9-629d-4608-845b-5698805be452,4189408.84846314,6339.42340548269
3490,202,RAILWAYS HEADQUARTERS CLINIC,116,NAIROBI,NAIROBI,CENTRAL,STAREHE,CITY SQUARE,1:50000 MAPS,9,OTHER MIN,-1.29009,36.82658,5ceb6c7f-3d47-4b5e-a6c2-5ceb343f0681,4099516.13325776,-143624.298274428
3491,65,KAKUYUNI MEDICAL CLINIC,0,COAST,MALINDI,MALINDI,GOSHI,KAKUYUNI(MALINDI),DHMT,6,PRIV,-3.212352,39.996214,3f62d978-e025-4fa1-8b32-974442b648cc,4452358.17613881,-357784.882100532
3492,131,MIKUMBUNE CLINIC,3714,EASTERN,CENTRAL MERU,NKUENE,MIKUMBUNE,MIKUMBUNE,SUBLOC CENTROID,6,PRIV,-0.071013,37.598177,171d9cad-ca09-4f3b-ab5a-c356dbcffde6,4185409.91839538,-7905.13302359364
3493,60,GSU KERITA CAMP DISP,3733,RIFT VALLEY,TRANS-NZOIA,KWANZA,KAPOMBOI,KOLONGOLO,DISTRICT ESTIMATES,9,OTHER MIN,1.25321,34.9924,b4b685fd-2be0-49cf-b6df-120c95d9d6bc,3895336.14963455,139517.824010376
3494,47,NYAR ALEGO MATERNITY AND NURSING HOME,3908,NYANZA,SIAYA,BORO,CENTRAL ALEGO,OJWANDO 'A',HD MAPS,7,PRIV,0.0579,34.244,8e4dd3ff-2ff7-4dea-8b1c-78e30d06e405,3812024.64272486,6445.39961394785
3495,43,KANGARU NURSING HOME,0,EASTERN,EMBU,CENTRAL,MBETI NORTH,KIANGIMA,DSA/DFH(MOH)-UNFPA REPORT,7,PRIV,-0.495477,37.46,1acfc3f4-2557-4c42-ad02-7dc4e8a9cd8e,4170028.12511603,-55156.9348090792
3496,203,RAILWAYS TRAINING SCHOOL CLINIC,115,NAIROBI,NAIROBI,MAKADARA,MUKURU NYAYO,HAZINA,GPS,9,OTHER MIN,-1.31139,36.84163,bc3142a9-9032-42b0-a462-6100e2bf23b3,4101191.4915942,-145996.014594813
3497,132,MIRURIRI  CLINIC,3679,EASTERN,CENTRAL MERU,IGOJI,KIANJOGU,MIRURIIRI,SUBLOC CENTROID,6,PRIV,-0.156691,37.674856,f94516ae-55f2-4847-8e87-4bd2698cc321,4193945.78562991,-17442.7840742956
3498,0,KANAGONI MEDICAL CLINIC,0,COAST,MALINDI,MAGARINI,GONGONI,GONGONI,DHMT,6,PRIV,-2.974829,40.139769,773ef0b8-24ce-4039-98ea-715acd782eba,4468338.64563963,-331305.335364152
3499,88,GK PRISON DISP (TURKANA),3053,RIFT VALLEY,TURKANA,CENTRAL,LODWAR TOWN,NAPETET,DISTRICT ESTIMATES,9,OTHER MIN,3.15232,35.62123,6f031c8d-5499-41fe-a9af-0d5d2ee9ed8a,3965337.18503008,351091.828939893
3500,51,SEGA COTTAGE NURSING HOME,4257,NYANZA,SIAYA,BORO,NORTH ALEGO,NYALGUNGA,HD MAPS,7,PRIV,0.08633,34.3076,26ebfd5b-fe3d-4899-babc-2edf5d71ce02,3819104.56233932,9610.21527649061
3501,104,ST MICHAEL NURSING HOME,0,EASTERN,EMBU,RUNYENJES,RUNYENJES TOWN,GICHICHE(EMBU),ILRI MKT CENTRE,7,PRIV,-0.419983,37.569785,57c5feef-7944-480b-8bd8-5b522df92106,4182249.33541277,-46752.7123755096
3502,133,MIRURIRI CARE CLINIC,3678,EASTERN,CENTRAL MERU,IGOJI,KIANJOGU,MIRURIIRI,DHMT,6,PRIV,-0.152373,37.670481,2a5f8016-d6bf-4c6e-ad6f-073d5e0a623e,4193458.76285769,-16962.1047646313
3503,205,SOUTH C MOI EDUCATION CENTRE CLINIC,0,NAIROBI,NAIROBI,KIBERA,NAIROBI WEST,SOUTH 'C',GPS,9,OTHER MIN,-1.311003,36.827595,52b64bce-3753-46f5-89f2-e819eea8d49e,4099629.12254091,-145952.922668548
3504,0,KHAIRATE MEDICAL CLINIC,0,COAST,MALINDI,MALINDI,MALINDI,CENTRAL(MALINDI),DHMT,6,PRIV,-3.202062,40.087276,5ef5558a-5d33-43d7-b437-e4c6daac81a9,4462495.15160942,-356637.607602514
3505,89,GSU KIBISHI DISPENSARY,0,RIFT VALLEY,TURKANA,KIBISH,KIBISH,KIBISH,DISTRICT ESTIMATES,9,OTHER MIN,5.44123,35.5512,f6016384-9a3d-4495-941c-a89556a45394,3957541.48108983,606627.481765016
3506,52,SIRANGA NURSING HOME,1383,NYANZA,SIAYA,UKWALA,UKWALA,SIRANGA,SUBLOC CENTROID,7,PRIV,0.179357,34.213722,76b9d7de-eabb-431a-bf12-9995eb648730,3808654.11118263,19965.9625187089
3507,134,MITUNGUU DISP,3716,EASTERN,CENTRAL MERU,NKUENE,MITUNGUU,KIRINDENE,DSA/DFH(MOH)-UNFPA REPORT,4,PRIV,-0.101985,37.7867,1f350f25-6d8f-4030-ba5f-bce760925241,4206396.2027582,-11352.9242634752
3508,44,SUNRISE NURSING HOME,2687,EASTERN,EMBU,CENTRAL,MUNICIPALITY,DALLAS/STADIUM,DSA/DFH(MOH)-UNFPA REPORT,7,PRIV,-0.534506,37.4494,74d9e141-6b39-4ae9-95c9-47026b5e976e,4168848.13851362,-59501.7988077539
3509,207,UNIVERSITY OF NAIROBI HEALTH SERVICES,146,NAIROBI,NAIROBI,WESTLANDS,HIGHRIDGE,HIGHRIDGE,DISTRICT ESTIMATES,9,OTHER MIN,-1.27,36.81,b9dbb98e-0406-40f1-a0bf-3ddb56c58fac,4097670.45610041,-141387.331458394
3510,67,LANELIES MEDICAR CLINIC,0,COAST,MALINDI,MALINDI,MALINDI,CENTRAL(MALINDI),AMKENI,6,PRIV,-3.204317,40.104427,e2241a79-f4bc-4575-b3e4-4679882fce29,4464404.39219602,-356889.025856269
3511,77,CENTRAL BANK DISP,0,RIFT VALLEY,UASIN GISHU,AINABKOI,KAPSOYA,KAPSOYA,ILRI TOWNS,9,OTHER MIN,0.511704,35.284035,a293d3b8-2276-46a2-a427-30e3017d89ea,3927800.80933205,56963.3859677763
3512,33,AIC EYE DISP,0,EASTERN,ISIOLO,CENTRAL,CENTRAL,BULLA PESA,DHMT,8,MISS,0.338276,37.570179,b7aeaffd-2796-43e8-9599-743105be7a60,4182293.19529215,37656.9308397449
3513,135,MITUNGUU MED CLINIC,0,EASTERN,CENTRAL MERU,ABOTHUGUCHI EAST,MWANGATHIA,KIIJA,1:50000 MAPS,6,PRIV,-0.101351,37.77477,026460e7-ac79-44a1-b28a-cfc0790d0d2b,4205068.16123303,-11282.3475952026
3514,53,ST. MARY'S MATERNITY AND NURSING HOME,3917,NYANZA,SIAYA,YALA,YALA TOWNSHIP,ANYIKO(YALA),HD MAPS,7,PRIV,0.1252,34.5294,e75b3827-37c6-47c8-9173-a02c79d958ae,3843795.22539727,13937.2113387704
3515,32,G K PRISONS DISP.,3291,NYANZA,HOMA BAY,ASEGO,HOMA BAY TOWN,TOWN(HOMABAY),HD MAPS,9,OTHER MIN,-0.52402,34.4613,2c5b11df-c699-400f-b96f-be9ee8b3b289,3836214.36807424,-58334.4528216544
3516,69,MAANZO MEDICAL CLINIC,0,COAST,MALINDI,MALINDI,WATAMU,MBARAKA CHEMBE,AMKENI,6,PRIV,-3.302078,40.012282,28c230c4-0abe-4d65-8181-40ded0050a2b,4454146.85771687,-367789.297656182
3517,34,BISMILLAH NURSING HOME,0,EASTERN,ISIOLO,CENTRAL,CENTRAL,BULLA PESA,DHMT,7,PRIV,0.336434,37.569312,cdedd2b6-72a2-4724-a0de-6f9014b918f0,4182196.68129362,37451.8767832944
3518,78,ELDORET MAINTANANCE SCHOOL DISP,1877,RIFT VALLEY,UASIN GISHU,KAPSARET,PIONEER,LANGAS,DISTRICT ESTIMATES,9,MOH,0.50321,35.2641,10ac413a-a5f3-483b-a723-47236a3af987,3925581.65528308,56017.8011251773
3519,44,SOT NURSING HOME,0,RIFT VALLEY,BOMET,BOMET CENTRAL,TOWNSHIP,CHEPNGAINA,GPS,7,PRIV,-0.78832,35.33696,345c690a-076c-4a1c-8a9e-0183d3508cce,3933692.39338228,-87758.14985418
3520,136,MITUNGUU/KIBUNGA CLINIC,3719,EASTERN,CENTRAL MERU,NKUENE,MITUNGUU,KIRINDENE,1:50000 MAPS,6,PRIV,-0.101723,37.780282,8c97593e-ac27-4928-9128-0adb7dae700e,4205681.75426629,-11323.7585108005
3521,36,GK PRISON DISP,1249,NYANZA,KISII CENTRAL,TOWNSHIP,TOWNSHIP,MWAMOSIOMA(TOWNSHIP),GPS,9,OTHER MIN,-0.67212,34.77591,edfddc21-a3e9-4530-aa22-947ab7dcdb57,3871236.59307272,-74821.7722025839
3522,70,MADUNGUNI MEDICAL CLINIC,0,COAST,MALINDI,MALINDI,GOSHI,MADUNGUNI,AMKENI,6,PRIV,-3.183397,39.974163,23a7b999-9ee3-42b0-84fd-d2607f5e1781,4449903.47004732,-354556.599238769
3523,35,WASO NURSING HOME,3743,EASTERN,ISIOLO,CENTRAL,CENTRAL,BULLA PESA,DHMT,7,PRIV,0.335741,37.571822,3bae7b8c-d5c0-4c6e-af03-b37ff8670e9d,4182476.09321552,37374.7310489621
3524,80,LOWER MATASIA M& NH,0,RIFT VALLEY,KAJIADO,NGONG,KISERIAN,UPPER MATASIA,DHMT,7,PRIV,-1.432949,36.663385,eeb8b615-c187-46fc-8e78-ba07d342b5df,4081349.34895775,-159531.78464274
3525,150,MUTEITHIA MED CLINIC,3702,EASTERN,CENTRAL MERU,ABOTHUGUCHI WEST,KATHERI CENTRAL,KATHITA,DHMT,6,PRIV,0.035596,37.581213,808dc7e9-1d52-4117-8d87-15afcf45637a,4183521.49455356,3962.52884918825
3526,79,ELDORET PRISON DISP,0,RIFT VALLEY,UASIN GISHU,SOY,KIBULGENY,KAMUKUNJI(UGISHU),HD MAPS,9,MOH,0.538332,35.2886,ab451329-8133-4cb6-98fb-1da5bbbdeafd,3928308.98280752,59927.7258462081
3527,44,MALINDI CLINIC,2922,COAST,MALINDI,MALINDI,MALINDI,CENTRAL(MALINDI),DHMT,6,PRIV,-3.205609,40.103482,8ebd189f-4816-415c-8554-b632c430281c,4464299.19527722,-357033.075943494
3528,39,AIRPORT DISP,1273,NYANZA,KISUMU,WINAM,TOWNSHIP,BANDARI,DDP,9,OTHER MIN,-0.081404,34.7407,b63de935-7b48-4e4a-aacf-1bd132e8aa90,3867317.03380189,-9061.85487721406
3529,72,MALINDI MEDICARE,0,COAST,MALINDI,MALINDI,MALINDI,SHELLA(MALINDI),ILRI TOWNS,6,PRIV,-3.225384,40.115192,aebbed2d-f9ad-41f8-8745-372bdb1a2cc3,4465602.74651441,-359237.890078375
3530,82,MATASIA CLINIC AND M&NH,3236,RIFT VALLEY,KAJIADO,NGONG,KISERIAN,UPPER MATASIA,SUBLOC CENTROID,7,PRIV,-1.432949,36.663385,26b6f7b1-751f-43c9-98a9-513a593fdf4a,4081349.34895775,-159531.78464274
3531,158,NEHEMA MEDICAL SERVICES,3691,EASTERN,CENTRAL MERU,MIRIGA MIERU WEST,MUNICIPALITY,TOWNSHIP(MERU C),DHMT,6,PRIV,0.054349,37.645131,dba6b5fe-6e98-4f0f-873d-483d4c2c26ae,4190636.81376608,6050.10391242599
3532,40,KIBOS SUGAR CO. DISP,0,NYANZA,KISUMU,KADIBO,KOMBURA,LELA,DDP,9,PRIV,-0.1715,34.904718,d2708443-638c-4f03-a95c-0208edcd0b80,3885575.43404282,-19091.3211791293
3533,53,HIGH RISE NURSING HOME,0,EASTERN,KITUI,CENTRAL,TOWNSHIP,TOWNSHIP(KITUI),SUBLOC CENTROID,7,PRIV,-1.358786,38.011521,985c905a-0e8b-41a9-95ad-65494dd5185c,4231423.16199783,-151273.546032503
3534,80,GK PRISON DISP (UASIN-GISHU),1902,RIFT VALLEY,UASIN GISHU,MOIBEN,CHEPKOILEL,KIMUMU,DISTRICT ESTIMATES,9,OTHER MIN,0.56231,35.3021,4c47b847-edfc-4b5c-8aee-185396d2fdf5,3929811.79593323,62597.0677442017
3535,83,ONGATA RONGAI COTTAGE M&NH,2682,RIFT VALLEY,KAJIADO,NGONG,ONGATA RONGAI,LEMELEPO,DHMT,7,PRIV,-1.407565,36.752651,3e6225bd-2267-41e1-8e1a-1ad60de9dcf6,4091286.3946229,-156705.182302743
3536,161,NKUBU HEALTH SERVICES,3717,EASTERN,CENTRAL MERU,NKUENE,NKUENE,KATHERA(CMERU),DHMT,6,PRIV,-0.066728,37.665839,df5ab9c7-14f8-4529-bd6a-d3f0a562ebba,4192942.01778143,-7428.12866083638
3537,66,MANESA MED CLINIC,2920,COAST,MALINDI,MALINDI,MALINDI,SHELLA(MALINDI),AMKENI,6,PRIV,-3.22342,40.107425,0ad30ce3-4b98-4e6c-b931-c44a448495ac,4464738.12802941,-359018.911934041
3538,42,KIBOS SUGAR RESEARCH DISP,1288,NYANZA,KISUMU,WINAM,EAST KOLWA,CHIGA,ILRI MKT CENTRE,9,OTHER MIN,-0.097199,34.845014,92ef126c-e52a-48eb-af12-7d623fc8a6f6,3878929.21516449,-10820.1483755254
3539,81,MOI BARRACKS DISP,1917,RIFT VALLEY,UASIN GISHU,TURBO,KAMAGUT,LESERU,HD MAPS,9,AF,0.612962,35.1676,e08d017f-4692-4940-8feb-efced0f15fa2,3914839.32442153,68235.9193463123
3540,55,KITUI NURSING HOME,0,EASTERN,KITUI,CHULUNI,NZAMBANI,KYANIKA(KITUI),DSA/DFH(MOH)-UNFPA REPORT,7,PRIV,-1.37183,38.0177,6fac99a7-6e26-416b-bfd1-1c008c2b7a4e,4232111.00513144,-152726.009828083
3541,85,ST. JUDE NURSING HOME,3255,RIFT VALLEY,KAJIADO,NGONG,ONGATA RONGAI,LEMELEPO,DHMT,7,PRIV,-1.407565,36.752651,a8594dbf-7a1a-4b9f-aab6-acbf297ff207,4091286.3946229,-156705.182302743
3542,162,NKUBU MED CLINIC,3713,EASTERN,CENTRAL MERU,NKUENE,NKUENE,KATHERA(CMERU),DHMT,6,PRIV,-0.070317,37.665839,d7b2fbfc-3067-4700-8862-40551701cf18,4192942.01778143,-7827.65459907246
3543,83,MOI UNIVERSITY DISP,1918,RIFT VALLEY,UASIN GISHU,KESSES,KESSES,KESSES,HD MAPS,9,OTHER MIN,0.307383,35.3207,e043d2db-94d7-4e06-837a-ccd7a1437b66,3931882.33846198,34217.883179623
3544,43,KISUMU TECHNICAL INST. DISP,1290,NYANZA,KISUMU,WINAM,WEST KOLWA,NYALENDA 'A',DDP,9,OTHER MIN,-0.108115,34.7776,b75fa16b-1e90-47c3-81ba-91de50ab7417,3871424.72301216,-12035.3138893241
3545,95,ATHI RIVER NURSING HOME,0,EASTERN,MACHAKOS,MAVOKO,SETTLED AREA,ATHI RIVER TOWNSHIP,SUBLOC CENTROID,7,PRIV,-1.484019,36.987572,65c6009a-0bd9-41f0-bfea-eca800c3d686,4117437.68071955,-165218.713619654
3546,73,MANYESO MEDICAL CLINIC,0,COAST,MALINDI,MALINDI,WATAMU,MBARAKA CHEMBE,AMKENI,6,PRIV,-3.305635,40.012528,a90ec844-e4b6-4119-b7a6-d01754780054,4454174.2423116,-368185.920295703
3547,86,WANANCHI JAMII MATERNITY,3241,RIFT VALLEY,KAJIADO,NGONG,ONGATA RONGAI,LEMELEPO,DHMT,7,PRIV,-1.407565,36.752651,4e2e8a1f-c466-447b-8562-7ebf246c5ec0,4091286.3946229,-156705.182302743
3548,163,NTUGI MED CLINIC,3703,EASTERN,CENTRAL MERU,ABOTHUGUCHI WEST,NTUGI,MBOROGA,DHMT,6,PRIV,0.130851,37.531674,bffaad28-c25d-4294-8cac-9a7075049b43,4178006.83829915,14566.2793519163
3549,96,CHRIST THE KING NURSING HOME,2287,EASTERN,MACHAKOS,CENTRAL,MASAKU,EASTLEIGH,ILRI MKT CENTRE,7,PRIV,-1.51643,37.26828,d6e5ad09-8fc5-498f-aa0f-f565ce520e03,4148685.95234115,-168827.926841376
3550,84,PAN PAPER DISP,2969,RIFT VALLEY,UASIN GISHU,AINABKOI,KAPTAGAT,TENDWO,HD MAPS,9,PRIV,0.482154,35.4215,c1ab025a-d7a3-48d6-8dea-d31b0ce64805,3943103.34313394,53673.7712538611
3551,44,KODIAGA GK PRISON HEALTH CENTRE,0,NYANZA,KISUMU,WINAM,CENTRAL KISUMU,KORANDO A,DDP,9,MOH,-0.058556,34.7095,ce8009f5-acbb-4346-ae14-48a243d2589b,3863843.86568913,-6518.42523760616
3552,74,MARERENI MEDICAR CLINIC,0,COAST,MALINDI,MAGARINI,FUNDISA,MARERENI,AMKENI,6,PRIV,-2.863897,40.141834,c2fc1745-f572-4687-8bf4-e5b79f87db2c,4468568.52038812,-318940.392479017
3553,73,FPAK CLINIC (KERICHO),2665,RIFT VALLEY,KERICHO,AINAMOI,TOWNSHIP,TOWNSHIP(KERICHO),ILRI MKT CENTRE,8,NGO,-0.36461,35.285876,c1274b84-d732-4fe4-99b2-fa816cc2e051,3928005.7485146,-40588.4734840423
3554,97,DONYOSABUK NURSING HOME,246,EASTERN,MACHAKOS,MATUNGULU,KYANZAVI,KIBOKO(MACHAKOS),DSA/DFH(MOH)-UNFPA REPORT,7,PRIV,-1.08526,37.2518,80688bf7-10a4-4d92-b1ef-f5b21630aa1d,4146851.40713288,-120817.815198827
3555,86,RAILWAY DISP,1903,RIFT VALLEY,UASIN GISHU,SOY,KIBULGENY,KAMUKUNJI(UGISHU),HD MAPS,9,OTHER MIN,0.538332,35.2886,e19e7c0f-f39d-494e-9350-3568cdf1aca8,3928308.98280752,59927.7258462081
3556,45,MASENO GTI DISP,1295,NYANZA,KISUMU,MASENO,N.W. KISUMU,WEST KARATENG,1:50000 MAPS,9,OTHER MIN,0.000901,34.603153,1279b6f3-cfd4-4da9-8ccf-5cdb31784c9e,3852005.37180175,100.298861213804
3557,172,TOWN CLINIC,0,EASTERN,CENTRAL MERU,MIRIGA MIERU WEST,MUNICIPALITY,TOWNSHIP(MERU C),DHMT,6,PRIV,0.053988,37.646942,42e55602-e7ca-4a42-acf4-657ca7ae936a,4190838.41336391,6009.91755829106
3558,75,MARIE-STOPES CLINIC,0,COAST,MALINDI,MALINDI,MALINDI,BARANI,AMKENI,6,PRIV,-3.214853,40.11677,ff561f61-4f8d-4ac4-bae4-185dc23b7e1e,4465778.40867088,-358063.730640944
3559,74,GREEN VIEW NURSING HOME,0,RIFT VALLEY,KERICHO,BELGUT,KAPSUSER,KAPSUSER,GPS,7,PRIV,-0.37774,35.27472,232b3575-feb2-4829-a918-0b4c93063e7f,3926763.86827531,-42050.1290721974
3560,100,MATUU NURSING HOME,0,EASTERN,MACHAKOS,YATTA,MATUU,MATUU(YATTA),ILRI MKT CENTRE,7,PRIV,-1.142871,37.546969,0a937d9e-52e0-4d1c-a159-167ba5663781,4179709.46991083,-127232.25517983
3561,46,MASENO UNIVERSITY COLLEGE DISP,1312,NYANZA,KISUMU,MASENO,N.W. KISUMU,EAST KARATENG,DDP,9,OTHER MIN,-0.00178,34.6126,fe214992-cf80-49a8-ba04-a11842d6cadb,3853057.00703127,-198.148693637411
3562,87,RIVATEX DISP,1904,RIFT VALLEY,UASIN GISHU,KAPSARET,PIONEER,LANGAS,HD MAPS,9,PRIV,0.484919,35.2777,4d7419b1-887d-439d-b4de-ee48bc65a522,3927095.60035787,53981.5806072461
3563,111,UJAMAA CLINIC,3674,EASTERN,CENTRAL MERU,IGOJI,MWERU,KIATHATHI,1:50000 MAPS,6,PRIV,-0.17568,37.67792,86a1ea3c-4de4-488d-969d-e5aa2f9b8d77,4194286.8685497,-19556.6387863607
3564,75,KERICHO NURSING HOME,1684,RIFT VALLEY,KERICHO,AINAMOI,TOWNSHIP,TOWNSHIP(KERICHO),GPS,7,PRIV,-0.36785,35.27919,dde7faa6-21f4-4aca-97c4-2e5894075007,3927261.46639915,-40949.1560023721
3565,0,MAWENI STAR MEDICAL CINIC,0,COAST,MALINDI,MALINDI,MALINDI,CENTRAL(MALINDI),DHMT,6,PRIV,-3.203075,40.101457,c1774ed4-14fe-45b3-9f0f-caf115f4998a,4464073.77330836,-356750.550634252
3566,102,NGULUNI NURSING HOME,0,EASTERN,MACHAKOS,MATUNGULU,NGULUNI,NGULUNI(MACHAKOS),1:50000 MAPS,7,PRIV,-1.278378,37.28018,c00e1ed0-974c-41a7-9c80-64b827ea6462,4150010.65428158,-142320.196824371
3567,174,UZIMA MEDICAL CLINIC,0,EASTERN,CENTRAL MERU,IGOJI,IGOJI,KUIRI,DHMT,6,PRIV,-0.196938,37.660651,2df1073c-7339-44a1-b019-f37ec105a415,4192364.49226319,-21923.0810460988
3568,48,RAILWAYS DISP,1307,NYANZA,KISUMU,WINAM,TOWNSHIP,SOUTHERN,DDP,9,OTHER MIN,-0.107581,34.7577,11f99150-30f5-402b-9df6-4081b195f087,3869209.46514537,-11975.8691759293
3569,76,LONDIANI NURSING HOME,0,RIFT VALLEY,KERICHO,LONDIANI,LONDIANI,CHEPKONGONY(KERI),DISTRICT ESTIMATES,7,PRIV,-0.17231,35.59123,a6000377-06be-4a7e-b345-87eefdb6c57a,3961997.60030629,-19181.490372511
3570,88,TUGEN ESTATE DISP,4403,RIFT VALLEY,UASIN GISHU,MOIBEN,SERGOIT,SERGOIT(UG),ILRI MKT CENTRE,9,PRIV,0.679891,35.390395,316d945e-5119-4e69-b8a0-f31b3cc02d79,3939640.75037282,75686.8961803574
3571,45,AGGY AFYA CLINIC,0,EASTERN,EMBU,NEMBURE,KITHIMU,KITHIMU,DSA/DFH(MOH)-UNFPA REPORT,6,PRIV,-0.504831,37.516,74e5b983-a96f-4559-8403-516eb2959dd3,4176262.01660046,-56198.2570019055
3572,79,MIKUYUNI MED CLINIC,4349,COAST,MALINDI,MARAFA,GARASHI,MIKUYUNI(MALINDI),SUBLOC CENTROID,6,PRIV,-3.147612,39.896686,5a679d24-19df-48a7-85f8-e28b34c3c130,4441278.76985913,-350566.94374382
3573,103,TALA MATERNITY CLINIC AND NURSING HOME,0,EASTERN,MACHAKOS,MATUNGULU,NGULUNI,NGULUNI(MACHAKOS),ILRI VILLAGES,7,PRIV,-1.28,37.28,dd2df500-e84e-4d04-9519-abad4da19f5b,4149990.61677324,-142500.802048177
3574,57,KIMANJO NURSING HOME,2149,RIFT VALLEY,LAIKIPIA,MUKOGONDO,ILDIGIRI,TURA(LAIKIPIA),DDP,7,PRIV,0.490493,37.0158,51fcefb5-78dc-4397-8a1a-ebf45173135b,4120580.00730566,54602.0979289649
3575,71,GK PRISON DISP,2182,RIFT VALLEY,WEST POKOT,KAPENGURIA,TALAU,KAPSURUM,DISTRICT ESTIMATES,9,OTHER MIN,1.2232,35.1211,903332ad-33bd-4feb-8f53-42c99b2a454e,3909662.96809965,136176.345807402
3576,64,"KENYA RED CROSS SOCIETY, MIGORI BRANCH",0,NYANZA,MIGORI,SUBA EAST,SUNA CENTRAL,WASWETA I,ILRI MKT CENTRE,9,NGO,-1.056492,34.48447,cb520bb0-be9e-4012-a15e-be0f200137cb,3838793.64067592,-117614.816622139
3577,46,BETHEL MEDICAL CLINIC,0,EASTERN,EMBU,MANYATTA,NGANDORI,KAIRURI,DHMT,6,PRIV,-0.42,37.47,b2d59966-5a78-4fcc-8877-b1e91d3636c5,4171141.32002396,-46754.6048576984
3578,0,MJANAHERI MEDICAL CLINIC,0,COAST,MALINDI,MAGARINI,FUNDISA,FUNDISA,DHMT,6,PRIV,-2.954522,40.136724,01b9d7c6-6faf-4e37-b206-9955559867a8,4467999.67779017,-329041.740884089
3579,86,DR. MUASA MATERNITY & NURSING HOME,0,EASTERN,MAKUENI,MTITO ANDEI,MTITO-ANDEI,KATHEKANI,ILRI VILLAGES,7,PRIV,-2.6,38.08,193e5406-5484-4672-8b15-ed7713619879,4239046.20940786,-289530.060501903
3580,72,TURKWEL GORGE POWER DISP,0,RIFT VALLEY,WEST POKOT,KASEI,KORPU,SIRWACH,DDP,9,PRIV,1.95185,35.3582,789422d1-0ff6-4afd-b59f-bfecf1d0c9d7,3936056.81936673,217320.985910455
3581,59,MARU INYA NURSING HOME,0,RIFT VALLEY,LAIKIPIA,CENTRAL,MARURA,MARURA,DDP,7,PRIV,0.028075,37.0483,19fa8ab8-1621-47d6-80ba-01dca2e7dad2,4124197.89075644,3125.29482909233
3582,0,AGRO CHEMICALS DISP,0,NYANZA,NYANDO,MUHORONI,GOD NYITHINDO,OREGO,DHMT,4,PRIV,-0.13399,35.157952,2f2e7f24-f953-444d-82f6-7504edaca079,3913765.31397436,-14915.712166798
3583,48,CPT MATTHEW L NDUVA DISP,2785,EASTERN,EMBU,RUNYENJES,KAGAARI NORTH,KANJA,DHMT,4,PRIV,-0.37,37.52,8bc478c7-71ac-4026-ab3a-44c0010cdbdb,4176707.29456363,-41188.4978691474
3584,0,MKUYUNI MEDICAL CLINIC,0,COAST,MALINDI,MALINDI,MALINDI,CENTRAL(MALINDI),DHMT,6,PRIV,-3.203075,40.105508,16c714e0-f3ef-4860-823c-1948d96a5864,4464524.72856556,-356750.550634252
3585,61,BAT MALAKISI CLINIC,4671,WESTERN,BUNGOMA,MALAKISI,MALAKISI,MWALIE,ILRI MKT CENTRE,9,PRIV,0.676036,34.422321,8ec284fa-3478-473f-a4ab-d9c44761ae9d,3831875.24564262,75257.7294992316
3586,87,KAMBU MATERNITY & NURSING HOME,0,EASTERN,MAKUENI,MTITO ANDEI,NZAMBANI,MUTHINGIINI,ILRI MKT CENTRE,7,PRIV,-2.59124,38.0737,71a967d8-5fd7-4628-9126-a7f43a11711d,4238344.89661586,-288553.900255025
3587,60,NANYUKI MATERNITY AND  NURSING HOME,3269,RIFT VALLEY,LAIKIPIA,CENTRAL,NANYUKI,MAJENGO(LAIKIPIA),DDP,7,PRIV,0.017221,37.0852,a4bc162d-7b27-42ce-886a-239eb28b82b2,4128305.57996671,1917.03297982131
3588,38,CHEMELIL SUGAR CO. DISP,1279,NYANZA,NYANDO,MUHORONI,CHEMELIL,CHEMELIL,DDP,9,PRIV,-0.074103,35.135,752614b6-0b25-41be-a6e9-ac94f1aca997,3911210.30902167,-8249.11052601152
3589,80,MTANGANI MEDICAL CLINIC,0,COAST,MALINDI,MALINDI,MALINDI,CENTRAL(MALINDI),AMKENI,6,PRIV,-3.204097,40.103912,460d3b06-22d2-42d4-9963-c8ccfd65259c,4464347.06265826,-356864.497221765
3590,49,DR AHULUWALIA A D SIGH CLINIC,2786,EASTERN,EMBU,CENTRAL,MUNICIPALITY,NJUKIRI,DHMT,6,PRIV,-0.52,37.45,b5b2800b-9595-4fad-82f2-1b523d25c62f,4168914.9302081,-57886.9298950325
3591,63,PANPAPER HEALTH CENTRE,2221,WESTERN,BUNGOMA,WEBUYE,WEBUYE,TOWNSHIP(WEBUYE),AMKENI,9,PRIV,0.591078,34.77757,c4989231-0bfa-412a-801c-a785c342fca9,3871421.38342743,65799.6691128835
3592,88,KILOME M&N HOME,0,EASTERN,MAKUENI,KILOME,MUKAA,KILOME,GPS,7,PRIV,-1.80638,37.3481,5b9c1bfa-2ed7-4d50-86ae-80d8145ff7c6,4157571.47409627,-201118.622161856
3593,61,NANYUKI NURSING HOME,0,RIFT VALLEY,LAIKIPIA,CENTRAL,NANYUKI,MAJENGO(LAIKIPIA),ILRI MKT CENTRE,7,PRIV,0.016111,37.075622,e225640b-58b0-4140-9586-eb5571823602,4127239.3618839,1793.46833980729
3594,50,DR D L K MBITHI CLINIC,2787,EASTERN,EMBU,CENTRAL,MUNICIPALITY,NJUKIRI,DHMT,6,PRIV,-0.52,37.45,8d15a4f1-ea7c-4138-b3c1-de4986018145,4168914.9302081,-57886.9298950325
3595,39,KIBOS PRISON DISP,1287,NYANZA,NYANDO,MIWANI,OMBEYI,AHERO IRRIG. SCHEME,DDP,9,MOH,-0.161658,34.9197,1482d637-d8aa-4086-8c08-bff111d4e8be,3887243.22265388,-17995.7101189594
3596,81,MUDZO MEDICAL CLINIC,0,COAST,MALINDI,MALINDI,MALINDI,BARANI,AMKENI,6,PRIV,-3.220893,40.103322,fd3ff400-90d4-40ee-9131-5a4f383d1711,4464281.38415869,-358737.16216345
3597,33,GK PRISON DISP (BUSIA),4387,WESTERN,BUSIA,TOWNSHIP,TOWNSHIP,MAYENJE,SUBLOC CENTROID,9,OTHER MIN,0.452964,34.114519,34454989-dfbd-4874-8499-0d99045b0b20,3797610.88373746,50424.2470855316
3598,60,APPROVED SCHOOL DISP,2268,WESTERN,KAKAMEGA,MUNICIPALITY,BUKHUNGU,MAHIAKALO,AMKENI,9,MOH,0.292924,34.76145,c5e08225-8aca-41a2-abcb-1ae5d0894ba9,3869626.91323584,32608.292571512
3599,41,MUHORONI SUGAR COMPANY DISP,0,NYANZA,NYANDO,MUHORONI,GOD NYITHINDO,OREGO,DDP,9,PRIV,-0.149808,35.1682,44d04bda-fb4b-4ddd-b52d-4688094a918d,3914906.11611601,-16676.5692779289
3600,89,MAKINDU SPECIALIST EYE HOSPITAL,0,EASTERN,MAKUENI,MAKINDU,MAKINDU,KIU,DSA/DFH(MOH)-UNFPA REPORT,8,PRIV,-2.28578,37.8143,a4253342-78c6-49a0-b4b5-7c0ecda4fbec,4209468.62070409,-254519.388525341
3601,126,BONDENI MATERNITY HOME,3133,RIFT VALLEY,NAKURU,NAKURU MUNI.,CENTRAL,BAHARINI,GPS,7,PRIV,-0.29303,36.07862,fdc4a809-f8d6-4fa2-85c4-44fa4b3df8c1,4016253.60692402,-32620.0925917934
3602,51,DR F K NJAGI CLINIC,2788,EASTERN,EMBU,CENTRAL,MUNICIPALITY,NJUKIRI,DHMT,6,PRIV,-0.52,37.45,dd1c9759-fbb8-4bf6-be67-bdd9bf18a24e,4168914.9302081,-57886.9298950325
3603,0,MUYEYE MEDICAL CLINIC,0,COAST,MALINDI,MALINDI,MALINDI,SABAKI,DHMT,6,PRIV,-3.200035,40.107534,926a74fc-a1ba-4a6f-a751-5c2e89b73f44,4464750.26185391,-356411.610380803
3604,90,BARTOLIMO SEC SCHOOL DISP,3492,RIFT VALLEY,BARINGO,KIPSARAMAN,KAPTEBEREWO,BARTOLIMO,DSA/MOH-UNICEF PROJECT REPORT(99),9,MOH,0.686376,35.8192,b95b97cf-f10d-4563-88a8-b3ba2fa76d40,3987375.10462243,76408.8543933567
3605,90,MTITO ANDEI M&N HOME,0,EASTERN,MAKUENI,MTITO ANDEI,MTITO-ANDEI,KATHEKANI,DSA/DFH(MOH)-UNFPA REPORT,7,PRIV,-2.66958,38.1657,b1ff6c21-23ec-4864-8fde-6a1d2b18870c,4248586.28976885,-297283.868155049
3606,61,EREGI TTC DISP,3275,WESTERN,KAKAMEGA,IKOLOMANI,SHIKUMU,MADIVINI,AMKENI,9,OTHER MIN,0.153304,34.704341,33dcd788-4367-4fd4-a297-7b5480397b0d,3863269.56843613,17065.7435793045
3607,82,MWICHENS MEDICAL CENTRE,0,COAST,MALINDI,MALINDI,MALINDI,BARANI,AMKENI,6,PRIV,-3.220528,40.103423,7bddbbe7-b37a-4603-bf6b-332332407e56,4464292.62742726,-358696.466271018
3608,127,CHEMASIS MATERNITY HOME,4633,RIFT VALLEY,NAKURU,MBOGOINI,SUBUKIA,SUBUKIA EAST,GPS,7,PRIV,0.00395,36.23073,d586ed52-b100-486f-af2e-c704be39343c,4033186.41466859,439.711988985545
3609,91,KABARNET HIGH SCH. DISP,3752,RIFT VALLEY,BARINGO,KABARNET,KABARNET MOSOP,SEGUTON,DSA/MOH-UNICEF PROJECT REPORT(99),9,MOH,0.502247,35.7387,42033191-03fe-4183-95c5-4a4df609c96f,3978413.88561357,55910.5963288437
3610,53,DR J N NJAGI CLINIC,2792,EASTERN,EMBU,CENTRAL,MUNICIPALITY,NJUKIRI,DHMT,6,PRIV,-0.52,37.45,447e9168-bfce-4135-8cbb-1165177c59a7,4168914.9302081,-57886.9298950325
3611,91,TUMAINI M&N HOME,0,EASTERN,MAKUENI,KIBWEZI,KIKUMBULYU,MIKUYUNI(MAKUENI),DSA/DFH(MOH)-UNFPA REPORT,7,PRIV,-2.40944,37.9659,caf9832a-536d-48ac-9367-1d11a3609f3f,4226344.65550835,-268296.722718478
3612,62,G.O.K. PRISON  DISP (KAKAMEGA),2279,WESTERN,KAKAMEGA,MUNICIPALITY,BUKHUNGU,SHIRERE,AMKENI,9,OTHER MIN,0.27284,34.753093,b8c0f32c-a723-4fb6-8b80-46652c1c4f01,3868696.61625128,30372.5246573066
3613,128,ELBURGON MATERNITY HOME,4618,RIFT VALLEY,NAKURU,ELBURGON,ELBURGON,ELBURGON,SUBLOC CENTROID,7,PRIV,-0.291776,35.798273,2e48911a-cb09-4008-9e70-acf72103765b,3985045.5216386,-32480.496132474
3614,83,NAWACO MEDICAL CLINIC,0,COAST,MALINDI,MALINDI,LANGOBAYA,LANGOBAYA,AMKENI,6,PRIV,-3.129858,39.782073,3ab0d2e5-b26d-4ecf-9ae4-22beb69be7c4,4428520.10906084,-348587.608259492
3615,92,MOI TEACHERS COLLEGE DISP,3547,RIFT VALLEY,BARINGO,KABARNET,KABARNET MOSOP,KEWAMOI,ILRI VILLAGES,9,OTHER MIN,0.5,35.75,22819a27-83f8-4ca0-8219-bd1fd6c63b46,3979671.79585954,55660.4518654275
3616,54,DR K MOHAMED MUSTAG CLINIC,2793,EASTERN,EMBU,CENTRAL,MUNICIPALITY,NJUKIRI,DHMT,6,PRIV,-0.52,37.45,0ebc0de1-42f8-4856-abc0-af3a189b2bd2,4168914.9302081,-57886.9298950325
3617,84,NDOMO MEDICAL CLINIC,0,COAST,MALINDI,MALINDI,MALINDI,SABAKI,AMKENI,6,PRIV,-3.184748,40.112897,531fc5af-624a-48d9-b563-2d26fb9f9a72,4465347.26828303,-354707.224399439
3618,55,DR KIMANI CLINIC,2789,EASTERN,EMBU,CENTRAL,MUNICIPALITY,NJUKIRI,DHMT,6,PRIV,-0.52,37.45,59d2b176-81ad-4c64-b239-1e2c9a482d08,4168914.9302081,-57886.9298950325
3619,129,EVANS SUNRISE MEDICAL CENTRE,0,RIFT VALLEY,NAKURU,NAKURU MUNI.,KAPTEMBWO,VIWANDA,GPS,7,PRIV,-0.28866,36.06336,be42cca9-aaa8-46b0-8997-1180d028dbc6,4014554.87149452,-32133.6201492519
3620,93,SACHO HIGH SCH. DISP,1971,RIFT VALLEY,BARINGO,SACHO,SACHO MOSOP,KABARAK,DSA/MOH-UNICEF PROJECT REPORT(99),9,MOH,0.383322,35.7819,2ca9f417-14f5-46b7-9b16-7920c613c625,3983222.88761584,42671.5281748934
3621,44,MWINGI BARAKA NURSING HOME,0,EASTERN,MWINGI,CENTRAL,KANZANZU,KALISASI,ILRI VILLAGES,7,PRIV,-0.95,38.08,1df7cce6-f70c-4f7f-8686-8beedce2926e,4239046.20940786,-105758.362163801
3622,63,KAKAMEGA MED TRAINING CENTRE CLINIC,0,WESTERN,KAKAMEGA,MUNICIPALITY,BUKHUNGU,SHIRERE,AMKENI,9,PRIV,0.27277,34.758291,a6328d40-bba6-46e2-9658-5c629ad422de,3869275.25496443,30364.7322046223
3623,86,NURU MEDICAL CLINIC,0,COAST,MALINDI,MALINDI,MALINDI,SHELLA(MALINDI),AMKENI,6,PRIV,-3.218838,40.116717,8b10be44-60d5-4659-bd6c-b43cc6684c15,4465772.50873787,-358508.038904387
3624,56,DR NDAMBUKI CLINIC,2790,EASTERN,EMBU,CENTRAL,MUNICIPALITY,NJUKIRI,DHMT,6,PRIV,-0.52,37.45,fec6268c-1d16-4a92-baba-a66a0bba490e,4168914.9302081,-57886.9298950325
3625,43,KAPKOROS TEA DISP,1594,RIFT VALLEY,BOMET,BOMET CENTRAL,SIBAIYAN,KAPKOROS(BOMET),ILRI MKT CENTRE,9,PRIV,-0.654644,35.302062,96dd8718-0eda-4c53-964b-f5ed49ceef64,3929807.56579258,-72876.22237033
3626,130,FPAK NAKURU CLINIC (STATIC),2772,RIFT VALLEY,NAKURU,NAKURU MUNI.,CENTRAL,AFRAHA,GPS,8,NGO,-0.28486,36.07614,d2e0c420-c363-4d06-8a55-b9c2b9a4e6a7,4015977.53458686,-31710.6007860513
3627,39,MUGUNA/MIKINDURI NUTRITIONAL CENTRE,1141,EASTERN,NORTH MERU,TIGANIA CENTRAL,MIKINDURI WEST,ANJUKI,ILRI MKT CENTRE,8,MISS,0.126174,37.834147,10837fca-0904-4c49-bbf7-9e7dadb139e0,4211677.97863786,14045.6367836812
3628,40,KAIMOSI TTC DISP,3825,WESTERN,VIHIGA,TIRIKI EAST,SHAVIRINGA,MULUNDU(TIRIKI EAST),GPS,9,OTHER MIN,0.13076,34.84836,62278232-4b91-4a3d-b99f-b10337409276,3879301.69018069,14556.149251856
3629,87,NYOTA MEDICARE,0,COAST,MALINDI,MALINDI,GOSHI,KAKUYUNI(MALINDI),AMKENI,6,PRIV,-3.235117,40.012528,3cf930e8-ae83-437c-984f-2a161b9b1f4a,4454174.2423116,-360323.086895391
3630,57,DR P R NJAGI CLINIC,2794,EASTERN,EMBU,CENTRAL,MUNICIPALITY,NJUKIRI,DHMT,6,PRIV,-0.52,37.45,07d7bcf0-7a87-45f5-ad4d-003faefda6e6,4168914.9302081,-57886.9298950325
3631,29,CHEMOSIT TEA DISP,1570,RIFT VALLEY,BURET,RORET,CHEMOSOT,KABARTEGAN,ILRI MKT CENTRE,9,PRIV,-0.481275,35.169331,2e499760-c44f-49a6-8793-0ccd522233ee,3915032.0184601,-53575.9179630258
3632,40,NYAMBENE NURSING HOME,0,EASTERN,NORTH MERU,IGEMBE CENTRAL,MAUA,KAIBU,DHMT,7,PRIV,0.237102,37.949032,f0689346-89ee-44d9-b100-ce381b18b849,4224466.91833765,26394.1492385424
3633,131,GILGIL COMMUNITY CLINIC,0,RIFT VALLEY,NAKURU,GILGIL,GILGIL,GILGIL,1:50000 MAPS,7,PRIV,-0.497748,36.326577,62253526-d132-41f6-9457-827f44921704,4043856.05390265,-55409.7508691537
3634,77,BETHANY CRIPPLED CHILDREN'S CENTRE OF KENYA (AIC),0,CENTRAL,KIAMBU,LARI,GITITHIA,GITITHIA,ILRI MKT CENTRE,8,PRIV,-1.039394,36.595304,e8e6c60d-ae75-4561-bebf-a7df7a599771,4073770.60670505,-115711.15755851
3635,0,RAINBOW COMMUNITY CARE CLINIC,0,COAST,MALINDI,MALINDI,MALINDI,SABAKI,DHMT,6,PRIV,-3.156583,40.106262,7cfd85da-3b09-48da-8180-6efb2424548c,4464608.66346163,-351567.104054136
3636,133,LEKEN MATERNITY HOME,4603,RIFT VALLEY,NAKURU,NAKURU MUNI.,CENTRAL,BAHARINI,GPS,7,PRIV,-0.30699,36.07058,ef2305e0-1793-4de6-bc67-d426b16c1cc1,4015358.59821804,-34174.1339909459
3637,30,KIMARI TEA DISP,1610,RIFT VALLEY,BURET,KIMULOT,KAPTEBENGWET,KAMAGOMON,ILRI VILLAGES,9,PRIV,-0.6,35.28,ce8f1165-443b-457f-ba01-e214b06cdb52,3927351.6351867,-66792.9152642475
3638,59,DR STEPHEN N KIMANI CLINIC,2796,EASTERN,EMBU,CENTRAL,MUNICIPALITY,NJUKIRI,DHMT,6,PRIV,-0.52,37.45,c8be2bac-a599-476b-acbe-25d7472b7955,4168914.9302081,-57886.9298950325
3639,41,TUURU MATERNITY & DISPENSARY,3748,EASTERN,NORTH MERU,LAARE,AKIRANG'ONDU,MACHUNGULU,DHMT,7,MISS,0.313615,37.922787,4b66b511-5151-44dd-8129-8281ed80d346,4221545.33830178,34911.6364336486
3640,88,ROYAL MEDICAL CARE,0,COAST,MALINDI,MALINDI,MALINDI,BARANI,AMKENI,6,PRIV,-3.216478,40.112108,58adbcc7-d14d-4ff6-80d0-73462bfcc3ad,4465259.4372048,-358244.910086967
3641,60,EMBU CHILDRENS CLINIC,0,EASTERN,EMBU,CENTRAL,MUNICIPALITY,KAMIU,DSA/DFH(MOH)-UNFPA REPORT,6,PRIV,-0.540037,37.4657,0ccbcc46-f948-4661-b5a4-41edf19b53ec,4170662.64621355,-60117.5339824931
3642,78,KIKUYU NURSING HOME,238,CENTRAL,KIAMBU,KIKUYU,KIKUYU,KIKUYU TOWNSHIP,DDP,7,PRIV,-1.24637,36.6499,c8195418-8b86-4145-bc99-e96ff5c94c54,4079848.2056244,-138756.217512059
3643,33,KOIWA TEA DISP,1621,RIFT VALLEY,BURET,KONOIN,KOIWA,CHEPTINGTING,1:50000 MAPS,9,PRIV,-0.60991,35.33333,b844a7aa-42f3-4ff3-8419-e40774c9f3b7,3933288.3036307,-67896.1529138336
3644,38,AL-SHIFAA M&NH AND CLINIC,0,N. EASTERN,GARISSA,CENTRAL,WABERI,WABERI,TOWN PLAN(1:5000),7,PRIV,-0.379314,39.7172,8641d0d0-3002-4c36-ae49-0dcf689a56b1,4421298.47973461,-42225.3497745743
3645,134,LONGONOT MAT & NURSING HOME,1738,RIFT VALLEY,NAKURU,NAIVASHA,NAIVASHA TOWN,SOKONI(NAKURU),GPS,7,MISS,-0.71889,36.43997,d542cd41-28e0-4a61-9126-de666d39a1b7,4056478.90492217,-80028.5685420978
3646,64,SEA BREEZE CLINIC,0,COAST,MALINDI,MALINDI,MALINDI,SHELLA(MALINDI),AMKENI,6,PRIV,-3.222915,40.115963,0cdd49fe-bcaf-4875-95be-166b0689838f,4465688.57384181,-358962.606522285
3647,61,EMBU FAMILY HEALTH MEDICAL CLINIC,0,EASTERN,EMBU,CENTRAL,MUNICIPALITY,NJUKIRI,ILRI MKT CENTRE,6,PRIV,-0.522311,37.451526,78e8000b-7069-4add-9992-e521c38d40e8,4169084.80375105,-58144.1998808202
3648,79,LIMURU NURSING HOME,219,CENTRAL,KIAMBU,LIMURU,LIMURU,LIMURU TOWN,SUBLOC CENTROID,7,PRIV,-1.106097,36.645462,12750180-1731-4c7e-9289-1ad0b6fb8d83,4079354.16972426,-123137.803634387
3649,36,MONIRE TEA DISP,1634,RIFT VALLEY,BURET,SOTIK,MANARET,MONIRE,SUBLOC CENTROID,9,PRIV,-0.638986,35.071575,33d3676a-1ea1-445d-878d-1d5aea6318f6,3904149.87031811,-71133.0707032782
3650,0,SILOAM MEDICAL CLINIC,0,COAST,MALINDI,MALINDI,MALINDI,CENTRAL(MALINDI),DHMT,6,PRIV,-3.200035,40.082717,c80955c4-5a85-44f1-b648-2637d3d2d9dd,4461987.6460509,-356411.610380803
3651,62,EMBU MEDICAL AND DENTAL CLINIC,0,EASTERN,EMBU,CENTRAL,MUNICIPALITY,DALLAS/STADIUM,ILRI VILLAGES,6,PRIV,-0.53,37.45,2b008abf-28f1-4ddf-a413-022d9ee743f8,4168914.9302081,-59000.1715380381
3652,135,MARIE STOPES CLINIC,4607,RIFT VALLEY,NAKURU,NAKURU MUNI.,CENTRAL,AFRAHA,GPS,8,NGO,-0.28261,36.07299,5e2c8ea5-5fc6-4a94-b60f-6456ad9f2778,4015626.87819086,-31460.1288605456
3653,39,DR. ABDI NURSING HOME,0,N. EASTERN,GARISSA,CENTRAL,IFTIN,IFTIN,ILRI VILLAGES,7,PRIV,-0.47062,39.644651,b920e3e1-fcc5-4cf7-ae64-e7b2d5db4a24,4413222.36199705,-52389.7678627356
3654,80,MARIA MATERNITY & NURSING HOME,0,CENTRAL,KIAMBU,LARI,NYANDUMA,GACHOIRE,ILRI VILLAGES,7,PRIV,-0.97,36.72,8d027f3c-c85c-4c13-874a-bee2a4c452f5,4087651.70192901,-107985.064540776
3655,37,NGOINA TEA DISP,1638,RIFT VALLEY,BURET,RORET,KIBUGAT,NGOINA,DSA/DFH(MOH)-UNFPA REPORT,9,PRIV,-0.523325,35.0569,5321dad2-f77b-4a54-8f12-d18cb9ad86d8,3902516.25679072,-58257.0825439688
3656,89,SIMILANI MEDICAL CLINIC,0,COAST,MALINDI,MAGARINI,FUNDISA,MARERENI,AMKENI,6,PRIV,-2.86079,40.141833,96e92cc3-ba41-402d-b8d4-df9c70105211,4468568.40906863,-318594.090772535
3657,40,GARISSA NURSING HOME,0,N. EASTERN,GARISSA,SANKURI,RAYA,ATHEYLEY,TOWN PLAN(1:5000),7,PRIV,-0.335033,39.6988,5ced816d-0f07-44d6-a888-12f419959715,4419250.20110402,-37295.9154991785
3658,68,KAGUMO MATERNITY HOME,273,CENTRAL,KIRINYAGA,NDIA,MUTIRA,KABARI(NDIA),1:50000 MAPS,7,MISS,-0.470721,37.238738,7cdfc011-4b6e-4a9e-95bd-591128d8a398,4145397.35194413,-52401.0115106795
3659,28,SIMOTWET TEA DISP,1560,RIFT VALLEY,BURET,KIMULOT,SAOSA,CHEPKEMBE,ILRI VILLAGES,9,PRIV,-0.45,35.27,904282d6-968d-46f1-919d-fe3450c0e086,3926238.44027876,-50094.285870847
3660,102,FAMILY MEDICAL CLINIC,4455,EASTERN,EMBU,RUNYENJES,RUNYENJES TOWN,KIGAA,DSA/DFH(MOH)-UNFPA REPORT,6,PRIV,-0.422324,37.5728,a13d5689-5b6b-4881-9d97-29eb279c7451,4182584.96367751,-47013.3183437238
3661,0,ST PAUL'S MEDICAL CLINIC,0,COAST,MALINDI,MALINDI,GOSHI,PAZIANI(MALINDI),DHMT,6,PRIV,-3.142706,39.987801,d3ba0fa6-615d-46a9-b007-96efedfb71d7,4451421.64526276,-350019.986460138
3662,136,MENENGAI MEDICAL CLINIC,1786,RIFT VALLEY,NAKURU,RONGAI,LENGINET,KAMUNGEI(NAKURU),GPS,7,PRIV,-0.20312,35.96133,e281e1d7-9c28-4688-890e-69293662060f,4003196.94384888,-22611.2623323713
3663,64,GIKUURI CLINIC,0,EASTERN,EMBU,RUNYENJES,RUNYENJES TOWN,GIKUURI,ILRI MKT CENTRE,6,PRIV,-0.446452,37.554363,cd14946a-eed5-4e06-b0d1-fc6564ac5dfa,4180532.56622576,-49699.3122313932
3664,90,ST TEREZIA CLINIC,2924,COAST,MALINDI,MALINDI,MALINDI,CENTRAL(MALINDI),DHMT,6,PRIV,-3.200036,40.078666,d03a28a8-83ee-4fd2-99cf-a2ce11749702,4461536.69079369,-356411.721874142
3665,78,GSU TRAINING CAMP DISP,3102,RIFT VALLEY,KAJIADO,NGONG,CENTRAL KEEKONYOKIE,ESONORUA,1:50000 MAPS,9,OTHER MIN,-1.60135,36.3982,30b27baa-b9d4-49ae-9e49-13392d07057b,4051829.08979173,-178284.678889035
3666,137,MOLO NURSING HOME,3514,RIFT VALLEY,NAKURU,ELBURGON,TURI,KIAMBIRIRIA,GPS,7,PRIV,-0.26237,35.72823,7d632b11-ec6b-40e6-8ec0-b8c8d9594c86,3977248.37054497,-29206.9968744551
3667,69,KIANYAGA MATERNITY HOME,0,CENTRAL,KIRINYAGA,GICHUGU,BARAGWI,RAIMU,SUBLOC CENTROID,7,MISS,-0.490188,37.356903,464c5f12-33c9-401d-8f84-5dc17a478bef,4158551.41957372,-54568.1442408756
3668,28,TB CLINIC,0,N. EASTERN,WAJIR,GRIFTU,KUKALA,KUKALA,DISTRICT ESTIMATES,8,PRIV,1.691497,40.020458,b11859fa-b8bd-43d5-9093-db31b577d75f,4455057.0058736,188323.942635725
3669,138,NAIVASHA NURSING HOME,1787,RIFT VALLEY,NAKURU,NAIVASHA,NAIVASHA TOWN,SOKONI(NAKURU),1:50000 MAPS,7,PRIV,-0.708559,36.433333,d8809ff5-9469-4248-be07-5996cb22803b,4055740.07746178,-78878.4376477262
3670,91,ST. ANDREWS MED. CLINIC,0,COAST,MALINDI,MAGARINI,GONGONI,GONGONI,AMKENI,6,PRIV,-3.034115,40.137392,d3657cce-40bf-43dd-b79f-72e02f8c5417,4468074.03921002,-337914.107099487
3671,79,OLOOLAISER SECONDARY SCHOOL DISP,3249,RIFT VALLEY,KAJIADO,NGONG,ONGATA RONGAI,ONGATA RONGAI,DHMT,9,OTHER MIN,-1.393785,36.733869,a95a37c3-8f4a-4ee4-8339-9f0632065fcc,4089195.59194682,-155170.741227798
3672,70,KIRINYAGA NURSING HOME,3898,CENTRAL,KIRINYAGA,CENTRAL,KOROMA,KARIA(KIRINYAGA),HD MAPS,7,PRIV,-0.5237,37.2992,9c94ea70-b655-4f24-8420-d6418b08acbd,4152127.95099647,-58298.8290956137
3673,65,GIKUURI DISP,4343,EASTERN,EMBU,RUNYENJES,RUNYENJES TOWN,GIKUURI,DHMT,4,PRIV,-0.446452,37.554363,a2110a57-fb5c-42c7-9084-83b1f28f2eae,4180532.56622576,-49699.3122313932
3674,29,WAJIR CATHOLIC ORTH REH CENTRE,1228,N. EASTERN,WAJIR,CENTRAL,TOWNSHIP,TOWNSHIP(WAJIR),ILRI MKT CENTRE,8,MISS,1.74671,40.059406,82336ff5-e783-45a5-b140-eca19db7161c,4459392.67740101,194472.993525341
3675,139,NAKURU NURSING HOME,1788,RIFT VALLEY,NAKURU,NAKURU MUNI.,CENTRAL,BAHARINI,GPS,7,PRIV,-0.28821,36.07868,7b407202-fbb7-4ce7-b7fd-e30b3df89407,4016260.28609347,-32083.5257436362
3676,92,STAR HOSPITAL,2539,COAST,MALINDI,MALINDI,MALINDI,BARANI,AMKENI,5,PRIV,-3.214697,40.118772,27b30765-3449-4f7a-b223-5ba5d81c19db,4466001.27029144,-358046.337429313
3677,72,NJAMBI NURSING HOME,4722,CENTRAL,KIRINYAGA,MWEA,MUTITHI,KINYAGA,SUBLOC CENTROID,7,PRIV,-0.651673,37.252858,90dde594-360e-4cd4-9ba0-0e31e25fb201,4146969.18315413,-72545.4706720133
3678,212,AVENUE NURSING HOME,176,NAIROBI,NAIROBI,WESTLANDS,HIGHRIDGE,HIGHRIDGE,WAYUMBA,7,PRIV,-1.26245,36.816607,3acb7328-32b1-4df0-9fcc-197afb124f97,4098405.94397607,-140546.664019265
3679,66,GOODWILL CLINIC,0,EASTERN,EMBU,MANYATTA,NGANDORI,MANYATTA(EMBU),DHMT,6,PRIV,-0.438904,37.48382,51d44623-1a65-495f-bd33-617b3e7c5243,4172679.75538673,-48859.0476350312
3680,47,KENYA FLOURSPAR DISPENSARY,2953,RIFT VALLEY,KEIYO,SOY,SOY,CHOP,DHMT,9,PRIV,0.328668,35.628165,ab725546-314e-4104-b2da-13c1eda23075,3966109.18569873,36587.3550553024
3681,93,SUPER CLINIC,4659,COAST,MALINDI,MALINDI,MALINDI,SHELLA(MALINDI),DHMT,6,PRIV,-3.238672,40.114836,56070079-35c3-4f9f-9ca7-a66dc6c3442a,4465563.11677568,-360719.460054202
3682,56,MARIE STOPES NURSING HOME,3397,CENTRAL,MURANGA,KIHARU,MBIRI,MARAGI,GPS,7,NGO,-0.73055,37.14659,f6d7f983-fd97-4a7d-ba9f-49b422f5946f,4135139.48350651,-81326.657646814
3683,69,HURUMA DISP,4342,EASTERN,EMBU,MANYATTA,NGANDORI,KARIARI,DHMT,4,PRIV,-0.425188,37.472774,654f1d18-573c-427c-ae48-98be85e13716,4171450.12029143,-47332.146085269
3684,48,NYS CHEPSIREL DISP,2007,RIFT VALLEY,KEIYO,SOY,CHEMOIBON,CHEPSIREI,SUBLOC CENTROID,9,OTHER MIN,0.308586,35.67444,e172328f-bbdf-4513-a8f7-36ee0bf9a1ee,3971260.4951352,34351.802461796
3685,215,CHEST CLINIC,9,NAIROBI,NAIROBI,CENTRAL,STAREHE,CITY SQUARE,GPS,8,MOH,-1.28894,36.82251,ece309dd-ffa4-43ba-8b39-337f2426a89a,4099063.06293023,-143496.248430664
3686,140,RIFT VALLEY NURSING AND MATERNITY HOME,3509,RIFT VALLEY,NAKURU,NAIVASHA,NAIVASHA TOWN,LAKE VIEW,1:50000 MAPS,7,PRIV,-0.722072,36.435135,7688eaf9-ea22-49cc-88db-488e365b0194,4055940.67518419,-80382.8151690588
3687,58,WAIGANJO MEDICAL AND ENT CLINIC,0,CENTRAL,MURANGA,KIHARU,TOWNSHIP,KARURI(MURANGA),GPS,8,PRIV,-0.71809,37.15627,6454ecd2-943e-41cc-8938-5f6acc1db3f2,4136217.05617739,-79939.5059469216
3688,94,TANK E DISP,555,COAST,MALINDI,MALINDI,CHAKAMA,KISIKI CHA WANGIRIAM,DHMT,4,PRIV,-2.685982,39.602679,c0c4202d-8ee0-4918-8e36-19e9761c7642,4408550.06032948,-299111.726347097
3689,218,CITY NURSING HOME,177,NAIROBI,NAIROBI,CENTRAL,STAREHE,CITY CENTRE,WAYUMBA,7,PRIV,-1.284809,36.826936,dfa6517c-92eb-4e09-94b8-dae082b2025d,4099555.76299648,-143036.271598911
3690,141,WANGU MATERNITY & NURSING HOME,1785,RIFT VALLEY,NAKURU,NAIVASHA,NAIVASHA EAST,MARAIGUSHU,GPS,7,PRIV,-0.71768,36.47399,ff4dcec1-6aa6-4dd9-99a6-52186e3d2f8e,4060265.99399896,-79893.8613729347
3691,70,JETIMA CLINIC,0,EASTERN,EMBU,CENTRAL,MUNICIPALITY,DALLAS/STADIUM,DSA/DFH(MOH)-UNFPA REPORT,6,PRIV,-0.539175,37.447819,df5c0d92-026e-4d3f-b510-c9ff0feceeed,4168672.14239868,-60021.5723257143
3692,49,PAN PAPER MILLS DISP,0,RIFT VALLEY,KEIYO,CHEPKORIO,MARICHOR,FLAX,DHMT,9,PRIV,0.372326,35.478379,1b839f27-70d1-4718-95fc-91f27610dcfb,3949435.08445078,41447.4324377955
3693,55,NJABINI MATERNITY HOME,4540,CENTRAL,NYANDARUA,SOUTH KINANGOP,NJABINI,NJABINI,1:50000 MAPS,7,PRIV,-0.72162,36.6554,8246d77d-2b3a-4b3a-9658-d0922a769b9c,4080460.46282376,-80332.4947657339
3694,95,TOWN CENTRE MED CLINIC,0,COAST,MALINDI,MALINDI,MALINDI,SHELLA(MALINDI),AMKENI,6,PRIV,-3.221853,40.114352,59cbd0d6-183b-49fa-8a84-88f07d72080c,4465509.23814214,-358844.198004981
3695,56,CENTRAL HOSPITAL (BBK),2733,RIFT VALLEY,KERICHO,AINAMOI,TOWNSHIP,KAPKURGERWET,GPS,9,PRIV,-0.35993,35.29786,801f28b9-a987-4d98-b4d1-529b3b3b2291,3929339.80129227,-40067.4878530754
3696,93,KAPSABET NURSING HOME,3892,RIFT VALLEY,NANDI,NANDI HILLS,KAPCHORUA,SERE NGONIK,ILRI VILLAGES,7,PRIV,0.086517,35.346106,c10e24b5-15c9-49ae-acef-5bab69b77149,3934710.52144508,9631.03204495511
3697,71,JOY CLINIC,0,EASTERN,EMBU,CENTRAL,MUNICIPALITY,NJUKIRI,DHMT,6,PRIV,-0.52,37.45,ca83ccb7-6cd9-4511-9094-f3c1691f92ae,4168914.9302081,-57886.9298950325
3698,219,COPTIC CHURCH NURSING HOME,0,NAIROBI,NAIROBI,WESTLANDS,KILIMANI,KILIMANI(NAIROBI),WAYUMBA,7,PRIV,-1.29604,36.796879,1dfa2af0-45fd-4ad5-a570-c058be924942,4096209.83306171,-144286.817956879
3699,56,ST. MEMORIAL MEDICAL CLINIC & MATERNITY,0,CENTRAL,NYANDARUA,OL KALOU,KAIMBAGA,GICHUNGO,DHMT,7,PRIV,-0.26,36.38,2192e7e3-6d04-4383-bf48-2866b2a3ce87,4049803.0750593,-28943.1669400269
3700,96,TUZO MED CLINIC,0,COAST,MALINDI,MALINDI,GEDE,DABASO,AMKENI,6,PRIV,-3.326403,40.011247,540b9507-79c8-42fa-81d0-36c804ebd954,4454031.6420439,-370501.680809053
3701,77,MR AUGUSTINE N RWIGI CLINIC,2757,EASTERN,EMBU,RUNYENJES,KAGAARI NORTH,KIANJOKOMA,DHMT,6,PRIV,-0.4,37.51,375d3eb5-4293-414b-a1ac-7a7abbcf1811,4175594.0996557,-44528.1580268459
3702,222,EASTLEIGH COMMUNITY CLINIC & NURSING HOME,178,NAIROBI,NAIROBI,PUMWANI,EASTLEIGH NORTH,AIRBASE,WAYUMBA,7,PRIV,-1.269494,36.849835,849f23e6-260a-4d66-98ac-43054ee87a5e,4102104.86801615,-141330.989961357
3703,97,UPENDO HEALTHCARE CLINIC,0,COAST,MALINDI,MALINDI,LANGOBAYA,LANGOBAYA,AMKENI,6,PRIV,-3.128958,39.781548,380f0ce2-d27a-46e9-ba06-fbdec9a6e6f8,4428461.66632818,-348487.271093185
3704,97,F.P.A.K CLINIC (NYERI),3172,CENTRAL,NYERI,MUNICIPALITY,MUKARO,MAJENGO(NYERI),GPS,8,NGO,-0.42512,36.96195,a4a206aa-15d7-48fe-be0b-76553068eba3,4114585.45272644,-47324.5761514904
3705,70,MASAI NURSING HOME,3900,RIFT VALLEY,NAROK,CENTRAL,LOWER MELILI,NAROK TOWN,HD MAPS,7,PRIV,-1.08628,35.857,29a16340-4be8-404c-bc37-931f6a4c7da5,3991582.98137441,-120931.381470354
3706,57,CHEMAMUL TEA DISP,1567,RIFT VALLEY,KERICHO,SIGOWET,CHEMAMUL,CHEMAMUL(KERICHO),DISTRICT ESTIMATES,9,PRIV,-0.42123,35.10231,d158a6fe-ee42-495e-a32d-2b55dacfa819,3907571.27486764,-46891.5315209874
3707,78,MR AUGUSTINE P NJAGI CLINIC,2758,EASTERN,EMBU,RUNYENJES,KAGAARI NORTH,KIANJOKOMA,DHMT,6,PRIV,-0.396081,37.517285,c5885d7a-2e05-4efe-8e21-b7e640d0a31f,4176405.06214613,-44091.8864146128
3708,224,EQUATOR NURSING HOME,2293,NAIROBI,NAIROBI,KIBERA,NAIROBI WEST,NAIROBI WEST,WAYUMBA,7,PRIV,-1.305783,36.823983,c8aa0284-1bfa-4623-9b7f-f4877a87f469,4099227.03654017,-145371.683382927
3709,99,JAMII NURSING HOME,508,CENTRAL,NYERI,MATHIRA,KARATINA,KIHARU,GPS,7,PRIV,-0.47595,37.13012,55a30b33-4e5f-46e6-a3c5-854c7320a7b1,4133306.05149315,-52983.1209921648
3710,124,A.V.A MEDICAL CLINIC,3837,COAST,MOMBASA,CHANGAMWE,MIRITINI,MIRITINI,DSA/DFH(MOH)-UNFPA REPORT,6,PRIV,-4.010752,39.584405,b8dbc851-96fe-4a48-a912-5cabdd47c415,4406515.80795472,-446839.947425724
3711,58,CHEMOGO TEA DISP,1569,RIFT VALLEY,KERICHO,BELGUT,CHAIK,KIPTETAN,ILRI VILLAGES,9,PRIV,-0.476911,35.192617,4fec7c4b-980f-4eed-98e5-e23bc8d85cd7,3917624.20412271,-53090.1027213651
3712,47,AKEMO NURSING HOME,4289,RIFT VALLEY,TRANS MARA,KILGORIS,OLOLCHANI,OLOLCHANI,DHMT,7,PRIV,-0.931848,34.846795,8b466597-4dc1-40f9-be6c-6e1bf30a2428,3879127.4751776,-103737.418251049
3713,79,MR BENSON LUBUKHA CLINIC,2759,EASTERN,EMBU,MANYATTA,RUGURU,KIRIARI,DHMT,6,PRIV,-0.38,37.48,d74a1f9f-530b-40ba-ad6f-76adeb847673,4172254.5149319,-42301.7166217847
3714,225,FPAK CLINIC (EASTLEIGH),2617,NAIROBI,NAIROBI,PUMWANI,EASTLEIGH SOUTH,EASTLEIGH SOUTH,DISTRICT ESTIMATES,8,NGO,-1.28415,36.85123,88089157-84f6-4d70-9e82-64392f48cf24,4102260.15870581,-142962.893615933
3715,100,KARATINA  MATERNITY HOME,0,CENTRAL,NYERI,MATHIRA,KARATINA,KIHARU,GPS,7,PRIV,-0.48008,37.12912,609c5fbf-2e02-4fcb-9db1-e62595ecfc6c,4133194.73200236,-53442.8864900353
3716,59,GK PRISON DISP (KERICHO),1583,RIFT VALLEY,KERICHO,AINAMOI,TOWNSHIP,TOWNSHIP(KERICHO),GPS,9,OTHER MIN,-0.36436,35.28369,086be5d2-ef56-4d73-99b8-5e3fafe4871c,3927762.40410772,-40560.6430482226
3717,125,AAR MEDICAL SERVICES,4331,COAST,MOMBASA,ISLAND,MAJENGO,MWEMBE TAYARI,ILRI MKT CENTRE,6,PRIV,-4.056412,39.665141,cdc97b3a-725e-467c-b987-f66611159deb,4415503.29836341,-451935.417022513
3718,81,MR D K MUTHUI CLINIC,2761,EASTERN,EMBU,CENTRAL,MUNICIPALITY,NJUKIRI,DHMT,6,PRIV,-0.52,37.45,0241cd9b-83d7-47a2-9b3e-404a47b323e9,4168914.9302081,-57886.9298950325
3719,62,CHERANGANY NURSING HOME,3867,RIFT VALLEY,TRANS-NZOIA,CHERANGANY,CHERANGANY,KACHIBORA,ILRI MKT CENTRE,7,PRIV,0.987338,35.221466,52bf8a3b-4777-44d2-bcbd-5238c1ab24e1,3920835.66011261,109915.403470941
3720,226,FPAK CLINIC (PHOENIX),2676,NAIROBI,NAIROBI,PUMWANI,EASTLEIGH SOUTH,EASTLEIGH SOUTH,DISTRICT ESTIMATES,8,NGO,-1.28112,36.85001,f26a13be-99ab-4c2f-bca8-f28de06061e8,4102124.34892705,-142625.511024004
3721,101,KIHUGIRU MATERNITY DISPENSARY,504,CENTRAL,NYERI,OTHAYA,IRIA-INI,GITUNDU,GPS,7,PRIV,-0.55162,36.93888,44df90f1-ef6b-490b-a41a-05b34eb7b814,4112017.31207384,-61407.0061586736
3722,60,JAMES FINLAY FLOWER I H C,0,RIFT VALLEY,KERICHO,BELGUT,CHAIK,CHEMOGONDAY,GPS,9,PRIV,-0.41806,35.2608,b41863f9-bc17-45f9-9b15-5bb6c8299798,3925214.30096347,-46538.6392699444
3723,126,AGA KHAN HOSPITAL,694,COAST,MOMBASA,ISLAND,GANJONI,KIZINGO(MOMBASA),DSA/DFH(MOH)-UNFPA REPORT,5,PRIV,-4.070507,39.676203,51abf4cd-a301-403f-a76b-85037df29158,4416734.71457056,-453508.419497903
3724,87,MR MURUNGU L ARIMI CLINIC,2767,EASTERN,EMBU,CENTRAL,MUNICIPALITY,NJUKIRI,DHMT,6,PRIV,-0.52,37.45,d1b85de9-8623-476d-b840-5f937b855d2f,4168914.9302081,-57886.9298950325
3725,232,HURUMA MATERNITY & NURSING HOME,3346,NAIROBI,NAIROBI,EMBAKASI,UMOJA,SAVANNAH,WAYUMBA,7,PRIV,-1.277166,36.909975,ce6f0f56-4551-4deb-8168-d25309e6c9c2,4108799.62219246,-142185.244043585
3726,63,FPAK CLINIC (SABOTI),2843,RIFT VALLEY,TRANS-NZOIA,KIMININI,KIMININI,NABISWA,ILRI MKT CENTRE,8,NGO,0.899,34.912,a8c57eaa-3103-43d8-8768-5428ee4ce98e,3886386.06257477,100080.328805188
3727,102,MARIINI MATERNITY HOME,505,CENTRAL,NYERI,MUNICIPALITY,MUKARO,MARUA,GPS,7,PRIV,-0.44969,37.03057,57051203-9df9-4d8b-8037-58c01e291053,4122224.19618468,-50059.7757650663
3728,235,JAMAA MATERNITY HOSPITAL,155,NAIROBI,NAIROBI,PUMWANI,BAHATI,UHURU,WAYUMBA,7,PRIV,-1.277577,36.871434,d36d87c2-8236-4976-b2be-7f6d65ff3466,4104509.2576978,-142231.007726962
3729,88,MR NICASSIO M'NJERU CLINIC,2768,EASTERN,EMBU,KYENI,KYENI NORTH,MUFU,DHMT,6,PRIV,-0.39,37.59,2f53f0f8-3a9e-4e89-a528-67dbd15e5a17,4184499.65891916,-43414.9366630442
3730,61,KAPKWEN TEA DISP,1595,RIFT VALLEY,KERICHO,BELGUT,CHAIK,KIPTETAN,DISTRICT ESTIMATES,9,PRIV,-0.47123,35.21232,a59395a2-33a6-4fc5-8fa8-c1fafd7f0775,3919817.53204981,-52457.6750458453
3731,65,KITALE NURSING HOME,1870,RIFT VALLEY,TRANS-NZOIA,CENTRAL,MUNICIPALITY,BONDENI(TNZOIA),DHMT,7,PRIV,1.025296,34.995804,9362d12e-78e4-467e-a716-887db1dadd77,3895715.08118122,114141.520595352
3732,127,AISHABATI HAJI ABOO DISP,642,COAST,MOMBASA,ISLAND,GANJONI,KIZINGO(MOMBASA),DSA/DFH(MOH)-UNFPA REPORT,4,PRIV,-4.063738,39.679704,f888f0b3-7888-45ea-b203-f3e607495c41,4417124.44410783,-452752.995438641
3733,103,NYERI NURSING HOME,3147,CENTRAL,NYERI,MUNICIPALITY,MUKARO,KAMAKWA,GPS,7,PRIV,-0.42635,36.92364,1b573069-eb60-406a-a929-3db38cf564bf,4110320.80303415,-47461.5029051527
3734,237,KAHAWA MAT. UNIT,167,NAIROBI,NAIROBI,KASARANI,KAHAWA,KONGO SOWETO,GPS,7,LA,-1.18716,36.91278,157db8e4-db7e-4e76-a0a6-bf7984c0ae58,4109111.87336414,-132163.50359623
3735,91,MR ROBERT K NJERU CLINIC,2771,EASTERN,EMBU,RUNYENJES,KAGAARI NORTH,KIANJOKOMA,DHMT,6,PRIV,-0.39,37.5,acf10570-ec85-484e-89ac-b58b72c2d91b,4174480.90474777,-43414.9366630442
3736,66,MOI'S BRIDGE NURSING HOME,0,RIFT VALLEY,UASIN GISHU,SOY,MOI'S BRIDGE,MOI'S BRIDGE(UGISHU),1:50000 MAPS,7,NGO,0.887443,35.116301,dd89ac0e-fe9b-4c12-8fa3-fd148d6aa5d1,3909128.74586333,98793.6530959295
3737,129,ALSAFRA HEALTHCARE LTD,0,COAST,MOMBASA,ISLAND,MAJENGO,MAJENGO(MOMBASA),ILRI TOWNS,6,PRIV,-4.054344,39.661293,71632867-2adc-4283-9163-f2c0ce5cdc8f,4415074.94096283,-451704.630463545
3738,63,KERICHO FACTORY DISP,1606,RIFT VALLEY,KERICHO,BELGUT,CHAIK,KIPTETAN,DSA/DFH(MOH)-UNFPA REPORT,9,PRIV,-0.414485,35.2422,9bb9d7a8-2e4d-4252-a5e8-a74cf2360474,3923143.75843471,-46140.6615867209
3739,104,ST. CECILIA NURSING HOME,0,CENTRAL,NYERI,OTHAYA,IRIA-INI,GITUNDU,GPS,7,PRIV,-0.54674,36.94391,f418d53b-2c39-4f88-8f5a-d0767f830116,4112577.24911254,-60863.7420881924
3740,92,MR STANLEY N KANAMBIU CLINIC,2735,EASTERN,EMBU,RUNYENJES,KAGAARI NORTH,KIANJOKOMA,DHMT,6,PRIV,-0.4,37.52,1d29d133-4c07-42ef-90a3-bcc2c1526e3a,4176707.29456363,-44528.1580268459
3741,239,KIBERA FP & MATERNITY HOME,2643,NAIROBI,NAIROBI,KIBERA,KIBERA,MAKINA,GPS,7,MOH,-1.30566,36.78454,3863a4eb-34f0-4f5d-952e-a19c8435d336,4094836.26186481,-145357.987529275
3742,73,REHABILITATION CENTRE ( FAMILY LIFE),0,RIFT VALLEY,WEST POKOT,KAPENGURIA,KAPENGURIA,KAMATIRA,DISTRICT ESTIMATES,8,MOH,1.26321,35.1322,b7f21572-682f-4aef-be54-65f03e66f65d,3910898.61444745,140631.28738585
3743,132,BAKARANI GULSHAL DISP,3597,COAST,MOMBASA,KISAUNI,KISAUNI,KISAUNI,DSA/DFH(MOH)-UNFPA REPORT,4,PRIV,-4.020815,39.706815,8d5414ef-fa33-4831-9571-83d5f4afb464,4420142.42682272,-447962.912571198
3744,105,WAKA MATERNITY HOME,3920,CENTRAL,NYERI,MUNICIPALITY,MUKARO,RURINGU,GPS,7,PRIV,-0.43107,36.96809,20bbe992-6c2d-45a8-8ff9-6973e82bf60b,4115268.95439992,-47986.945610583
3745,64,KERICHO TTC DISP,1607,RIFT VALLEY,KERICHO,AINAMOI,TOWNSHIP,TOWNSHIP(KERICHO),GPS,9,PRIV,-0.36011,35.29504,f735b7a6-9cdb-4e8c-9cf6-98fa888ffb29,3929025.88032823,-40087.5257569933
3746,93,MR SYMON N MURIITHI CLINIC,2799,EASTERN,EMBU,MANYATTA,NGINDA,KIBUGU,DHMT,6,PRIV,-0.43,37.44,abfb6f7a-da02-442f-82a0-99cfe942ad85,4167801.73530017,-47867.8303925841
3747,134,BAKARINI GWISHAN CLINIC,0,COAST,MOMBASA,ISLAND,MAJENGO,MWEMBE TAYARI,DSA/DFH(MOH)-UNFPA REPORT,6,PRIV,-4.055826,39.669615,e7afc056-bccf-4549-bba2-3acfb0d9dfd1,4416001.34176522,-451870.01999758
3748,106,WAKAGORI NURSING HOME,3366,CENTRAL,NYERI,MATHIRA,KIRIMUKUYU,MBOGOINI,GPS,7,PRIV,-0.47603,37.08469,5beca659-9ee3-4505-8884-cfb1503d7e4b,4128248.80702641,-52992.0268587532
3749,65,KIMUGU TEA DISP,1611,RIFT VALLEY,KERICHO,AINAMOI,CHEBOSWA,CHAGAIK,GPS,9,PRIV,-0.34373,35.32304,332b8e47-3314-42b6-9a50-fc8809fcc77d,3932142.82607044,-38264.0780958516
3750,64,BUNGOMA MATERNITY AND NURSING HOME,2241,WESTERN,BUNGOMA,KANDUYI,TOWNSHIP,KHALABA(BUNGOMA),ILRI TOWNS,7,PRIV,0.566278,34.566654,d58e5ba2-e7db-4df1-850c-20c29c248ea2,3847942.32170728,63038.8049075387
3751,247,MARIA NURSING HOME,0,NAIROBI,NAIROBI,EMBAKASI,KAYOLE,KAYOLE,WAYUMBA,7,PRIV,-1.272263,36.918441,a645f4ef-1b2a-478f-886d-b4604a5e91e8,4109742.05300152,-141639.309474481
3752,84,CHANIA MATERNITY & NURSING HOME,3887,CENTRAL,THIKA,MUNICIPALITY,THIKA MUNICIPALITY,MAJENGO(THIKA),ILRI MKT CENTRE,7,PRIV,-1.038539,37.083114,9ce5bb9a-d109-4f21-bfae-93455cc6aea1,4128073.36750892,-115615.96374351
3753,135,BETHSAIDA CLINIC,3957,COAST,MOMBASA,CHANGAMWE,PORT REITZ,PORT REITZ,DSA/DFH(MOH)-UNFPA REPORT,6,PRIV,-4.021179,39.616003,543212f8-f006-497d-81bd-ebb53b090075,4410033.2812248,-448003.532855932
3754,38,RUNYENJES MEDICAL CLINIC,2867,EASTERN,EMBU,RUNYENJES,RUNYENJES TOWN,GICHICHE(EMBU),DSA/DFH(MOH)-UNFPA REPORT,6,PRIV,-0.419994,37.5696,e07c00c6-9fac-4b53-bd87-3f3fda353498,4182228.74130698,-46753.9369228104
3755,65,CHETAMBE NURSING HOME,3888,WESTERN,BUNGOMA,WEBUYE,WEBUYE,MARAKA,ILRI MKT CENTRE,7,PRIV,0.595069,34.754303,3f5f36b2-4e6b-42fe-9a49-3ad569d0f647,3868831.31283515,66243.9690027638
3756,66,MARINYIN TEA DISP,1629,RIFT VALLEY,KERICHO,BELGUT,CHAIK,CHEMOGONDAY,GPS,9,PRIV,-0.415134,35.293006,f766a986-6020-46a9-8b9d-36c572018ca0,3928799.45648395,-46212.9098296693
3757,249,MARIE STOPES NURSING HOME,0,NAIROBI,NAIROBI,CENTRAL,KARIOKOR,PANGANI,WAYUMBA,7,NGO,-1.263849,36.835889,f625f803-a00a-48d4-99d7-e5405c80853e,4100552.40639755,-140702.437840832
3758,136,BOMU/MKOMANI CLINIC,3308,COAST,MOMBASA,CHANGAMWE,PORT REITZ,PORT REITZ,DSA/DFH(MOH)-UNFPA REPORT,6,PRIV,-4.036862,39.617827,37c74df9-0304-44de-b47e-8202ab00ee70,4410236.32797601,-449753.681770339
3759,86,GATUNDU NURSING HOME,0,CENTRAL,THIKA,GATUNDU,NGENDA,KIMINYU,1:50000 MAPS,7,PRIV,-1.01036,36.88378,50e48a6c-3966-4550-b83e-f4b5c08a8d64,4105883.60813113,-112478.590292865
3760,36,AFYA CLINIC,3744,EASTERN,ISIOLO,CENTRAL,CENTRAL,BULLA PESA,DHMT,6,PRIV,0.333063,37.571376,ebe94798-1000-49d9-a610-5a8f1ae10d72,4182426.44472262,37076.6123750852
3761,68,KHALABA MATERNITY HOME,2478,WESTERN,BUNGOMA,CENTRAL,KABUCHAI,KABUCHAI,ILRI VILLAGES,7,PRIV,0.68,34.57,597cbab5-43ae-4b29-9ce3-00dd8e7930a7,3848314.79672347,75699.0308593211
3762,67,MATUTA TEA DISP,1630,RIFT VALLEY,KERICHO,BELGUT,CHAIK,CHEMOGONDAY,ILRI VILLAGES,9,PRIV,-0.397973,35.344488,5adddda0-8590-4fb9-87e0-b392ff6fe823,3934530.40650898,-44302.507947893
3763,263,NAIROBI WEST NURSING HOME,181,NAIROBI,NAIROBI,KIBERA,NAIROBI WEST,NAIROBI WEST,WAYUMBA,7,PRIV,-1.306259,36.820049,67c2b5a0-1ffa-4e1a-a9f1-3fec742e3f18,4098789.10566339,-145424.685229381
3764,88,THIKA MATERNITY MISSION HOSPITAL,228,CENTRAL,THIKA,MUNICIPALITY,THIKA MUNICIPALITY,KARIMENI,DDP,7,MISS,-1.02422,37.0691,04e77cbd-e0f2-4f1b-8775-153bccba9806,4126513.33616494,-114021.721662665
3765,137,BOMU-CHANGAMWE CLINIC,634,COAST,MOMBASA,CHANGAMWE,CHANGAMWE,CHANGAMWE,ILRI MKT CENTRE,6,PRIV,-4.010772,39.623941,1a9a5b6f-ad08-483a-98aa-0f169b7555ce,4410916.93534272,-446842.179281511
3766,70,LUMBOKA NURSING HOME,0,WESTERN,BUNGOMA,KANDUYI,TOWNSHIP,KHALABA(BUNGOMA),AMKENI,7,PRIV,0.565506,34.564791,8e9608db-9d1f-457b-83cc-67b61fa1035e,3847734.93349593,62952.8620688656
3767,37,ALFATAH CLINIC,4301,EASTERN,ISIOLO,CENTRAL,CENTRAL,BULLA PESA,DHMT,6,PRIV,0.334592,37.569096,358a1440-2c11-42b5-b44b-e918aae214f4,4182172.63628362,37246.822765555
3768,264,NATIONAL SPINAL INJURY HOSP.,163,NAIROBI,NAIROBI,WESTLANDS,KILIMANI,KILIMANI(NAIROBI),DDP,8,MOH,-1.28872,36.7833,6788e00e-3fc9-4583-b0e1-fdf2f8cba665,4094698.22569623,-143471.751945403
3769,68,SAMBRET TEA DISP,1642,RIFT VALLEY,KERICHO,AINAMOI,CHEBOSWA,CHEYMEN,GPS,9,PRIV,-0.3441,35.35634,9ebaf229-c59a-43a5-8f96-1a1581009adf,3935849.76511386,-38305.2670494541
3770,138,BROLLO CLINIC,3542,COAST,MOMBASA,CHANGAMWE,PORT REITZ,PORT REITZ,DSA/DFH(MOH)-UNFPA REPORT,6,PRIV,-4.02045,39.598862,bda0f856-1828-4173-9404-6ea7ba8e91b8,4408125.15383312,-447922.180710483
3771,44,BAHARI MUSLIM NURSING HOME,0,COAST,KILIFI,KIKAMBALA,MTWAPA,KANAMAI,AMKENI,7,MISS,-3.921222,39.744517,f55f7578-05f2-43ea-ac04-cb92c4ea26af,4424339.39426461,-436849.588324853
3772,71,LUMINO NURSING & MATERNITY HOME,0,WESTERN,BUNGOMA,KANDUYI,TOWNSHIP,TOWNSHIP(KANDUYI),ILRI VILLAGES,7,PRIV,0.58,34.55,39d27292-831c-4016-ae26-dc56087fd10a,3846088.40690761,64566.4073916593
3773,0,BIFTU MEDICAL CLINIC,0,EASTERN,ISIOLO,CENTRAL,CENTRAL,BULLA PESA,DHMT,6,PRIV,0.334486,37.571761,8784f8a6-ac47-442c-ba11-74ba950d02ca,4182469.30272658,37235.0226983865
3774,270,PARK ROAD NURSING HOME,182,NAIROBI,NAIROBI,CENTRAL,NGARA,NGARA EAST,WAYUMBA,7,PRIV,-1.270708,36.831304,55d4aff9-c23b-45e9-bd58-fc32f83a1ac8,4100042.00653227,-141466.165034039
3775,69,SAOSA TEA DISP,1643,RIFT VALLEY,KERICHO,BELGUT,CHAIK,CHEMOGONDAY,DSA/DFH(MOH)-UNFPA REPORT,9,PRIV,-0.414455,35.3077,eff719a7-9e3f-481e-bd9d-914e597ec96c,3930435.18508167,-46137.3219146176
3776,139,CHANGAMWE  HOSPITAL,0,COAST,MOMBASA,CHANGAMWE,CHANGAMWE,CHANGAMWE,SUBLOC CENTROID,5,PRIV,-4.016906,39.619546,f24dd16e-7e11-4708-9e5b-5d4f20a80ae0,4410427.68618069,-447526.692030089
3777,72,MALABA MEDICAL CLINIC,0,WESTERN,BUNGOMA,BUMULA,NAPARA,BITOBO,ILRI MKT CENTRE,7,PRIV,0.61,34.39,f428d435-a492-473d-953f-5e542460454e,3828277.28838068,67906.1722357637
3778,272,PRIME CARE NURSING HOME,0,NAIROBI,NAIROBI,EMBAKASI,UMOJA,UMOJA,WAYUMBA,7,PRIV,-1.287231,36.890124,06959c51-063c-4f13-b9fa-b9d59f0365bb,4106589.81898073,-143305.955334867
3779,0,CENTRAL MEDICAL CLINIC,0,EASTERN,ISIOLO,CENTRAL,CENTRAL,BULLA PESA,DHMT,6,PRIV,0.337527,37.572715,c65c28cb-6653-44a5-9da8-e47746ba87bb,4182575.5015208,37573.5510911476
3780,47,MSENANGU NURSING  & MATERNITY HOME LTD,0,COAST,KILIFI,BAHARI,KILIFI TOWNSHIP,SOKONI(KILIFI),AMKENI,7,PRIV,-3.63132,39.852235,da95e1e1-5fc8-4740-9f2c-f1b578b8645f,4436330.50717388,-404507.590605205
3781,140,CHANGAMWE HEALTH CARE CENTRE,3926,COAST,MOMBASA,CHANGAMWE,MIKINDANI,BIRIKANI,ILRI VILLAGES,6,PRIV,-4.01,39.63,d1c55621-a8d6-4352-a7fb-e9db29402bc2,4411591.42013744,-446756.02968778
3782,70,SARAMEK TEA DISP,1644,RIFT VALLEY,KERICHO,BELGUT,KAPSUSER,KAPSUSER,DSA/DFH(MOH)-UNFPA REPORT,9,PRIV,-0.388125,35.2992,db925946-5c29-41c5-8b11-47041f14777b,3929488.96940993,-43206.2078055918
3783,273,PUMWANI MATERNITY HOSPITAL,162,NAIROBI,NAIROBI,PUMWANI,PUMWANI,MAJENGO(NAIROBI),GPS,7,LA,-1.278495,36.844846,124d8337-e678-4eb6-b111-f31e69d6a1a5,4101549.49507659,-142333.224447668
3784,40,HIGHWAY CLINIC,3747,EASTERN,ISIOLO,CENTRAL,CENTRAL,BULLA PESA,DHMT,6,PRIV,0.329478,37.570004,625b7998-2a48-457e-9d2a-1967828a4505,4182273.71438126,36677.525330053
3785,73,MUMIAS MATERNITY  NURSING HOME,0,WESTERN,BUNGOMA,BUMULA,KABULA,WATOYA,ILRI MKT CENTRE,7,PRIV,0.46,34.51,21a4d611-e69b-4414-9872-e71da5e8f1f7,3841635.62727588,51207.5158820658
3786,48,MTWAPA NURSING HOME,0,COAST,KILIFI,KIKAMBALA,MTWAPA,KIDUTANI/MAWAMBA,AMKENI,7,PRIV,-3.921788,39.738359,75961d2b-b0c8-45c6-9bcd-f876ff216b41,4423653.88884031,-436912.743021986
3787,142,CRYSTAL MED CENTRE,0,COAST,MOMBASA,ISLAND,TONONOKA,TONONOKA,AMKENI,6,PRIV,-4.044877,39.676561,fe7b0fe6-8966-4884-ad97-ad77d1eb82e8,4416774.56694826,-450648.131056113
3788,274,RADIANT HEALTH NURSING HOME,183,NAIROBI,NAIROBI,CENTRAL,KARIOKOR,PANGANI,WAYUMBA,7,PRIV,-1.267894,36.839568,c18f3053-2bb1-4241-8ac8-07c04d81af01,4100961.95080418,-141152.835102537
3789,71,TEA RESEARCH DISP,1655,RIFT VALLEY,KERICHO,AINAMOI,CHEBOSWA,CHEYMEN,GPS,9,PRIV,-0.37073,35.34503,2499bdfe-11af-4373-b530-f072e8a0c7e8,3934590.74167299,-41269.7627952282
3790,74,MUMIAS ROAD NURSING HOME,4669,WESTERN,BUNGOMA,KANDUYI,MUSIKOMA,NAMASANDA,ILRI VILLAGES,7,PRIV,0.52,34.54,8c8a7458-26c2-4c0a-a751-b8ab4df2e1ed,3844975.21199968,57886.9298950441
3791,41,ISIOLO MEDICAL CENTRE,3745,EASTERN,ISIOLO,CENTRAL,CENTRAL,BULLA PESA,DHMT,6,PRIV,0.332185,37.570682,11543ca7-39f9-484f-bb50-37a5becdb5c8,4182349.18899601,36978.8722151293
3792,49,NEW WANANCHI NURS & MAT HOME,0,COAST,KILIFI,BAHARI,KILIFI TOWNSHIP,SOKONI(KILIFI),AMKENI,7,PRIV,-3.624528,39.850823,2f8f3176-0f75-4238-b214-11b1d4adc7ac,4436173.32405288,-403749.990398501
3793,182,GANA HOLA CLINIC,4337,COAST,MOMBASA,KISAUNI,BAMBURI,MWEMBE LEGEZA,ILRI MKT CENTRE,6,PRIV,-3.99007,39.7112,05d9dea7-122a-497a-80b3-85c9ed424ae8,4420630.56278985,-444532.01454109
3794,72,TENDWET TEA DISP,1658,RIFT VALLEY,KERICHO,BELGUT,CHAIK,CHEMOGONDAY,DISTRICT ESTIMATES,9,PRIV,-0.361234,35.44123,7c2d32c0-4ed1-4fb2-b126-2b31ab19459e,3945299.6766873,-40212.6513437482
3795,280,SPECIAL TREATMENT (STAFF CLINIC),52,NAIROBI,NAIROBI,CENTRAL,STAREHE,CITY CENTRE,GPS,8,LA,-1.28001,36.82299,88229179-d2f2-491e-8e1c-d43ae1b315ee,4099116.49628581,-142501.915520931
3796,75,ST. DAMIANO NURSING HOME,0,WESTERN,BUNGOMA,KANDUYI,TOWNSHIP,KHALABA(BUNGOMA),AMKENI,7,PRIV,0.55033,34.557688,bdf3fcfe-e5d2-4f0c-beaf-1eed0d36ec44,3846944.23115283,61263.3973755842
3797,57,AFYA MEDICAL CLINIC,0,EASTERN,KITUI,CENTRAL,TOWNSHIP,TOWNSHIP(KITUI),ILRI MKT CENTRE,6,PRIV,-1.362725,38.012097,6b6303d5-87b5-477e-8289-8a8c4a789cff,4231487.28202453,-151712.157199563
3798,50,PWANI MATERNITY AND NURSING HOME,0,COAST,KILIFI,BAHARI,KILIFI TOWNSHIP,HOSPITAL(KILIFI),KEMRI-KILIFI PROJECT,7,PRIV,-3.62191,39.8634,fd347a9c-3101-46f0-9c19-356beb22562d,4437573.38928859,-403457.972285995
3799,183,GANJONI CDC CLINIC,0,COAST,MOMBASA,ISLAND,GANJONI,KIZINGO(MOMBASA),DSA/DFH(MOH)-UNFPA REPORT,6,PRIV,-4.070779,39.669615,c97e7cea-6681-4d07-b52b-38e8c3762023,4416001.34176522,-453538.774977604
3800,28,BARINGO HIGH SCHOOL DISP,3494,RIFT VALLEY,KOIBATEK,ELDAMA RAVINE,ELDAMA RAVINE,ELDAMA RAVINE,SUBLOC CENTROID,9,MOH,0.05168,35.733737,124ae9b4-c48a-40ba-928d-7a1d7faefb88,3977861.40698077,5752.99206428535
3801,58,BETHSAIDA MEDICAL CLINIC,4160,EASTERN,KITUI,CENTRAL,TOWNSHIP,TOWNSHIP(KITUI),ILRI VILLAGES,6,PRIV,-1.37,38.02,901103a9-3c7f-4138-9cf5-fb36e577030d,4232367.03996027,-152522.236832646
3802,281,ST. ANNES MATERNITY,2686,NAIROBI,NAIROBI,EMBAKASI,KAYOLE,KAYOLE,WAYUMBA,7,PRIV,-1.271791,36.91678,de201f26-f3b4-4948-a144-1f4baa2f60f6,4109557.15132731,-141586.753723335
3803,59,DIANI NURSING HOME,0,COAST,KWALE,MSAMBWENI,DIANI,GOMBATO,GPS,7,PRIV,-4.26815,39.568,88fc06d7-8a28-41b4-9d15-6a13c96135b4,4404689.61170825,-475568.329307798
3804,185,GOROFA MEDICAL CLINIC,4533,COAST,MOMBASA,LIKONI,LIKONI,TIMBWANI,ILRI MKT CENTRE,6,PRIV,-4.082105,39.666637,29b9ab44-12cb-48d5-aa22-d9e54b4f1d85,4415669.83232163,-454802.777337227
3805,76,WEBUYE NURSING HOME,2242,WESTERN,BUNGOMA,WEBUYE,WEBUYE,TOWNSHIP(WEBUYE),SUBLOC CENTROID,7,PRIV,0.599862,34.779829,c9b2a379-dcef-45d3-9552-bfa8c16aaaf6,3871672.85415714,66777.5523323587
3806,29,SOLIAN GIRLS HIGH SCHOOL DISP,3424,RIFT VALLEY,KOIBATEK,ESAGERI,LEMBUS-KIPTOIM,KIPTOIM,1:50000 MAPS,9,OTHER MIN,0.022072,35.826577,3384eaef-7055-44bf-bc1a-1b267adb613e,3988196.30850601,2457.04386156439
3807,286,THE NAIROBI HOSPICE,0,NAIROBI,NAIROBI,DAGORETTI,KENYATTA/GOLF COURSE,KENYATTA,DISTRICT ESTIMATES,8,MOH,-1.30121,36.80512,2048ee2a-300e-42d1-9f9b-effe233c2d8f,4097127.21698533,-144862.487583212
3808,59,CENTRAL MEDICAL CLINIC,4150,EASTERN,KITUI,CHULUNI,NZAMBANI,KYANIKA(KITUI),ILRI TOWNS,6,PRIV,-1.374306,38.012276,9f25eb40-6373-4c2e-b59c-ff368a19524c,4231507.20821338,-153001.716052563
3809,187,HUDUMA MEDICAL CLINIC,4329,COAST,MOMBASA,CHANGAMWE,PORT REITZ,PORT REITZ,DSA/DFH(MOH)-UNFPA REPORT,6,PRIV,-4.029203,39.618556,d940d3a7-3647-4ca0-a5f2-d592aee54e09,4410317.4798848,-448898.969237774
3810,60,TUMBE TB AND LEPROSY HOSP,608,COAST,KWALE,MSAMBWENI,MSAMBWENI,VINGUJINI,GPS,8,MOH,-4.46664,39.4709,49c0e23b-47c1-44f4-be48-039020db0d8f,4393880.48915222,-497728.493816236
3811,35,BUMALA MATERNITY HOME,0,WESTERN,BUSIA,BUTULA,BUMALA,BUMALA 'A',AMKENI,7,PRIV,0.302295,34.204828,2b90dbc5-7fc7-4633-b943-b1ce7ac28bbb,3807664.03563152,33651.481593699
3812,50,ENG BAT NIR DISP,1690,RIFT VALLEY,LAIKIPIA,CENTRAL,NANYUKI,MAJENGO(LAIKIPIA),ILRI MKT CENTRE,9,AF,0.016111,37.075622,dab75ba7-5e9c-418c-baf4-5946a796b150,4127239.3618839,1793.46833980729
3813,288,UMOJA MEDICAL AND NURSING HOME (CLINIC),2696,NAIROBI,NAIROBI,EMBAKASI,UMOJA,UMOJA,WAYUMBA,7,PRIV,-1.277871,36.888084,1a22048c-d5b8-49b2-aef9-234e61545d8a,4106362.72721951,-142263.743796937
3814,69,IKUTHA MEDICAL CLINIC,0,EASTERN,KITUI,IKUTHA,IKUTHA,MAAINI,1:50000 MAPS,6,PRIV,-2.06711,38.17658,69d9fa91-677f-4937-a860-f4a1cd9ac6e7,4249797.44582868,-230159.56781568
3815,32,SEA BREEZE NURSING HOME,569,COAST,MALINDI,MALINDI,MALINDI,SHELLA(MALINDI),DSA/DFH(MOH)-UNFPA REPORT,7,PRIV,-3.239143,40.124937,0e215380-5920-4ad3-91ab-20b4e44978b8,4466687.55495219,-360771.975420964
3816,188,JAMII HEALTH CARE CLINIC,4520,COAST,MOMBASA,KISAUNI,KONGOWEA,MAWENI,ILRI MKT CENTRE,6,PRIV,-4.030596,39.692579,610184fd-8e4c-4369-9b7a-4396f02daece,4418557.68255179,-449054.421642598
3817,51,KENYA AIR FORCE DISP,1705,RIFT VALLEY,LAIKIPIA,CENTRAL,NANYUKI,MAJENGO(LAIKIPIA),ILRI VILLAGES,9,AF,0.02,37.07,b6083707-f689-4e4d-aa5f-114356ee4953,4126613.52370666,2226.38986108196
3818,36,COUNTRY NURSING HOME,2484,WESTERN,BUSIA,BUTULA,ELUGULU,BULWANI,ILRI VILLAGES,7,PRIV,0.38,34.3,d217b0c2-859f-41a0-bee6-8249bde071f6,3818258.53420929,42301.7166217967
3819,34,WATAMU MATERNITY & NURSING HOME,4477,COAST,MALINDI,MALINDI,WATAMU,JIMBA(MALINDI),AMKENI,7,PRIV,-3.323277,40.013935,a5023d00-3157-4511-966a-36c4a39944ec,4454330.86883515,-370153.109353637
3820,290,WESTLANDS MAT. UNIT,172,NAIROBI,NAIROBI,WESTLANDS,PARKLANDS,UPPER PARKLANDS,GPS,7,LA,-1.260665,36.801751,15ada79c-5e0f-479b-abf5-0439e28bb567,4096752.18162085,-140347.910551608
3821,70,ISOVYA DISP,2285,EASTERN,KITUI,CENTRAL,KYANGWITHYA WEST,MBUSYANI(CENTRAL),1:50000 MAPS,4,PRIV,-1.39068,37.9736,c4927f37-85d8-4b1a-88e1-f51d28cc4003,4227201.81558746,-154824.99214123
3822,189,JAMII MEDICARE CENTRE,0,COAST,MOMBASA,ISLAND,RAILWAY,SHIMANZI,ILRI MKT CENTRE,6,PRIV,-4.055094,39.661229,4497f5cc-8c3a-44f7-bb12-9731fe4df633,4415067.81651542,-451788.329582539
3823,37,FPAK CLINIC (BUSIA),2950,WESTERN,BUSIA,TOWNSHIP,TOWNSHIP,MJINI CENTRAL,ILRI MKT CENTRE,8,NGO,0.446296,34.117142,e4666023-ab40-457b-8cc7-eee5f2d4f03a,3797902.87476181,49681.9458638175
3824,52,LAIKIPIA AIRBASE HEALTH CENTRE,3271,RIFT VALLEY,LAIKIPIA,CENTRAL,NANYUKI,MAJENGO(LAIKIPIA),ILRI VILLAGES,9,AF,-0.031121,37.112412,e9306ef8-9298-4711-bad9-ea1d62b306e2,4131334.80595018,-3464.37404331731
3825,85,AWADH DISPENSARY,4470,COAST,MOMBASA,KISAUNI,KONGOWEA,MAWENI,DSA/DFH(MOH)-UNFPA REPORT,7,PRIV,-4.027827,39.696161,36759195-8701-4ab7-b5c5-b2d9625e4142,4418956.42896781,-448745.414216269
3826,30,ORTHODOX MISSION MAT & NUR HOME,2340,NYANZA,BONDO,RARIEDA,CENTRAL ASEMBO,RAMBA NORTH,ILRI MKT CENTRE,7,MISS,-0.06709,34.377796,8a8cce7d-680a-4789-a0a2-e550c5740c90,3826918.74531504,-7468.42634398053
3827,72,KALIMANI M/C,4159,EASTERN,KITUI,YATTA,YATTA,NDUNGUNI(KITUI),ILRI VILLAGES,6,PRIV,-1.6,37.85,7b7dc62d-954b-482b-9791-415616ba135a,4213442.72652541,-178134.3389117
3828,190,JOCHAM HOSP,0,COAST,MOMBASA,KISAUNI,KONGOWEA,KONGOWEA,AMKENI,5,PRIV,-4.036832,39.681287,59f820d4-5145-4619-970e-5047ea9f28b5,4417300.66286175,-449750.333879445
3829,38,NAMBALE COMMUNITY AND NURSING HOME,2483,WESTERN,BUSIA,NAMBALE,NAMBALE T/SHIP,SIEKUNYA,AMKENI,7,PRIV,0.447345,34.251465,28995047-6b7e-4c0d-bd79-b0487a2f42c1,3812855.64272364,49798.7235606431
3830,53,LAIKIPIA CAMPUS DISP,4401,RIFT VALLEY,LAIKIPIA,NYAHURURU,MAINA,MAINA(LAIKIPIA),ILRI TOWNS,9,MOH,0.032007,36.374279,92e12af4-abe2-4242-8fc7-a755814bb8b9,4049166.21625247,3563.00312713723
3831,31,OWEN'S MATERNITY AND NURSING HOME,4248,NYANZA,BONDO,BONDO,BONDO TOWNSHIP,NYAWITA(BONDO),GPS,7,PRIV,-0.091,34.2507,e40e23d1-2119-49b5-81ca-83736fee9962,3812770.48331318,-10130.0779211
3832,86,BAKARANI MAT. & NURSING,2941,COAST,MOMBASA,ISLAND,MAJENGO,MAJENGO(MOMBASA),AMKENI,7,PRIV,-4.051583,39.665417,5167a766-1c51-4bd0-899e-b7d55a14ccfc,4415534.02254286,-451396.506775861
3833,75,KAVISUNI MEDICAL CLINIC,0,EASTERN,KITUI,CENTRAL,MALIKU,KAVISUNI,ILRI MKT CENTRE,6,PRIV,-1.674609,37.922276,cb75a9a0-d750-409a-ae2b-3981eb868dbd,4221488.45404199,-186443.167685344
3834,191,JOY MEDICAL CLINIC,4510,COAST,MOMBASA,KISAUNI,KISAUNI,MAGOGONI,AMKENI,6,PRIV,-4.00349,39.6862,2ad62d50-6d1c-43bf-9b79-090925846487,4417847.57552002,-446029.564198217
3835,39,NEW BUSIA MNH,2482,WESTERN,BUSIA,TOWNSHIP,TOWNSHIP,MJINI CENTRAL,GPS,7,PRIV,0.45521,34.10136,02044146-c10e-49d1-9fef-db3f779e0b12,3796146.03055811,50674.2785141344
3836,0, ,0, , , , , ,ILRI TOWNS,9,AF,0.014112,37.08606,419d2934-cc1a-4df1-8b5b-7618bb9c8028,4128401.3147288,1570.94066996484
3837,29,EMENWA NURSING & MATERNITY HOME,3927,NYANZA,GUCHA,NYAMACHE,BASSI CENTRAL,EMENWA,GPS,7,PRIV,-0.82079,34.82342,e584b65e-bf22-4956-a97f-397baf501c63,3876525.3820803,-91373.0501585377
3838,40,TANAKA'S MATERNITY & NURSING HOME,0,WESTERN,BUSIA,TOWNSHIP,TOWNSHIP,MJINI CENTRAL,GPS,7,PRIV,0.45547,34.12395,d8ec893b-8909-4f6a-a615-27e494e6905a,3798660.73785513,50703.2224957558
3839,195,LIKONI MEDICAL CLINIC,0,COAST,MOMBASA,LIKONI,LIKONI,LIKONI,SUBLOC CENTROID,6,PRIV,-4.091504,39.641694,25a923a6-bba3-4334-a162-421b4affae06,4412893.19026277,-455851.736501937
3840,106,3KR LANET HEALTH CENTRE,3507,RIFT VALLEY,NAKURU,NAKURU MUNI.,LAKE NAKURU,LAKE NAKURU(NAT.PARK,GPS,9,AF,-0.29448,36.10388,6f2f12ff-91ab-4a64-86dc-d48b34b2474b,4019065.53726146,-32781.5079749331
3841,88,CHANGAMWE M&NH,681,COAST,MOMBASA,CHANGAMWE,PORT REITZ,PORT REITZ,DSA/DFH(MOH)-UNFPA REPORT,7,PRIV,-4.038617,39.617913,1b7de8f8-2a10-4db6-910a-97eb9f7ab0f7,4410245.90145222,-449949.533603115
3842,77,KISASI MEDICAL CLINIC,0,EASTERN,KITUI,CHULUNI,KISASI,MASIMBINI,1:50000 MAPS,6,PRIV,-1.527027,38.022523,7cf969fc-5841-4fa7-88e1-b8fa047f94d5,4232647.89903554,-170007.995666702
3843,30,MOGONGA NURSING & MATERNITY HOME,2329,NYANZA,GUCHA,KENYENYA,MAJOGE BORABU,IGORERA,GPS,7,PRIV,-0.86059,34.76172,c1d1a22a-9ee2-43b2-9cd6-d1d1fbaeb0a9,3869656.96949836,-95804.0429497884
3844,90,COAST IMAGING CLINIC LTD,0,COAST,MOMBASA,KISAUNI,KONGOWEA,KONGOWEA,ILRI VILLAGES,8,PRIV,-4.04,39.68,d6cbab65-a60e-4a5e-9fbb-b3d055f0f132,4417157.3946771,-450103.871841529
3845,107,5TH K.A.R. GILGIL  REGIONAL HOSPITAL,0,RIFT VALLEY,NAKURU,GILGIL,GILGIL,GILGIL,HD MAPS,9,AF,-0.5023,36.3249,211ecf77-ac53-41f0-a995-564784dbd5f6,4043669.37111659,-55916.4964885485
3846,31,MOWHITE M& N HOME(FORMERLY IGARE MC),4493,NYANZA,GUCHA,SAMETA,BASSI BOINTANGARE,IGARE,GPS,7,PRIV,-0.80143,34.80323,84ca8c96-d79a-47be-87d7-40f789f8d085,3874277.84156119,-89217.6888347052
3847,81,KIVINDINE CLINIC,0,EASTERN,KITUI,IKUTHA,KANZIKU,KIVANDENI,SUBLOC CENTROID,6,PRIV,-1.927272,38.264307,5124e5bd-b050-444c-a520-18793fc15247,4259563.1707975,-214583.407044858
3848,41,VICTORIA MNH,0,WESTERN,BUSIA,BUDALANGI,KHAJULA,MABINJU/MABUSI,AMKENI,7,PRIV,0.066948,33.992107,0245fc4c-0b3e-4085-9c36-4e53e7acaaa2,3783984.04223047,7452.61896548158
3849,196,LIKONI SOUTH CLINIC,0,COAST,MOMBASA,LIKONI,LIKONI,TIMBWANI,ILRI VILLAGES,6,PRIV,-4.081399,39.662489,c11b2493-e7cf-4dd8-a8ab-13f1e125ddef,4415208.07907382,-454723.985922573
3850,91,CORNER MTONGWE M&NH,4531,COAST,MOMBASA,LIKONI,LIKONI,TIMBWANI,DSA/DFH(MOH)-UNFPA REPORT,7,PRIV,-4.106414,39.659953,dfa3eada-4757-4d0c-a24a-c2cd43972e54,4414925.77284517,-457515.766567199
3851,35,HOMA BAY M N H,4588,NYANZA,HOMA BAY,ASEGO,HOMA BAY TOWN,ARUJO,HD MAPS,7,PRIV,-0.5591,34.4593,357d594f-8502-4f81-9332-c066c2f9560c,3835991.72909266,-62239.7150672358
3852,82,KYULUNI MEDICAL CLINIC,0,EASTERN,KITUI,YATTA,KWA VONZA,MIKUYUNI(KITUI),ILRI VILLAGES,6,PRIV,-1.37,37.83,623569b0-4ea7-4b4e-a31f-b994119ff7dc,4211216.33670954,-152522.236832646
3853,48,INAYA MATERNITY & NURSING HOME,2276,WESTERN,BUTERE/MUMIAS,BUTERE,NORTH MARAMA,INAYA,DHMT,7,PRIV,0.23,34.58,9d0a3f6f-60e2-4ed4-a886-8c53ed331d54,3849427.9916314,25603.5516462742
3854,198,MAKUPA HOSPITAL,0,COAST,MOMBASA,KISAUNI,KISAUNI,JUNDA,1:50000 MAPS,5,PRIV,-4.01702,39.6644,d5f59650-b865-41df-a5b9-9579432a6b3e,4415420.81062073,-447539.413704686
3855,109,BONDENI DISP,4610,RIFT VALLEY,NAKURU,NAKURU MUNI.,CENTRAL,BAHARINI,GPS,9,OTHER MIN,-0.28823,36.08055,bafefb52-c7e6-425c-818c-ddb65716d970,4016468.45354126,-32085.7521616216
3856,92,ENE MEDICARE CENTRE,0,COAST,MOMBASA,KISAUNI,KISAUNI,KISAUNI,AMKENI,7,PRIV,-4.003186,39.697198,f5ac061f-5f05-4ac6-8b56-5629c348ae00,4419071.86727977,-445995.640298182
3857,36,HOMA BAY NUTRITION & REHAB CLINIC,2527,NYANZA,HOMA BAY,ASEGO,HOMA BAY TOWN,TOWN(HOMABAY),SUBLOC CENTROID,8,MISS,-0.528492,34.459601,e687ef48-6795-46fc-bcde-d2f6673280d5,3836025.23625939,-58832.2945840228
3858,84,MALIKU MEDICAL CLINIC,0,EASTERN,KITUI,CENTRAL,MALIKU,MALIKU,SUBLOC CENTROID,6,PRIV,-1.600775,37.913969,06606741-905c-49c2-a505-cf41b989187a,4220563.72303197,-178220.645182879
3859,199,MARIE STOPES CLINIC,3310,COAST,MOMBASA,ISLAND,GANJONI,KIZINGO(MOMBASA),DSA/DFH(MOH)-UNFPA REPORT,6,PRIV,-4.065309,39.680556,257af697-1557-4543-a685-0a2ffc58c87d,4417219.28831398,-452928.319322509
3860,49,LUMINO MATERNITY AND NURSING HOME,4214,WESTERN,BUTERE/MUMIAS,MUMIAS,NABONGO,TOWNSHIP,AMKENI,7,PRIV,0.32893,34.487221,24eca947-582e-41ba-a03b-29e60cf7c617,3839099.88059509,36616.5212421396
3861,110,EGERTON UNIVERSITY HEALTH CENTRE,1763,RIFT VALLEY,NAKURU,MAU NAROK,MAU NAROK,SIAPEI,GPS,9,OTHER MIN,-0.573515,35.966041,0903c1fd-86e6-4287-b8a7-53ac93d06180,4003721.36997001,-63844.4639162414
3862,93,F.P.A.K.  CLINIC,3171,COAST,MOMBASA,ISLAND,GANJONI,KIZINGO(MOMBASA),DSA/DFH(MOH)-UNFPA REPORT,8,NGO,-4.065552,39.678725,fcb14dbc-9f9a-42e3-a89a-e911ff4854c4,4417015.46232634,-452955.438196927
3863,38,LABASIN M N H,2503,NYANZA,HOMA BAY,ASEGO,HOMA BAY TOWN,ARUJO,HD MAPS,7,PRIV,-0.54155,34.4572,cc3902b4-eeb3-4126-a24a-63fe6a851775,3835757.95816199,-60285.9678747114
3864,86,MATINYANI MEDICAL CLINIC,4166,EASTERN,KITUI,KABATI,KALIA,KYONDONI(KITUI),ILRI MKT CENTRE,6,PRIV,-1.305397,37.991043,399bf69b-b822-418c-b93a-e48090cb904e,4229143.56146537,-145328.702901366
3865,204,MKOMANI CLINIC,3925,COAST,MOMBASA,CHANGAMWE,CHANGAMWE,CHANGAMWE,AMKENI,6,PRIV,-4.007219,39.617402,5058ac9b-2a46-4e7f-a5f1-ff3630f29383,4410189.01719242,-446445.690957876
3866,94,GREEN CRESCENT M&N HOME,3530,COAST,MOMBASA,ISLAND,GANJONI,KIZINGO(MOMBASA),DSA/DFH(MOH)-UNFPA REPORT,7,PRIV,-4.06761,39.675845,43768bda-2213-4d95-87e4-2a398343c818,4416694.86219285,-453185.111955006
3867,50,MARAMA SHIANDA MATERNITY HOME,6116,WESTERN,BUTERE/MUMIAS,BUTERE,CENTRAL MARAMA,MUTOMA,DSA/DFH(MOH)-UNFPA REPORT,7,PRIV,0.247105,34.508,4456f71c-a9cb-42cb-bb4d-ff42748a5fd5,3841412.98829429,27507.6880473941
3868,111,FOREST INDUSTRIAL TRAINING CENTRE - FITC CLINIC,0,RIFT VALLEY,NAKURU,NAKURU MUNI.,KAPTEMBWO,VIWANDA,GPS,9,OTHER MIN,-0.27905,36.05322,e7bea2a5-7f6c-436c-844a-66897b73393c,4013426.09185787,-31063.82671292
3869,39,LADY MARGARET M N H,3428,NYANZA,HOMA BAY,ASEGO,HOMA BAY TOWN,ARUJO,HD MAPS,7,PRIV,-0.53451,34.4366,323987cd-6bba-4435-ad24-9b71cb919c09,3833464.77665165,-59502.2441050924
3870,89,MISEWANI MEDICAL CLINIC,0,EASTERN,KITUI,CENTRAL,KYANGWITHYA EAST,IVAINI,1:50000 MAPS,6,PRIV,-1.317568,38.038018,e6928d48-5e3e-422b-8977-4d45cbc30a0a,4234372.79454538,-146683.927437539
3871,95,GURU NANAK MNH,636,COAST,MOMBASA,ISLAND,MAJENGO,MAJENGO(MOMBASA),DSA/DFH(MOH)-UNFPA REPORT,7,PRIV,-4.047834,39.65994,31c47b06-ee49-4ee3-952f-47629b8e946a,4414924.32569179,-450978.125371591
3872,205,MOMBASA HOSPITAL,697,COAST,MOMBASA,LIKONI,LIKONI,BOFU(MOMBASA),DSA/DFH(MOH)-UNFPA REPORT,5,PRIV,-4.075521,39.655026,6811cc4e-62bb-4676-b1fb-2fca638dd3f5,4414377.30171403,-454067.988702447
3873,52,MUMIAS M&N HOME,3738,WESTERN,BUTERE/MUMIAS,MUMIAS,NABONGO,TOWNSHIP,AMKENI,7,PRIV,0.346343,34.490306,183fbcae-a495-460b-8b9a-9d45f8d41adf,3839443.30122419,38554.9611997196
3874,112,G.S.U MOLO DISP,1744,RIFT VALLEY,NAKURU,MOLO,SACHANGWAN,KABIANGA(NAKURU),GPS,9,AF,-0.22227,35.76769,e16dd344-b5b2-46aa-b411-dff6c0aea8d8,3981641.03765167,-24743.0452796348
3875,40,OSANO M N H,1422,NYANZA,HOMA BAY,NDHIWA,WEST KANYAMWA,KWAMO,HD MAPS,7,PRIV,-0.72645,34.3332,cffaef72-060a-46ab-8080-d387a1155bd4,3821954.34130362,-80870.2108394073
3876,93,MUTOMO PHC,3970,EASTERN,KITUI,MUTOMO,MUTOMO,KITOO(MUTOMO),ILRI MKT CENTRE,6,PRIV,-1.859235,38.199623,9d8abbb5-58f3-481d-98d3-ab451cc27a45,4252362.58085502,-207005.425682207
3877,208,MTONGWE HEALTH SUB CENTRE,0,COAST,MOMBASA,LIKONI,LIKONI,BOFU(MOMBASA),1:50000 MAPS,6,PRIV,-4.079279,39.659909,6b4e9f3f-110b-43ce-8e5d-3e264a191c18,4414920.87478757,-454487.388889753
3878,97,KIEMBENI COMMUNITY HOSP,0,COAST,MOMBASA,KISAUNI,BAMBURI,BAMBURI,AMKENI,7,PRIV,-3.991363,39.699354,2bd28d18-0960-4037-875e-dd92a0063aab,4419311.87210191,-444676.300487106
3879,64,CENTRAL M&NH,3735,WESTERN,KAKAMEGA,SHINYALU,KHAYEGA,SHITOCHI,AMKENI,7,PRIV,0.203602,34.773043,708aed61-d68b-4460-95f4-a031a0b99363,3870917.44009261,22664.9186649152
3880,113,GILGIL MIR DISP,1722,RIFT VALLEY,NAKURU,GILGIL,GILGIL,GILGIL,GPS,9,AF,-0.50329,36.31712,086e04f0-5531-44f7-ba53-a7d31b6352fa,4042803.30547822,-56026.7070279635
3881,42,SALLY NURSING HOME,3914,NYANZA,HOMA BAY,RIANA,SOUTH KABUOCH,KAGURIA KAMENYA,ILRI TOWNS,7,PRIV,-0.81,34.453,11b76755-d1e9-4ff4-ab73-fb2c15bacdb8,3835290.41630066,-90171.7912072606
3882,211,MWANDONI MEDICAL CLINIC,0,COAST,MOMBASA,KISAUNI,KISAUNI,KISAUNI,ILRI MKT CENTRE,6,PRIV,-4.016805,39.696283,670b5fcc-afef-4a87-b6d4-0ef5840f4b26,4418970.00994569,-447515.42107426
3883,94,MUTONGUNI DISP,4138,EASTERN,KITUI,KABATI,MUTONGUNI,KAIMU,DSA/DFH(MOH)-UNFPA REPORT,4,PRIV,-1.18072,37.9844,70cfef21-2d20-405e-9566-353536930ea3,4228404.06608803,-131446.452995136
3884,100,LIKONI NURSING HOME,3537,COAST,MOMBASA,ISLAND,GANJONI,KIZINGO(MOMBASA),DSA/DFH(MOH)-UNFPA REPORT,7,PRIV,-4.067468,39.677462,3aa2205d-0951-4f45-8270-23fa443e19ec,4416874.86580947,-453169.264670063
3885,114,GK FARM DISP,4616,RIFT VALLEY,NAKURU,NAIVASHA,NAIVASHA TOWN,SOKONI(NAKURU),GPS,9,OTHER MIN,-0.65391,36.41526,5f4a5411-7625-4572-b692-ffefc3c34451,4053728.20030467,-72794.5085363945
3886,65,EAST WANGA NURSING HOME,0,WESTERN,KAKAMEGA,KABRAS,KABRAS EAST,MUSINGU,AMKENI,7,PRIV,0.442693,34.852345,2db41225-5a98-41b8-bbe0-c59917669b77,3879745.2983515,49280.8496685131
3887,43,ST. PAUL'S MISS H C,3293,NYANZA,HOMA BAY,ASEGO,HOMA BAY TOWN,TOWN(HOMABAY),HD MAPS,7,MISS,-0.52338,34.463,c8de9d44-2d1b-4c8c-b57b-15222eb07295,3836403.6112086,-58263.2053713902
3888,212,MWEMBE TAYARI CLINIC,0,COAST,MOMBASA,ISLAND,GANJONI,KIZINGO(MOMBASA),DSA/DFH(MOH)-UNFPA REPORT,6,PRIV,-4.062756,39.676544,a0115f79-f6aa-44da-b634-2a4e926a3f2b,4416772.67451692,-452643.404234676
3889,101,THE KITUI HOSPITAL,4136,EASTERN,KITUI,CHULUNI,NZAMBANI,KYANIKA(KITUI),ILRI TOWNS,5,PRIV,-1.374306,38.012276,8f5c62eb-40e4-4c96-bcc5-cd05b5aaf84a,4231507.20821338,-153001.716052563
3890,101,LIKONI SCHOOL FOR THE BLIND DISP,4534,COAST,MOMBASA,LIKONI,LIKONI,BOFU(MOMBASA),ILRI VILLAGES,8,MISS,-4.08,39.65,6f0d5588-50de-4472-a8b5-e24fab17dd5f,4413817.8099533,-454567.854131309
3891,102,TULIA TREATMENT CLINIC,4164,EASTERN,KITUI,KABATI,MUTONGUNI,KAIMU,ILRI MKT CENTRE,6,PRIV,-1.181497,37.978158,67d1085b-4457-4390-81b6-c3d6b4c7de81,4227709.2098265,-131532.96662067
3892,115,GK OPEN PRISON DISP (NAIVASHA),1748,RIFT VALLEY,NAKURU,NAIVASHA,NAIVASHA TOWN,SOKONI(NAKURU),GPS,9,OTHER MIN,-0.70664,36.43879,699d5f86-21a2-4b43-8a15-5ab52613fa98,4056347.54792303,-78664.799252911
3893,44,VICTORIA M N H,3647,NYANZA,HOMA BAY,ASEGO,HOMA BAY TOWN,TOWN(HOMABAY),HD MAPS,7,PRIV,-0.52325,34.4644,1a3db3d8-37a1-4e33-a37c-11102b55fa22,3836559.45849571,-58248.7332339412
3894,103,MAKUPA MNH,3529,COAST,MOMBASA,ISLAND,TONONOKA,TONONOKA,DSA/DFH(MOH)-UNFPA REPORT,7,PRIV,-4.042717,39.661711,53074fb9-2520-432f-8cc2-00b29d56d143,4415121.47250998,-450407.080846264
3895,66,EMUKABA MNH,3205,WESTERN,KAKAMEGA,MUNICIPALITY,SHIEYWE,TOWNSHIP(KAKAMEGA),AMKENI,7,PRIV,0.291132,34.755453,ba37358e-99fa-4218-9f56-d87b28f4d1c0,3868959.33024956,32408.8054528854
3896,214,NEW MVITA HOSPITAL,0,COAST,MOMBASA,LIKONI,MTONGWE,MTONGWE,ILRI VILLAGES,5,PRIV,-4.0502,39.638071,838cce86-3cb0-4444-b5c4-109c7b5d6a89,4412489.87974763,-451242.166330953
3897,106,BETHANY HOSPITAL,1036,EASTERN,MACHAKOS,CENTRAL,MASAKU,EASTLEIGH,HD MAPS,5,PRIV,-1.5205,37.27,69fd4773-5ac8-44d3-bed4-0d4d8f19a074,4148877.42186531,-169281.156326479
3898,116,GK PRISON DISP (NAIVASHA),1749,RIFT VALLEY,NAKURU,NAIVASHA,NAIVASHA TOWN,SOKONI(NAKURU),GPS,9,OTHER MIN,-0.70664,36.43879,efd0cab6-23da-40f5-9100-f970d457f1fa,4056347.54792303,-78664.799252911
3899,104,MARY IMMACULATE MNH,691,COAST,MOMBASA,ISLAND,MAJENGO,MWEMBE TAYARI,DSA/DFH(MOH)-UNFPA REPORT,7,PRIV,-4.053967,39.667497,c2fd22b3-a324-469b-bff2-25a4dd2e0a3a,4415765.56708371,-451662.557735724
3900,217,PANDYA MEMORIAL HOSPITAL,698,COAST,MOMBASA,ISLAND,GANJONI,KIZINGO(MOMBASA),DSA/DFH(MOH)-UNFPA REPORT,5,PRIV,-4.067132,39.677274,5e7c50d2-6262-406c-9a88-c5ad952cc4ef,4416853.9377452,-453131.766880186
3901,67,ESHISIRU M N H,2404,WESTERN,KAKAMEGA,LURAMBI,BUTSOTSO SOUTH,ESHIBULI,AMKENI,7,PRIV,0.27976,34.675534,a21b31e4-3638-42a4-a930-b93d49dc95c0,3860062.78786485,31142.86449118
3902,37,FPAK KISII CLINIC,3022,NYANZA,KISII CENTRAL,TOWNSHIP,TOWNSHIP,TOWNSHIP(KISII),GPS,8,NGO,-0.66931,34.77107,e5713789-a2bd-4f07-9577-e1005deccc47,3870697.80673728,-74508.9429994287
3903,107,CANAAN MEDICAL CLINIC,0,EASTERN,MACHAKOS,MAVOKO,SETTLED AREA,ATHI RIVER NORTH,ILRI MKT CENTRE,6,PRIV,-1.445688,36.905714,e30d6536-373a-4f1d-ae89-82b23d403a71,4108325.28984219,-160950.331207173
3904,106,MVITA MATERNITY HOSP,3906,COAST,MOMBASA,ISLAND,OLD TOWN,MJI WA KALE,DSA/DFH(MOH)-UNFPA REPORT,7,PRIV,-4.054932,39.675694,27c896d6-7863-4616-9c36-87bb12a14e42,4416678.05294975,-451770.250566261
3905,117,GK PRISON MAXIMUM DISP (NAIVASHA),2780,RIFT VALLEY,NAKURU,NAIVASHA,NAIVASHA TOWN,SOKONI(NAKURU),GPS,9,OTHER MIN,-0.70664,36.43879,c82958d4-5c3f-4de3-ad03-92c723f5d0e0,4056347.54792303,-78664.799252911
3906,68,FPAK CLINIC (KAKAMEGA),3170,WESTERN,KAKAMEGA,MUNICIPALITY,SHIEYWE,TOWNSHIP(KAKAMEGA),AMKENI,8,NGO,0.282512,34.751059,5af5bb8a-5836-4123-8fa7-abcd0dd47400,3868470.19240701,31449.2194177929
3907,220,SAIFEE FOUNDATION CLINIC,640,COAST,MOMBASA,ISLAND,GANJONI,KIZINGO(MOMBASA),DSA/DFH(MOH)-UNFPA REPORT,6,PRIV,-4.061297,39.678732,fa236ccf-fa34-4b61-aa61-478b667b0685,4417016.24156277,-452480.580075122
3908,38,GUCHA M AND N HOME,4244,NYANZA,KISII CENTRAL,MASABA,NYARIBARI NYAMAGESA,ICHUNI,GPS,7,PRIV,-0.77745,34.9462,e0371240-89cf-41b0-b7c7-4e6bd61bcb41,3890193.1891599,-86547.9940194968
3909,108,CENTRAL MEDICAL CLINIC,0,EASTERN,MACHAKOS,KANGUNDO,KANGUNDO,MUISUNI,ILRI MKT CENTRE,6,PRIV,-1.298303,37.355084,87a2be28-9fdf-403f-9965-7bbbf6c3a59f,4158348.92941996,-144538.798540106
3910,107,NEW NYALI BRIDGE NURSING HOME,3536,COAST,MOMBASA,LIKONI,MTONGWE,MTONGWE,ILRI MKT CENTRE,7,PRIV,-4.050336,39.637375,dbdac969-25ca-4b19-8a31-c2ed7eb952ed,4412412.40138204,-451257.343687663
3911,118,GK PRISON NAKURU DISP (NAKURU),1754,RIFT VALLEY,NAKURU,NAKURU MUNI.,KAPTEMBWO,VIWANDA,GPS,9,OTHER MIN,-0.26324,36.05448,d20042a8-f342-4e5a-a3fd-044bea7dac4f,4013566.35441627,-29303.845850236
3912,69,GLORY NURSING HOME,3113,WESTERN,KAKAMEGA,MUNICIPALITY,SHIEYWE,TOWNSHIP(KAKAMEGA),AMKENI,7,PRIV,0.282238,34.747519,5b080105-5f46-4b60-85d1-a13c3fcd0aab,3868076.12140961,31418.7175068891
3913,223,SHALOM HEALTH SERVICES,3670,COAST,MOMBASA,KISAUNI,BAMBURI,MWEMBE LEGEZA,DSA/DFH(MOH)-UNFPA REPORT,6,PRIV,-4.00128,39.715448,85fc5744-6af3-4a65-8ea1-9e3d3562801c,4421103.44798674,-445782.946659306
3914,109,CRESCENT MEDICAL CLINIC,0,EASTERN,MACHAKOS,CENTRAL,MUMBUNI,MUNGALA,ILRI VILLAGES,6,PRIV,-1.48,37.27,c7f0d74a-aeae-4459-a00d-ea6b8356e392,4148877.42186531,-164771.170880821
3915,39,ISANA NURSING HOME,4241,NYANZA,KISII CENTRAL,KEUMBU,BOSONGO,BOBARACHO,GPS,7,PRIV,-0.68831,34.78759,eb2a1fa9-86b4-4c95-93e0-3c8648d38111,3872536.80472518,-76624.1617811923
3916,108,NEW PORT REITZ MAT. HOME,703,COAST,MOMBASA,CHANGAMWE,PORT REITZ,PORT REITZ,DSA/DFH(MOH)-UNFPA REPORT,7,PRIV,-4.040547,39.607608,a20829f8-0774-4f36-b4bf-3c8570aa58d2,4409098.75409959,-450164.915309951
3917,119,GSU KABARAK DISP,4632,RIFT VALLEY,NAKURU,RONGAI,LENGINET,KAMUNGEI(NAKURU),GPS,9,OTHER MIN,-0.20293,35.96116,a4a3b570-0960-4794-a6a6-cf6b7e474ebe,4003178.01953545,-22590.1114963382
3918,70,HIGHWAY NURSING HOME,2355,WESTERN,KAKAMEGA,MUNICIPALITY,BUKHUNGU,MAHIAKALO,AMKENI,7,PRIV,0.282265,34.754503,05dcc0b4-67c1-4939-8342-2e235eebbeff,3868853.57673331,31421.7231696098
3919,225,SHANZU CLINIC,0,COAST,MOMBASA,KISAUNI,BAMBURI,SHANZU,SUBLOC CENTROID,6,PRIV,-3.976677,39.743511,5e42e2ad-f0bd-49f8-9eeb-5de8b0123ec3,4424227.40685687,-443037.502230386
3920,110,DAWA MEDICAL CENTRE,0,EASTERN,MACHAKOS,MAVOKO,SETTLED AREA,ATHI RIVER TOWNSHIP,ILRI VILLAGES,6,PRIV,-1.45,36.98,980563b6-5d2a-4d09-8450-65b13b104e85,4116594.76953527,-161430.494148639
3921,40,ITIERIO M &NH,1255,NYANZA,KISII CENTRAL,TOWNSHIP,TOWNSHIP,TOWNSHIP(KISII),GPS,7,MISS,-0.676233,34.7709,9be72b67-bb42-42de-89fd-41c698cd4ee9,3870678.88242384,-75279.6609659587
3922,120,HOMEGROWN HOSPITAL,2813,RIFT VALLEY,NAKURU,NAIVASHA,HELL'S GATE,OLKARIA,GPS,9,PRIV,-0.83118,36.34839,fbbceb62-121d-4637-ad46-f2c798d2962a,4046284.26595532,-92529.7798664131
3923,110,PORT REITZ POLIO CLINIC,0,COAST,MOMBASA,CHANGAMWE,PORT REITZ,PORT REITZ,SUBLOC CENTROID,8,PRIV,-4.025135,39.601296,cb154308-6f4d-480d-9c02-7b8d9824b0e5,4408396.10547371,-448445.000637281
3924,226,SHANZU MEDICAL CENTRE,0,COAST,MOMBASA,KISAUNI,BAMBURI,BAMBURI,ILRI VILLAGES,6,PRIV,-3.97,39.685,31b17a6d-27bc-4b2c-b191-c2bd74e40bc1,4417713.99213107,-442292.431138629
3925,71,KAKAMEGA HIGHWAY NURSING HOME,0,WESTERN,KAKAMEGA,MUNICIPALITY,SHIEYWE,TOWNSHIP(KAKAMEGA),AMKENI,7,PRIV,0.285934,34.753168,16584552-58f1-4170-aded-bc9ee992d849,3868704.9652131,31830.1594023862
3926,41,KISII MATERNITY DISPENSARY,1268,NYANZA,KISII CENTRAL,TOWNSHIP,TOWNSHIP,TOWNSHIP(KISII),ILRI MKT CENTRE,7,PRIV,-0.672524,34.770603,756950ab-80ef-4d43-b350-6b14322c4237,3870645.82053508,-74866.7483732637
3927,111,DIGITAL MEDICAL CENTRE,0,EASTERN,MACHAKOS,KANGUNDO,KANGUNDO,MUISUNI,ILRI VILLAGES,6,PRIV,-1.32,37.35,24549a73-8c7b-476a-baf8-6c13dfa7cd7f,4157782.98112878,-146954.728169484
3928,121,KENYATTA BARRACKS MIR DISP,1765,RIFT VALLEY,NAKURU,GILGIL,GILGIL,GILGIL,GPS,9,AF,-0.49058,36.34158,02d8f774-581b-4092-a562-5f050f73b1b4,4045526.18022302,-54611.7830796048
3929,113,SAYIDA FATIMA MATERNITY HOSP,3544,COAST,MOMBASA,KISAUNI,KONGOWEA,MAWENI,DSA/DFH(MOH)-UNFPA REPORT,7,PRIV,-4.023671,39.71047,550af597-9ebf-4232-9551-ca7c2af6bc9e,4420549.29956157,-448281.626061832
3930,227,SHANZU TT COLLEGE DISP,673,COAST,MOMBASA,KISAUNI,BAMBURI,BAMBURI,DSA/DFH(MOH)-UNFPA REPORT,4,PRIV,-3.972787,39.683394,329a195e-d251-4164-bc9e-d393adbaa936,4417535.21302886,-442603.425333132
3931,72,LADY THARAU NURSING HOME,3901,WESTERN,KAKAMEGA,MUNICIPALITY,SHIEYWE,TOWNSHIP(KAKAMEGA),AMKENI,7,PRIV,0.289968,34.748275,21dee2e8-7ca4-4f1f-a61a-20561896b7c1,3868160.27894464,32279.2278995207
3932,49,BORABU MATERNITY AND NURSING HOME,0,NYANZA,KISII NORTH,BORABU,NYASIONGO,NYANSIONGO/GESIMA,ILRI VILLAGES,7,PRIV,-0.75,35.02,37ea0e77-bd08-4517-9558-205cb4eab681,3898408.56758045,-83492.0024838433
3933,112,DR. A. K. SHAH'S CLINIC,0,EASTERN,MACHAKOS,MATUNGULU,TALA,KYAUME,ILRI MKT CENTRE,6,PRIV,-1.266418,37.321387,b63b39f2-295e-4713-bfab-80cfbb8ec45a,4154597.79653871,-140988.487342917
3934,122,M.R.S. HOSPITAL LANET,0,RIFT VALLEY,NAKURU,NAKURU MUNI.,LANET,LANET(MUNICIPALITY),1:50000 MAPS,9,AF,-0.30271,36.15312,bbd200dc-56b4-4ea4-ac47-cbf50987391d,4024546.90898812,-33697.6798262463
3935,116,SINGAWA NURSING HOME,4532,COAST,MOMBASA,LIKONI,LIKONI,TIMBWANI,DSA/DFH(MOH)-UNFPA REPORT,7,PRIV,-4.095193,39.66828,76c01fdb-97af-4996-a6ed-f239ba3d3aa4,4415852.730245,-456263.444338788
3936,50,FAIRVIEW NURSING HOME,3282,NYANZA,KISII NORTH,RIGOMA,GESIMA,NYATIENO,HD MAPS,7,PRIV,-0.68395,34.9646,5f242b6c-cdf6-4182-b18d-07f868f70b40,3892241.4677905,-76138.7739978519
3937,228,SHREE CUTEH SAT SARIF SWAMINARA DISP,641,COAST,MOMBASA,ISLAND,GANJONI,GANJONI,DSA/DFH(MOH)-UNFPA REPORT,4,PRIV,-4.064793,39.667175,79ea8589-d6a9-4728-bb6e-d195557b4038,4415729.72220768,-452870.733591597
3938,74,LURAMBI MEDICAL CENTRE,0,WESTERN,KAKAMEGA,KABRAS,KABRAS SOUTH,SHAMBERERE,AMKENI,7,PRIV,0.376711,34.851996,c3f45ae2-f7f4-4b7d-b2cf-79b0b11b2ac6,3879706.44784921,41935.5788334969
3939,113,DR. BIPIN M. PATEL'S CLINIC,0,EASTERN,MACHAKOS,CENTRAL,MASAKU,EASTLEIGH,ILRI MKT CENTRE,6,PRIV,-1.516996,37.260887,1a57c1e8-a94a-4916-81b6-ede78f144978,4147862.96734571,-168890.955755551
3940,123,NAKURU EAST DISP,4553,RIFT VALLEY,NAKURU,NAKURU MUNI.,LANET,LANET(MUNICIPALITY),GPS,9,OTHER MIN,-0.29021,36.11809,d997dc18-dc7c-4519-ae19-9da48cde35f9,4020647.38722563,-32306.1675615677
3941,118,TUDOR NURSING HOME,3531,COAST,MOMBASA,ISLAND,TUDOR,TUDOR FOUR,SUBLOC CENTROID,7,PRIV,-4.035939,39.66558,c374ee90-9833-457b-b4e5-b3cc912ac8ab,4415552.16761986,-449650.678383738
3942,51,GREENVIEW MATERNITY AND NURSING HOME,3472,NYANZA,KISII NORTH,EKERENYO,KIABONYORU,NYARAMBA(NYAMIRA),ILRI MKT CENTRE,7,PRIV,-0.559981,34.972719,be71a073-fa7f-4a93-9d58-5351e7bec020,3893145.27073625,-62337.7922154616
3943,75,MARABA MATERNITY AND NURSING HOME,3115,WESTERN,KAKAMEGA,MUNICIPALITY,SHIEYWE,SICHILAYI,AMKENI,7,PRIV,0.292264,34.746644,ed43887f-e151-4ccd-9571-80d2ed7de2d7,3867978.71685516,32534.8207495671
3944,124,IKOMBE MEDICAL CLINIC,0,EASTERN,MACHAKOS,YATTA,IKOMBE,IKOMBE,1:50000 MAPS,6,PRIV,-1.28874,37.6765,fd56b47b-6c6f-4845-aad7-242911503793,4194128.79487278,-143473.978898521
3945,124,NAKURU WAR MEMORIAL HOSPITAL,0,RIFT VALLEY,NAKURU,NAKURU MUNI.,CENTRAL,AFRAHA,GPS,9,AF,-0.27957,36.08022,bf052a7d-a64f-4465-b26b-615fa401fd32,4016431.71810929,-31121.7135359609
3946,232,TUDOR CLINIC,0,COAST,MOMBASA,ISLAND,OLD TOWN,MJI WA KALE,DSA/DFH(MOH)-UNFPA REPORT,6,PRIV,-4.050004,39.673533,6e1190fd-44c9-4c4a-ab45-45e0d2b6026f,4416437.49153014,-451220.293086059
3947,120,VIBAKHAR'S M&N HOME,3306,COAST,MOMBASA,ISLAND,GANJONI,KIZINGO(MOMBASA),DSA/DFH(MOH)-UNFPA REPORT,7,PRIV,-4.062772,39.672278,8b4e5d28-9bf6-40c3-ac24-8c9c7259be56,4416297.7855692,-452645.189833667
3948,52,KEROKA DISPENSARY,1269,NYANZA,KISII NORTH,RIGOMA,EAST KITUTU,BOCHARIA,ILRI VILLAGES,7,PRIV,-0.77,34.95,e09fad2a-fd8a-4c95-972d-97660a8f43e9,3890616.20322492,-85718.588188704
3949,76,MARIE STOPES CLINIC,3741,WESTERN,KAKAMEGA,MUNICIPALITY,SHIEYWE,TOWNSHIP(KAKAMEGA),ILRI MKT CENTRE,8,NGO,0.290182,34.752693,2fb4b8cf-8774-4e82-b9f3-f53fa6c8625d,3868652.08845497,32303.0505758597
3950,127,KATHIANI MEDICAL CLINIC,0,EASTERN,MACHAKOS,KATHIANI,KATHIANI,KATHIANI(MACHAKOS),1:50000 MAPS,6,PRIV,-1.40991,37.33333,2693b8fc-2927-4f3b-8b1a-4fe781e5318d,4155927.28521725,-156966.305432537
3951,62,BARATON UNIVERSITY DISP,4314,RIFT VALLEY,NANDI,KAPSABET,KAPSABET,TOWNSHIP(KAPSABET),ILRI VILLAGES,9,PRIV,0.2,35.1,801610ab-3b24-4189-b84b-6b4947c02c41,3907314.12684391,22263.9433719398
3952,49,FAMILY PLANNING CLINIC(TAVETA),2895,COAST,TAITA TAVETA,TAVETA,BOMANI,MJINI(TAVETA),ILRI MKT CENTRE,8,PRIV,-3.389647,37.657043,c693c65a-88cd-4490-9a90-7493f2d52ddc,4191962.85154041,-377554.079957546
3953,233,TUDOR HARAMBEE CLINIC,0,COAST,MOMBASA,ISLAND,TUDOR,TUDOR,SUBLOC CENTROID,6,PRIV,-4.033577,39.658951,9a76da8d-12e6-42ff-8526-ed9a8c0b00c0,4414814.23071539,-449387.08845188
3954,53,KEROKA MAT & NURSUNG HOME,3006,NYANZA,KISII NORTH,RIGOMA,EAST KITUTU,BOCHARIA,ILRI MKT CENTRE,7,PRIV,-0.773547,34.949828,23bbe07c-d898-4e17-8d61-ed0577249686,3890597.0562725,-86113.4742462531
3955,50,FPAK CLINIC (TAVETA),2893,COAST,TAITA TAVETA,TAVETA,BOMANI,MJINI(TAVETA),ILRI TOWNS,8,NGO,-3.392756,37.671715,1863f5f9-d5bc-41b3-b17a-c2a5943efb15,4193596.13110933,-377900.779351658
3956,77,MATUNDA MATERNITY HOME,0,WESTERN,KAKAMEGA,IKOLOMANI,SHISERE,SHISESO,AMKENI,7,PRIV,0.222113,34.712345,190e0973-33a9-47c1-a659-62f488b54280,3864160.56964044,24725.5679881684
3957,64,CHEMELIL SISAL DISP(NANDI),2047,RIFT VALLEY,NANDI,KAPTUMO,KABOI,KAPSOO,ILRI MKT CENTRE,9,PRIV,0.088631,35.102257,91ded548-5b2b-4613-a809-47ff1221206b,3907565.37493463,9866.36172338456
3958,236,VYEMANI HEALTH CENTRE,4535,COAST,MOMBASA,LIKONI,SHIKA ADABU,VYEMANI,SUBLOC CENTROID,6,PRIV,-4.102026,39.627976,5df2b1dd-d1f4-4de7-b660-1d5873c80a5a,4411366.10948807,-457026.04074658
3959,54,NYAMIRA NURSING HOME,1513,NYANZA,KISII NORTH,RIGOMA,GESIMA,NYATIENO,HD MAPS,7,PRIV,-0.68127,34.9446,1ead2f68-648e-4a57-8eac-122a5bf4d131,3890015.07797463,-75840.4165885565
3960,78,MUKABA NURSING HOME,4226,WESTERN,KAKAMEGA,LURAMBI,SHIKOTI,INDANGALASIA(KK),ILRI VILLAGES,7,PRIV,0.35,34.77,956def39-5c79-46d9-9d9f-c4a632dd9874,3870578.69488213,38962.0640940895
3961,65,CHEMOMI TEA ESTATE DISP,2048,RIFT VALLEY,NANDI,KAPTUMO,KABOI,MUGUNDOI(NANDI),ILRI MKT CENTRE,9,PRIV,0.126,35.111,daac1a55-c2ea-4c2e-ae5e-b060eae39c5e,3908538.64124263,14026.2671453794
3962,79,NALA NURSING HOME,3736,WESTERN,KAKAMEGA,MUNICIPALITY,SHIEYWE,TOWNSHIP(KAKAMEGA),AMKENI,7,PRIV,0.281653,34.749134,b0ebfe19-3656-4472-a4e6-dcbd69f36b9f,3868255.90238723,31353.5948163032
3963,57,BURA NDOGO DISP,3314,COAST,TAITA TAVETA,TSAVO N. PARK,TSAVO N. PARK,TSAVO N. PARK,ILRI MKT CENTRE,4,PRIV,-3.084244,39.174841,fec90b8f-bcd1-4690-9d1c-ce3d3d6b5ab1,4360923.35202746,-343502.405662675
3964,66,G K PRISON DISP (NANDI),2132,RIFT VALLEY,NANDI,KAPSABET,KAPSABET,TOWNSHIP(KAPSABET),1:50000 MAPS,9,OTHER MIN,0.197133,35.0972,547caa5b-18de-45c6-bdf3-f60ef829ffa3,3907002.43226969,21944.7884751753
3965,55,NYANSIONGO NURSING HOME,3471,NYANZA,KISII NORTH,BORABU,NYASIONGO,NYANSIONGO/GESIMA,HD MAPS,7,MISS,-0.77634,34.9767,f27a2bbd-52d8-4a26-acc8-d94dea93e291,3893588.4336291,-86424.4180247545
3966,80,SHIKOTI NURSING HOME ANNEXE,0,WESTERN,KAKAMEGA,LURAMBI,SHIKOTI,MURUMBA,AMKENI,7,PRIV,0.317729,34.737702,6295a211-41ab-49e6-9a9f-ff60d626f2ea,3866983.29796849,35369.6117697222
3967,58,DAWIDA MEDICAL CLINIC,0,COAST,TAITA TAVETA,TSAVO N. PARK,TSAVO N. PARK,TSAVO N. PARK,ILRI VILLAGES,6,PRIV,-3.32,38.02,65a11486-3d71-4c14-b4dd-0dd3a5f708d9,4232367.03996027,-369787.701499109
3968,67,KABOSWA TEA ESTATE DISP,2054,RIFT VALLEY,NANDI,KILIBWONI,LOLMININGAI,NDUBENETI(NANDI),ILRI VILLAGES,9,PRIV,0.28631,35.243028,fed49fb2-4542-4b49-95d7-dff8cc278750,3923235.93097309,31872.016052831
3969,50,BOYA RURAL NURING HOME,1334,NYANZA,KISUMU,KADIBO,KOMBURA,LELA,ILRI MKT CENTRE,7,PRIV,-0.172,34.90012,657d9705-67e5-4c44-a9ce-9cf64c5b0f40,3885063.58702415,-19146.9811745946
3970,81,ST.PAULINES MNH,3737,WESTERN,KAKAMEGA,SHINYALU,SHIBUYE,SHING'ONDO,AMKENI,7,PRIV,0.228256,34.813641,abafa9c3-df24-41b3-8955-072af6574721,3875436.78877984,25409.4089019274
3971,67,KIGHAMBO CLINIC,4653,COAST,TAITA TAVETA,TAUSA,RONGE,KIGHOMBO/MARUMB,SUBLOC CENTROID,6,PRIV,-3.400711,38.443588,151b7f23-7687-4234-8546-892050a3afaf,4279520.64042641,-378787.884361124
3972,51,CENTRAL NURSING HOME,4674,NYANZA,KISUMU,KADIBO,KAWINO,KADHIAMBO,ILRI VILLAGES,7,PRIV,-0.25,34.82,626befa5-f51a-4815-9cce-4c6e1bb504f4,3876144.66942179,-27829.9610056503
3973,14,MOTRACO NURSING HOME,0,WESTERN,LUGARI/MALAVA,LIKUYANI,SINOKO,MWIBA,DSA/DFH(MOH)-UNFPA REPORT,7,PRIV,0.899187,35.0468,4da2144e-35c3-411d-af53-e2c1c594a3ce,3901391.92993371,100101.148113217
3974,68,KAIMOSI TEA ESTATE DISP,2616,RIFT VALLEY,NANDI,ALDAI,KEMELOI,KOIBARAK(NANDI),ILRI MKT CENTRE,9,PRIV,0.13143,34.880163,c098f796-c252-4d58-812d-bbbc4a783a9d,3882841.98394639,14630.733505911
3975,70,MWATATE SISAL DISP,3815,COAST,TAITA TAVETA,MWATATE,MWACHABO,WUMARI/SECHU,ILRI MKT CENTRE,4,PRIV,-3.503346,38.341061,f2391bc7-7ea7-48d8-89c7-33fcc52b774a,4268107.38699384,-390233.929976291
3976,55,JALARAM NURSING AND MATERNITY HOME,1283,NYANZA,KISUMU,WINAM,TOWNSHIP,KALOLENI(KISUMU),DDP,7,PRIV,-0.093684,34.7709,0a7a256a-5b56-4140-9eef-29a284f8e414,3870678.88242384,-10428.8598224561
3977,69,KAITET TEA ESTATE DISP,3498,RIFT VALLEY,NANDI,NANDI HILLS,CHEMOMI,KIRONDIO,ILRI VILLAGES,9,PRIV,0.12,35.12,048a06eb-a49e-44e3-84fc-4fdcec82716b,3909540.51665977,13358.3486612477
3978,74,TAVETA PRIVATE CLINIC,3311,COAST,TAITA TAVETA,TAVETA,BOMANI,MBOGHONI,ILRI VILLAGES,6,PRIV,-3.4,37.68,34d428ca-68fd-40b3-b7fa-48a077273eed,4194518.41309056,-378708.596613917
3979,56,KIBOS NURSING HOME,1332,NYANZA,KISUMU,WINAM,KONDELE,MIGOSI,DDP,7,PRIV,-0.072126,34.7867,193d57c6-7856-47f6-8d86-50eacd38ef78,3872437.73037838,-8029.03171351169
3980,70,KAPCHORWA TEA ESTATE DISP,2056,RIFT VALLEY,NANDI,NANDI HILLS,KAPCHORUA,KAPCHORUA(NANDI),DHMT,9,PRIV,0.109126,35.263178,dfc4d3dd-b67d-450f-9900-288a5240b691,3925479.01871257,12147.8580967725
3981,57,LAKE NURSING HOME,1336,NYANZA,KISUMU,WINAM,TOWNSHIP,KALOLENI(KISUMU),DDP,7,PRIV,-0.101705,34.7721,38779faa-afe6-4aa2-afe9-ad30baea82fe,3870812.4658128,-11321.7547568078
3982,72,KAPSABET G K PRISON DISP,0,RIFT VALLEY,NANDI,KAPSABET,KAPSABET,TOWNSHIP(KAPSABET),HD MAPS,9,MOH,0.2028,35.0954,4f2365b3-1bc2-40f8-aeb2-4fc643c315af,3906802.05718626,22575.6398718292
3983,58,MARIE STOPES MATERNITY AND NURSING HOME,4676,NYANZA,KISUMU,WINAM,CENTRAL KOLWA,KASULE,DDP,7,PRIV,-0.076784,34.7881,26892794-4c6a-48a4-a056-ad17a9e4d0ed,3872593.57766548,-8547.55833957814
3984,73,KAPSIKAK ESTATE DISP,2935,RIFT VALLEY,NANDI,KILIBWONI,KIPSIGAK,KIPSIGAK,DHMT,9,PRIV,0.162806,35.135909,569f36cd-7062-4664-a87a-ad3f299f0c5d,3911311.4984388,18123.5054066902
3985,62,NIGHTINGALE NURSING HOME,3475,NYANZA,KISUMU,WINAM,KONDELE,MANYATTA 'A',DDP,7,PRIV,-0.091678,34.7784,a274ec1a-f2d0-4904-bff0-322efa681fd3,3871513.77860479,-10205.5526317623
3986,75,KAPSUMBEIYWA TEA ESTATE DISP,2061,RIFT VALLEY,NANDI,NANDI HILLS,MOGOBICH,KIPKEIGEI(NANDI),ILRI MKT CENTRE,9,PRIV,0.140414,35.2389,08d64533-117a-4384-952e-8ffcceafdb15,3922776.40411509,15630.8306263662
3987,76,KHARTOUM TEA ESTATE DISP,2730,RIFT VALLEY,NANDI,NANDI HILLS,TARTAR,KAPKORIO,ILRI MKT CENTRE,9,PRIV,0.124927,35.229973,aa913edc-dfc7-4e59-a584-35eacc8a4ed2,3921782.65502078,13906.8210453886
3988,63,NYAMITA NURSING HOME,0,NYANZA,KISUMU,WINAM,KONDELE,MIGOSI,DDP,7,PRIV,-0.07739,34.7754,8a3880e9-80d6-4c02-a291-e4937869e3ea,3871179.82013241,-8615.0180120559
3989,77,KIBABET TEA ESTATE DISP,2063,RIFT VALLEY,NANDI,KILIBWONI,OLLESSOS,LELWAK,ILRI VILLAGES,9,PRIV,0.18,35.25,c6547b6a-2ca1-40e9-b344-9db955365d49,3924012.0504629,20037.5413032573
3990,23,ISIBANIA MATERNITY AND NURSING HOME,3838,NYANZA,KURIA,MABERA,BUGEMBE SOUTH,ISIBANIA,SUBLOC CENTROID,7,PRIV,-1.202746,34.464607,2205c98d-a398-45a4-b5bb-c03d106e6563,3836582.5016303,-133898.906592989
3991,78,KIBWARI TEA ESTATE DISP,2064,RIFT VALLEY,NANDI,NANDI HILLS,KAPSIMOTWO,KAPSIMOTWO(NANDI),ILRI VILLAGES,9,PRIV,0.07,35.15,d587a270-c888-42f8-87ca-a564f472b6e7,3912880.10138357,7792.36629404765
3992,24,KEHANCHA NURSING HOME,3894,NYANZA,KURIA,KEHANCHA,BUKIRA EAST,IGENA,1:50000 MAPS,7,PRIV,-1.175676,34.630631,5317925a-43d2-4757-8222-cc5272815700,3855064.20876976,-130884.838746929
3993,79,KIPCHOMO TEA ESTATE DISP,2067,RIFT VALLEY,NANDI,NANDI HILLS,NANDI HILLS,KAPNGETUNY(N. HILLS),DHMT,9,PRIV,0.108322,35.180506,12a720f8-5315-4b93-8224-7f2bf3eba414,3916276.01376971,12058.3570650313
3994,66,JATA MEDICAL AND MATERNITY CARE,3326,NYANZA,MIGORI,RONGO,CENTRAL KAMAGAMBO,KODERO BARA,ILRI MKT CENTRE,7,PRIV,-0.756023,34.605934,c34ddc68-521a-438e-84e2-b3160a0d4948,3852314.95130564,-84162.5376858323
3995,69,MBERE NURSING HOME,3907,NYANZA,MIGORI,SUBA EAST,SUNA RABUOR,ONGUO,ILRI VILLAGES,7,PRIV,-1.09,34.58,6eebb87e-5d98-4193-a054-3aabe7c3ce92,3849427.9916314,-121345.564668117
3996,80,KIPKEIBON TEA DISP,3390,RIFT VALLEY,NANDI,KAPSABET,KIPTUIYA,KAPTOBONGEN,ILRI VILLAGES,9,PRIV,0.211431,35.036364,8549374c-61b5-441e-89c5-6879f69f31e1,3900230.19972779,23536.4446752478
3997,71,NGERE NURSING HOME,3877,NYANZA,MIGORI,SUBA EAST,SUNA CENTRAL,NGEGE,ILRI VILLAGES,7,PRIV,-1.09,34.48,8273cbf4-7c92-4727-bddc-7cbaf42f2073,3838296.04255208,-121345.564668117
3998,82,KIPKOIMET TEA ESTATE DISP,2068,RIFT VALLEY,NANDI,NANDI HILLS,MOGOBICH,KIPKOIMET,DHMT,9,PRIV,0.105749,35.24122,f1ab538f-c715-4f52-9537-96dbb547d07f,3923034.66533373,11771.9315154029
3999,72,NYASARE NURSING AND MATERNITY HOME,3573,NYANZA,MIGORI,SUBA EAST,SUNA NORTH,KAKRAO,ILRI VILLAGES,7,PRIV,-1.03,34.47,c5f3c07b-de32-4da0-9499-c21180de371d,3837182.84764414,-114665.251718611
4000,84,KOISAGAT TEA ESTATE DISP,2071,RIFT VALLEY,NANDI,NANDI HILLS,SIRET,CHEPTABACH,ILRI VILLAGES,9,PRIV,0.08,35.27,de640d63-c26a-41fc-8561-872e5a00709f,3926238.44027876,8905.56215710963
4001,129,KATHOME MEDICAL CLINIC,0,EASTERN,MACHAKOS,KANGUNDO,KAKUYUNI,KATHOME,SUBLOC CENTROID,6,PRIV,-1.377716,37.364157,9a0ffe56-b030-483b-904a-43eea401c52d,4159358.93115993,-153381.425012296
4002,130,KINYUI DISP,964,EASTERN,MACHAKOS,MATUNGULU,TALA,KATINE,ILRI VILLAGES,4,PRIV,-1.27,37.32,00fee7c5-24a9-4740-8c55-5c4b43ea0a0a,4154443.39640498,-141387.331458394
4003,132,KITHYOKO MEDICAL CLINIC,0,EASTERN,MACHAKOS,MASINGA,KITHYOKO,KITHYOKO,ILRI MKT CENTRE,6,PRIV,-1.044519,37.839793,bda083d0-7b40-4035-8ef6-bbd888ede150,4212306.48848288,-116281.764300527
4004,134,KYEVALUKI MEDICAL CLINIC,0,EASTERN,MACHAKOS,MWALA,VYULYA,VYULYA,ILRI VILLAGES,6,PRIV,-1.42,37.37,4dafb5fb-42e8-474e-9846-48200258f264,4160009.37094464,-158089.861692456
4005,139,MACHAKOS MEDICAL CLINIC,0,EASTERN,MACHAKOS,CENTRAL,MUMBUNI,LOWER KIANDANI,1:50000 MAPS,6,PRIV,-1.515176,37.247723,9642af10-3d81-444e-9a64-3fe133364ecc,4146397.55756891,-168688.283334041
4006,143,MATUU MEDICAL CLINIC,0,EASTERN,MACHAKOS,MATUNGULU,KOMA ROCK,MATUU(MATUNGULU),SUBLOC CENTROID,6,PRIV,-1.236205,37.217137,ea68be6b-d535-4bbb-bbe5-cd7813ea145b,4142992.73962351,-137624.389283619
4007,144,MATUU MODERN CLINIC,0,EASTERN,MACHAKOS,YATTA,MATUU,MATUU(YATTA),SUBLOC CENTROID,6,PRIV,-1.136476,37.550644,bc072335-20cf-43d4-8ab2-69f6588c8b8e,4180118.5690395,-126520.226181897
4008,145,MBIUNI MEDICAL CLINIC,0,EASTERN,MACHAKOS,MWALA,MBIUNI,MBIUNI,1:50000 MAPS,6,PRIV,-1.242343,37.403604,7026f4e9-db57-4fe9-acee-e8283aea50e2,4163750.15111325,-138307.828179309
4009,148,MUNYU CLINIC,0,EASTERN,MACHAKOS,MATUNGULU,KYANZAVI,UAMANI,ILRI VILLAGES,6,PRIV,-1.12,37.302,12b8100e-c4a6-433f-add5-802b436c0b0f,4152439.6455707,-124685.770598093
4010,149,MUTITUNI MEDICAL CLINIC,0,EASTERN,MACHAKOS,KATHIANI,MITABONI,THINU,ILRI VILLAGES,6,PRIV,-1.43,37.27,d89a14f7-0faf-4485-b353-265081a651c7,4148877.42186531,-159203.400981568
4011,151,NZAINI DISP,4706,EASTERN,MACHAKOS,YATTA,MAVOLONI,KISIIKI,ILRI VILLAGES,4,PRIV,-1.07,37.43,f6cd2394-68d7-407c-a920-6b0639cc9fa4,4166688.54039224,-119118.77925781
4012,156,ST. LUKE'S MEDICAL CENTRE LABORATORY SERVICES,0,EASTERN,MACHAKOS,MATUNGULU,NGULUNI,TALA/KITHIMANI,SUBLOC CENTROID,6,PRIV,-1.2552,37.260499,9ddcdf49-f980-46c6-9d10-7f42c33d92d1,4147819.77538328,-139739.402882179
4013,159,TUMAINI MEDICAL CLINIC,0,EASTERN,MACHAKOS,KANGUNDO,KANGUNDO,NDUNDUNE,ILRI MKT CENTRE,6,PRIV,-1.259647,37.355422,bd3b2e18-3192-4485-93d9-dfdf4de78fe7,4158386.55540785,-140234.559895509
4014,161,WAMUNYU MEDICAL CLINIC,0,EASTERN,MACHAKOS,YATHUI,WAMUNYU,KAMBITI(MACHAKOS),ILRI MKT CENTRE,6,PRIV,-1.406159,37.562945,f8c43427-3235-4382-b66e-3c5ebdacefe7,4181487.91009575,-156548.619903963
4015,92,AFYA BORA MEDICAL CLINIC,0,EASTERN,MAKUENI,KATHONZWENI,KATHONZWENI,ITUKA,GPS,6,PRIV,-1.91084,37.7294,05d9ab85-330d-4fde-80b5-8eaa16d559f2,4200017.59593574,-212753.178652222
4016,0,AFYA MEDICAL CLINIC,0,EASTERN,MAKUENI,KIBWEZI,UTITHI,UTITHI,GPS,6,PRIV,-2.52052,38.0284,69d9ab36-3aea-482b-8a5f-82288dff431e,4233302.12368293,-280673.54602658
4017,93,ALLIANCE HEALTH SERVICES,0,EASTERN,MAKUENI,MAKINDU,MAKINDU,MANYATTA(MAKUENI),GPS,6,PRIV,-2.2761,37.8181,fc61a22a-0da4-439d-82cf-753aedfbd97e,4209891.63476911,-253440.96140465
4018,94,AMANI HEALTH AND FP CLINIC,0,EASTERN,MAKUENI,MTITO ANDEI,MTITO-ANDEI,KATHEKANI,GPS,6,PRIV,-2.59146,38.0756,86c4e12a-34bb-4fff-a93e-a56ee39afc9e,4238556.40364837,-288578.41561223
4019,95,BARAZANI MEDICAL CENTRE,0,EASTERN,MAKUENI,MBITINI,MUTYAMBUA,KATANI(MAKUENI),GPS,6,PRIV,-1.94368,37.437,501efc2a-6516-4483-abf9-ac6f23556482,4167467.77682779,-216410.97989446
4020,96,BECCA MEDICARE CLINIC,0,EASTERN,MAKUENI,WOTE,WOTE,KAMUNYOLO,GPS,6,PRIV,-1.77996,37.6264,6464dd8d-5c54-4f5e-9921-1319d1a5c85c,4188551.68838403,-198176.120238782
4021,0,DR. DINO KYALO CLINIC,0,EASTERN,MAKUENI,TSAVO WEST,TSAVO WEST,TSAVO WEST N. PARK,GPS,6,PRIV,-2.68775,38.1649,12bfb13a-f440-48ec-972e-826f7dc6e4a4,4248497.23417621,-299308.755811758
4022,99,DWA MEDICAL CENTRE,935,EASTERN,MAKUENI,KIBWEZI,MASONGALENI,MASIMBANI,ILRI VILLAGES,6,PRIV,-2.4,38.02,d3131689-0444-439d-be04-5a3a7705c856,4232367.03996027,-267244.940500599
4023,100,EBENEZER MEDICAL CLINIC,0,EASTERN,MAKUENI,KASIKEU,KIOU,SULTAN HAMUD(MAK),GPS,6,PRIV,-2.01519,37.3762,dbd6a61b-923f-41cc-8374-69f0bc7f1b00,4160699.55178756,-224376.190127443
4024,101,EMALI MEDICAL CLINIC,0,EASTERN,MAKUENI,MBITINI,EMALI,EMALI(MAKUENI),GPS,6,PRIV,-2.0761,37.4688,55b6cdb9-41f4-4236-88f6-aebca366cc26,4171007.73663501,-231160.984533687
4025,102,EMALI MEDICARE AND LABS,0,EASTERN,MAKUENI,MBITINI,EMALI,EMALI(MAKUENI),GPS,6,PRIV,-2.07891,37.4738,d17d1350-50b4-445b-8da3-8ffa2b4b272f,4171564.33408898,-231473.99804553
4026,103,EMMANUEL'S MEDICAL CLINIC,0,EASTERN,MAKUENI,KIBWEZI,MASONGALENI,ULILINZI,GPS,6,PRIV,-2.41224,38.1522,f5056c69-50de-4873-a8e0-b12add304f90,4247083.47664314,-268608.693421239
4027,104,EMMANUEL'S MEDICAL CLINIC AND LAB.,0,EASTERN,MAKUENI,KIBWEZI,KIKUMBULYU,KATHYAKA,GPS,6,PRIV,-2.32307,38.0138,284bab5c-ec13-426d-a52e-e6348779593e,4231676.85911735,-258673.852155497
4028,105,ENZAI MEDICAL CLINIC,0,EASTERN,MAKUENI,KILOME,MUKAA,MAIANI,GPS,6,PRIV,-1.83887,37.3138,288c3bc2-0513-445a-8171-10716c638281,4153753.21556206,-204737.223192771
4029,106,FAITH HEALTH SERVICES,0,EASTERN,MAKUENI,KASIKEU,KASIKEU,KASIKEU,GPS,6,PRIV,-1.94416,37.3849,fefeaf5f-28e9-48ba-a411-3326a53b8f83,4161668.03135746,-216464.444018253
4030,107,FAITH MEDICAL CLINIC,0,EASTERN,MAKUENI,MAKINDU,NGUUMO,NDOVOINI,GPS,6,PRIV,-2.37701,37.901,4295c6a6-4fc7-4297-8c8a-c73b7a5b7df4,4219120.02055587,-264683.480022156
4031,0,HIGHWAY HEALTHCARE,0,EASTERN,MAKUENI,KIBWEZI,KIKUMBULYU,MIKUYUNI(MAKUENI),GPS,6,PRIV,-2.40909,37.9658,1cfda981-8671-442c-a624-28ca985f1eff,4226333.52355927,-268257.726425751
4032,108,HIGHWAY MEDICAL CLINIC,0,EASTERN,MAKUENI,MAKINDU,NGUUMO,KAUNGUNI,GPS,6,PRIV,-2.3779,37.9011,16f6c0f2-fb69-462e-a4f9-60a66c6f2eec,4219131.15250495,-264782.639722646
4033,109,HURUMA MEDICAL CLINIC,0,EASTERN,MAKUENI,KASIKEU,KASIKEU,KASIKEU,GPS,6,PRIV,-1.94568,37.3848,fefd2f19-becf-426c-b068-45803941784d,4161656.89940838,-216633.74717726
4034,0,HURUMA MEDICAL CLINIC,0,EASTERN,MAKUENI,KIBWEZI,UTITHI,UTITHI,GPS,6,PRIV,-2.52122,38.0291,641e5bef-788e-4692-9d9e-93592b2549b5,4233380.04732648,-280751.545152469
4035,110,JACOB MEDICAL CLINIC,0,EASTERN,MAKUENI,MAKINDU,MAKINDU,MANYATTA(MAKUENI),GPS,6,PRIV,-2.27695,37.822,ca442776-2c70-4152-976f-5907cf2a83aa,4210325.7807832,-253535.657710518
4036,111,JAMII MEDICARE CLINIC,0,EASTERN,MAKUENI,KISAU,KISAU,NGONI,GPS,6,PRIV,-1.66148,37.5421,0d8d931f-2576-42a4-80d1-05c9714fbdc1,4179167.45531016,-184981.03450912
4037,0,JEVICE HEALTH CARE,0,EASTERN,MAKUENI,MTITO ANDEI,MTITO-ANDEI,KATHEKANI,GPS,6,PRIV,-2.66388,38.1402,eecfcd4e-b3cf-48aa-b8d9-034283b926cf,4245747.64275362,-296648.659163983
4038,0,KAMBU MEDICAL CLINIC,0,EASTERN,MAKUENI,MTITO ANDEI,MTITO-ANDEI,KATHEKANI,GPS,6,PRIV,-2.59407,38.0762,cbcbe7d1-4a6d-4e56-9425-485f63c83ee9,4238623.19534285,-288869.257220684
4039,112,KASIMBA MEDICAL CLINIC,0,EASTERN,MAKUENI,KILUNGU,KIKOKO,KISEKINI,GPS,6,PRIV,-1.79185,37.3614,04cf2c79-9e10-4da4-8545-c537015ef5c3,4159052.02332382,-199500.352222713
4040,113,KATWANDETO MEDICAL CLINIC,0,EASTERN,MAKUENI,TSAVO WEST,TSAVO WEST,TSAVO WEST N. PARK,ILRI MKT CENTRE,6,PRIV,-2.680387,38.166086,3008fba8-cf60-4436-8a3a-eeb4cf63f204,4248629.25909229,-298488.210208315
4041,114,KAYATTA MEDICAL CLINIC,0,EASTERN,MAKUENI,KASIKEU,KASIKEU,WATHINI,GPS,6,PRIV,-1.90015,37.36,42a29240-db51-44b6-84d5-b4f2aa60278f,4158896.17603671,-211562.514894443
4042,115,KIBOKO MEDICAL CLINIC,0,EASTERN,MAKUENI,MAKINDU,KIBOKO,KAASUVI,GPS,6,PRIV,-2.20742,37.7195,da5dcef2-833f-4e18-8643-2a957cd4c523,4198915.53297689,-245789.682580402
4043,0,KIBWEZI HEALTHCARE,0,EASTERN,MAKUENI,KIBWEZI,KIKUMBULYU,MIKUYUNI(MAKUENI),GPS,6,PRIV,-2.40764,37.9669,52219f3b-7dd2-42ea-98b0-0f293f255b17,4226455.97499915,-268096.170462643
4044,0,KIBWEZI MEMORIAL CLINIC,0,EASTERN,MAKUENI,KIBWEZI,KIKUMBULYU,MIKUYUNI(MAKUENI),GPS,6,PRIV,-2.40877,37.9639,e54db9cb-0683-4191-b9fd-0e88b376ffaf,4226122.01652677,-268222.072681174
4045,116,KILIMANI MEDICAL CLINIC,0,EASTERN,MAKUENI,MBITINI,MUTYAMBUA,KATANI(MAKUENI),GPS,6,PRIV,-1.94662,37.4225,513cb0c4-30fc-4781-87da-a49a637bba68,4165853.64421129,-216738.447891421
4046,117,KISAU MEDICAL CLINIC,0,EASTERN,MAKUENI,KISAU,KISAU,MANGANI,ILRI VILLAGES,6,PRIV,-1.65,37.57,a9a1befb-9dea-40b4-8506-4f0133e25a9a,4182273.26910329,-183702.5529592
4047,118,KWENYA MEDICAL CLINIC,0,EASTERN,MAKUENI,MTITO ANDEI,NZAMBANI,MUTHINGIINI,GPS,6,PRIV,-2.59203,38.074,76db13f4-0d39-4a15-8ebf-85757e10ef1c,4238378.29246311,-288641.932693916
4048,0,KWENYU MEDICAL CENTRE,0,EASTERN,MAKUENI,MTITO ANDEI,NTHONGONI,MANGELETE,GPS,6,PRIV,-2.70457,38.0489,62dfdd11-a124-4d35-a681-67fb831797e7,4235584.17324419,-301183.224634737
4049,119,KWITU MEDICAL CLINIC,0,EASTERN,MAKUENI,KIBWEZI,KINYAMBU,KINYAMBU,GPS,6,PRIV,-2.4779,37.9959,773b1742-5c41-4888-ba3a-cc8b72c4800f,4229684.24023215,-275924.592123041
4050,120,LA NINA MEDICAL CLINIC,0,EASTERN,MAKUENI,MAKINDU,MAKINDU,MANYATTA(MAKUENI),GPS,6,PRIV,-2.27686,37.8192,24b78938-e185-42a6-947e-327e00835ec0,4210014.08620898,-253525.631040194
4051,121,MAIANI MEDICAL CLINIC,0,EASTERN,MAKUENI,KIBWEZI,UTITHI,UTITHI,GPS,6,PRIV,-2.52222,38.0296,2e26d430-1227-430f-ba6c-891c1fb0c069,4233435.70707188,-280862.972547954
4052,0,MAIANI MEDICAL CLINIC,0,EASTERN,MAKUENI,MATILIKU,KALAMBA,KALAMBA(MAKUENI),GPS,6,PRIV,-1.87517,37.5219,7fdcacf5-2877-4db0-ba51-9c6cba4e34b0,4176918.80159614,-208780.244147265
4053,122,MAKINDU MEDICAL CENTRE,0,EASTERN,MAKUENI,MAKINDU,MAKINDU,MANYATTA(MAKUENI),GPS,6,PRIV,-2.2777,37.8215,2c888161-2600-4282-8283-332f0fb4b044,4210270.1210378,-253619.213320902
4054,123,MAKINDU MEDICAL CLINIC,0,EASTERN,MAKUENI,MAKINDU,MAKINDU,MANYATTA(MAKUENI),ILRI MKT CENTRE,6,PRIV,-2.279365,37.821777,0ba8f95c-11c4-4d12-aa15-6815d5a60c9e,4210300.95653675,-253804.70693147
4055,124,MAKINDU SIKH HOSPITAL,0,EASTERN,MAKUENI,MAKINDU,MAKINDU,KIU,GPS,5,PRIV,-2.28082,37.8205,8412df46-757d-42aa-a78e-a10cd9b1b0ce,4210158.80154701,-253966.805127183
4056,126,MAMBO CLINIC,0,EASTERN,MAKUENI,MBITINI,MUTYAMBUA,MUTYAMBUA,GPS,6,PRIV,-1.97068,37.4462,b2495ac1-7e32-4bf3-b3d3-5087d631d3bf,4168491.91614308,-219418.360589249
4057,127,MASONGA MEDICAL CLINIC,0,EASTERN,MAKUENI,KIBWEZI,KIKUMBULYU,MIKUYUNI(MAKUENI),ILRI MKT CENTRE,6,PRIV,-2.40725,37.966932,49aa5638-b9b3-4f3f-bbe7-a2a9ce12c248,4226459.53722285,-268052.717508806
4058,129,MBOONI MEDICAL SERVICES,0,EASTERN,MAKUENI,MBOONI,MBOONI,NZEVENI,1:50000 MAPS,6,PRIV,-1.63382,37.432895,6c6df924-ccff-48fd-8a56-dff337978888,4167010.81031808,-181900.663779452
4059,130,MBUMBUNI MEDICAL SERVICES,0,EASTERN,MAKUENI,KISAU,KISAU,MUTHWANI(MAKUENI),GPS,6,PRIV,-1.61991,37.5605,2e8a6481-16b1-4a68-a3ad-aef99a533dcf,4181215.73394076,-180351.585245575
4060,131,MEMORIAL CLINIC,0,EASTERN,MAKUENI,KASIKEU,KASIKEU,KASIKEU,GPS,6,PRIV,-1.94455,37.3854,2d099c6c-333b-41c2-b2f0-94bf49bdac7f,4161723.69110286,-216507.883630031
4061,134,MTITO ANDEI GENERAL MEDICAL CENTRE,0,EASTERN,MAKUENI,MTITO ANDEI,NTHONGONI,MANGELETE,ILRI VILLAGES,6,PRIV,-2.68,38.02,d6f5f6ee-f1c9-4442-80dc-fadaa9afa406,4232367.03996027,-298445.082387832
4062,0,MTITO ANDEI MEDICAL CLINIC,0,EASTERN,MAKUENI,TSAVO WEST,TSAVO WEST,TSAVO WEST N. PARK,GPS,6,PRIV,-2.68686,38.1643,65c40ec9-9751-4268-a2c8-2a3b0168a561,4248430.44248173,-299209.572391736
4063,135,MUKIO MEDICAL CLINIC,0,EASTERN,MAKUENI,MBOONI,KITHUNGO,UVUU,ILRI VILLAGES,6,PRIV,-1.68,37.47,72f617c0-7b8c-47ad-82d3-4ef5326aa618,4171141.32002396,-187043.548303811
4064,136,MUSAU MEDICAL CLINIC,0,EASTERN,MAKUENI,MBITINI,EMALI,EMALI(MAKUENI),GPS,6,PRIV,-2.07819,37.4702,6df8b002-1cc8-440e-b45c-ef81dd2be2f4,4171163.58392212,-231393.795242097
4065,137,MUTHEU EDEL MEDICAL CLINIC,0,EASTERN,MAKUENI,KIBWEZI,MASONGALENI,ULILINZI,GPS,6,PRIV,-2.41098,38.1527,e94c9e9a-1a07-4d6f-858f-df13a230a92b,4247139.13638853,-268468.306525561
4066,138,NDAUNI MEDICAL CLINIC,0,EASTERN,MAKUENI,MBITINI,KAVUTHU,MASUE,GPS,6,PRIV,-2.01044,37.438,acd9bf90-7b2b-44b2-b7c0-82690af4a921,4167579.09631858,-223847.096093025
4067,0,NEEMA MEDICAL CLINIC,0,EASTERN,MAKUENI,MTITO ANDEI,KAMBU,KAMBU,GPS,6,PRIV,-2.58462,38.1154,efafa92b-87fe-488f-a87c-41acf7b7b8c8,4242986.91938195,-287816.212861028
4068,0,NEW IVIGONI CLINIC,0,EASTERN,MAKUENI,MTITO ANDEI,MTITO-ANDEI,KATHEKANI,GPS,6,PRIV,-2.66496,38.1409,a417bc70-18be-43bf-b467-da472f47394e,4245825.56639717,-296769.014325806
4069,141,NGOKOMI MEDICAL CLINIC,0,EASTERN,MAKUENI,KASIKEU,KIOU,KIOU,GPS,6,PRIV,-1.94972,37.3064,b0457ca4-5d2d-4110-be1f-bea634ec2cb1,4152929.45133019,-217083.737894572
4070,142,NUNGUNI NURSING CLINIC,0,EASTERN,MAKUENI,KILUNGU,KIKOKO,KISEKINI,GPS,6,PRIV,-1.79224,37.3617,76565fb3-41a8-49fc-9a8d-ce4692bd9170,4159085.41917105,-199543.78806808
4071,0,NZIU CLINIC,0,EASTERN,MAKUENI,MATILIKU,KALAMBA,NZIU,GPS,6,PRIV,-1.81612,37.5367,183ed024-3e18-47b2-9bbe-a80fb76a2ebb,4178566.33005988,-202203.415995118
4072,143,OUR LADYOF MERCY CLINIC,0,EASTERN,MAKUENI,KISAU,KISAU,MUTHWANI(MAKUENI),GPS,6,PRIV,-1.62143,37.5597,4b676415-689a-4b09-8d5c-3dbf1bd3cf7f,4181126.67834813,-180520.85858482
4073,144,POA AMANI MEDICAL CLINIC,0,EASTERN,MAKUENI,MAKINDU,MAKINDU,MANYATTA(MAKUENI),GPS,6,PRIV,-2.28071,37.8213,563ec6b1-7e1b-4364-b204-556b3ddb80ed,4210247.85713965,-253954.550275044
4074,145,PONYA MEDICAL CLINIC,0,EASTERN,MAKUENI,KISAU,KISAU,MUKIMWANI,GPS,6,PRIV,-1.61789,37.5616,d514df2b-f2ca-4980-895d-604b7c44fa55,4181338.18538063,-180126.630083356
4075,146,PONYA MEDICAL CLINIC &LAB,0,EASTERN,MAKUENI,KATHONZWENI,KATHONZWENI,ITUKA,GPS,6,PRIV,-1.91219,37.7314,33520626-89c7-4ebc-b2c5-883596517ece,4200240.23491733,-212903.543638039
4076,147,PONYA SURGERY,0,EASTERN,MAKUENI,WOTE,WOTE,KAMUNYOLO,GPS,6,PRIV,-1.7803,37.6273,d01924ae-2037-4b0c-a6cc-02a3d1ca806e,4188651.87592575,-198213.987140467
4077,148,RAMOGI CHARITY MEDICAL CLINIC,0,EASTERN,MAKUENI,KASIKEU,KIOU,SULTAN HAMUD(MAK),GPS,6,PRIV,-2.01541,37.3709,d4e0f374-bb35-495a-a10b-a70622abf7b8,4160109.55848635,-224400.695572722
4078,149,SALAMA MEDICAL CLINIC,0,EASTERN,MAKUENI,KILOME,KIIMA-KIU,NGAAMBA,GPS,6,PRIV,-1.84969,37.2571,97e4645e-48cd-4e84-9d9d-7ee9a0228663,4147441.40043408,-205942.324343437
4079,150,SHAMMAH HOSPITAL,0,EASTERN,MAKUENI,WOTE,WOTE,KAMUNYOLO,GPS,5,PRIV,-1.78241,37.632,4579b9a6-a042-4581-a593-7479287e4c35,4189175.07753248,-198448.984833619
4080,151,SHIMO HEALTH SERVICES,0,EASTERN,MAKUENI,WOTE,WOTE,UNOA,GPS,6,PRIV,-1.78311,37.6276,90cd06cd-ae33-46ee-80e6-62346b61e693,4188685.27177298,-198526.946213098
4081,152,SMD CLINIC,0,EASTERN,MAKUENI,KASIKEU,KASIKEU,KASIKEU,GPS,6,PRIV,-1.94549,37.3828,4644802e-1647-40a9-acaa-e11ef58e4147,4161434.26042679,-216612.584274045
4082,153,ST LUKES JAMII MEDICAL CLINIC,0,EASTERN,MAKUENI,MTITO ANDEI,NGWATA,MUKANGE,GPS,6,PRIV,-2.52066,38.031,f282c5b2-24c9-4614-a9af-f5463145ace4,4233591.55435899,-280689.1458484
4083,0,ST.  MICHAEL MEDICAL AND FAMILY HEALTH CENTRE,0,EASTERN,MAKUENI,MTITO ANDEI,NTHONGONI,MANGELETE,GPS,6,PRIV,-2.70383,38.0485,8a0d4715-2c93-49e6-8d76-7f83b7e80e94,4235539.64544787,-301100.756376479
4084,0,ST. ALLENS MEDICAL CLINIC,0,EASTERN,MAKUENI,KIBWEZI,KINYAMBU,KINYAMBU,GPS,6,PRIV,-2.48046,37.9959,f676a827-316a-45a6-b9c5-31388e688abb,4229684.24023215,-276209.837007011
4085,154,ST. ANDREW'S MEDICAL CLINIC,0,EASTERN,MAKUENI,KIBWEZI,KIKUMBULYU,KATHYAKA,GPS,6,PRIV,-2.32289,38.0147,60020cfe-0810-4285-9196-84890bc77133,4231777.04665906,-258653.798167164
4086,155,ST. FRANCIS OF ASSISSI,0,EASTERN,MAKUENI,KILOME,KIIMA-KIU,KIIMA-KIU,GPS,6,PRIV,-1.84756,37.2561,2abd3213-12eb-49ff-a10b-17abbf065cd4,4147330.08094329,-205705.090357984
4087,157,ST. MARTIN CLINIC,0,EASTERN,MAKUENI,MAKINDU,KIBOKO,KAASUVI,GPS,6,PRIV,-2.20852,37.7175,cb84679c-9103-41d5-90b8-d2dc5cee4a53,4198692.8939953,-245912.224999827
4088,0,ST. MARTIN'S MEDICAL CLINIC,0,EASTERN,MAKUENI,KIBWEZI,UTITHI,UTITHI,GPS,6,PRIV,-2.52149,38.0282,a07dc198-e3b7-4ef4-adac-6902371b659d,4233279.85978477,-280781.63054081
4089,0,ST. MICHAEAL'S MEDICAL AND FAMILY HEALTH CARE,0,EASTERN,MAKUENI,TSAVO WEST,TSAVO WEST,TSAVO WEST N. PARK,GPS,6,PRIV,-2.68907,38.1651,b43882cb-3e3c-4abb-b0b1-2608f2b309d5,4248519.49807437,-299455.859444311
4090,159,SULEIMAN FARUK MEDICAL CENTRE,0,EASTERN,MAKUENI,MTITO ANDEI,NTHONGONI,MANGELETE,HD MAPS,6,PRIV,-2.68814,38.1493,f348bac7-fc50-4cc9-bb80-d0c2b6c28822,4246760.65011984,-299352.218232089
4091,160,SULTAN HAMUD X-RAY CLINIC,0,EASTERN,MAKUENI,KASIKEU,KIOU,SULTAN HAMUD(MAK),GPS,6,PRIV,-2.01535,37.3716,2f5a5805-326d-4cd9-8eae-7a567ed6f754,4160187.48212991,-224394.012269135
4092,161,TAWA HEALTH CLINIC,0,EASTERN,MAKUENI,KISAU,KITETA,KIAMBWA,1:50000 MAPS,6,PRIV,-1.554955,37.46036,d182a626-093a-44fa-a073-feeb7771ec30,4170068.20013272,-173118.051214648
4093,162,THE ARK HEALTH SERVICES,0,EASTERN,MAKUENI,MAKINDU,MAKINDU,MANYATTA(MAKUENI),GPS,6,PRIV,-2.27133,37.827,d6c8d9da-2d76-44bb-8c67-074005c531ba,4210882.37823717,-252909.549052909
4094,163,THE VIGILANT HEALTH CARE,0,EASTERN,MAKUENI,WOTE,WOTE,UNOA,ILRI MKT CENTRE,6,PRIV,-1.800134,37.623435,19f1fd48-ce0e-4a4f-9df5-4bb51549be48,4188221.62609383,-200422.976119451
4095,164,THOME MEDICAL CLINIC,0,EASTERN,MAKUENI,KILUNGU,KIKOKO,KALONGO,ILRI VILLAGES,6,PRIV,-1.8,37.4,c51d6f7f-ccc4-4e65-bc01-400af76c5994,4163348.95566844,-200408.051942955
4096,0,TOWNSHIP MEDICAL CLINIC,0,EASTERN,MAKUENI,WOTE,WOTE,KAMUNYOLO,GPS,6,PRIV,-1.77821,37.6267,df23d583-180b-4b14-a0a0-cf344083a9a2,4188585.08423127,-197981.217178778
4097,0,TRINITY MEDICAL CENTRE,0,EASTERN,MAKUENI,WOTE,WOTE,KAMUNYOLO,GPS,6,PRIV,-1.77888,37.6264,bbb4476c-c83a-4c26-a53f-a3c53776d289,4188551.68838403,-198055.837185624
4098,165,UMOJA MEDICAL CLINIC,0,EASTERN,MAKUENI,TSAVO WEST,TSAVO WEST,TSAVO WEST N. PARK,GPS,6,PRIV,-2.68877,38.166,4d8e58a5-0154-4818-8445-8c133e1b9da0,4248619.68561609,-299422.426786578
4099,0,"UNIQUE MEDICARE, KATIVANI",0,EASTERN,MAKUENI,MTITO ANDEI,NGWATA,MUKANGE,GPS,6,PRIV,-2.50968,38.0816,8d389955-080f-44e3-b9b4-dce45053035e,4239224.32059313,-279465.679195858
4100,0,USALAMA MEDICAL CLINIC,0,EASTERN,MAKUENI,KILOME,KIIMA-KIU,KIIMA-KIU,GPS,6,PRIV,-1.84998,37.2582,5f210b6e-f4a3-4c7f-9470-2b746b7d5214,4147563.85187395,-205974.623828267
4101,0,VUMILIA MEDICAL CLINIC,0,EASTERN,MAKUENI,KIBWEZI,KIKUMBULYU,MIKUYUNI(MAKUENI),GPS,6,PRIV,-2.40876,37.9661,a84a23f9-b4cd-4e97-bd03-e14f1d101cb5,4226366.91940651,-268220.958501794
4102,166,WALTER MUOKI MEMORIAL CLINIC - KILOME,0,EASTERN,MAKUENI,KILOME,MUKAA,KILOME,GPS,6,PRIV,-1.80604,37.3483,774239f9-d042-4884-9e3d-72417238749f,4157593.73799442,-201080.75472055
4103,167,WAYSIDE MEDICAL CLINIC,0,EASTERN,MAKUENI,MAKINDU,MAKINDU,MANYATTA(MAKUENI),GPS,6,PRIV,-2.27299,37.8254,f0819683-d587-4884-876c-e9001dc0f4b6,4210704.2670519,-253094.484808338
4104,168,WESTVIEW MEDICAL CLINIC,0,EASTERN,MAKUENI,KAITI,KILALA,KILALA(MAKUENI),GPS,6,PRIV,-1.76843,37.5535,2956df4c-1178-4225-99a4-0922f9c74388,4180436.4975052,-196891.990903663
4105,169,WOTE HEALTH CLINIC,0,EASTERN,MAKUENI,WOTE,WOTE,KAMUNYOLO,GPS,6,PRIV,-1.77866,37.6272,55175f25-d379-4c7d-badc-26faf6817fa0,4188640.74397667,-198031.335090834
4106,170,WOTE MEDICAL SERVICES,0,EASTERN,MAKUENI,WOTE,WOTE,UNOA,GPS,6,PRIV,-1.77974,37.6237,dda4bd21-a5e6-4214-927e-d40e1a793a2a,4188251.12575889,-198151.618129646
4107,0,BRAVO MEDICAL CLINIC,0,EASTERN,MARSABIT,CENTRAL,MOUNTAIN,MARSABIT TOWNSHIP,DHMT,6,PRIV,2.331,37.983,cb6410b7-8c97-4f28-8957-298d0d88962d,4228248.21880092,259557.344292022
4108,0,FAMILY CARE MEDICAL CLINIC,0,EASTERN,MARSABIT,CENTRAL,MOUNTAIN,MARSABIT TOWNSHIP,DHMT,6,PRIV,2.331,37.983,c2e12a58-7d2a-480b-9111-19a8107f96ef,4228248.21880092,259557.344292022
4109,0,IS MEDICAL CLINIC,0,EASTERN,MARSABIT,CENTRAL,MOUNTAIN,MARSABIT TOWNSHIP,DHMT,6,PRIV,2.331,37.983,8ba9a792-9f68-4c93-856c-a7b90a5968e1,4228248.21880092,259557.344292022
4110,0,MARSABIT MEDICAL CLINIC,3488,EASTERN,MARSABIT,CENTRAL,MOUNTAIN,MARSABIT TOWNSHIP,DHMT,6,PRIV,2.331,37.983,7a440f72-9e98-485b-b4be-8741a9672c73,4228248.21880092,259557.344292022
4111,60,LUANDA CLINIC,0,NYANZA,SIAYA,UGUNJA,NORTH UHOLO,TINGARE WEST,ILRI MKT CENTRE,6,PRIV,0.26,34.38,b051f16d-4e80-4a80-b5ae-b4139edd016a,3827164.09347275,28943.1669400396
4112,0,MOUNTAIN MEDICAL CLINIC,0,EASTERN,MARSABIT,CENTRAL,MOUNTAIN,MARSABIT TOWNSHIP,DHMT,6,PRIV,2.331,37.983,23e08bf9-ed49-4a94-b3b9-d1a8913b1c49,4228248.21880092,259557.344292022
4113,61,MEDIFAIT HEALTH CLINIC,0,NYANZA,SIAYA,YALA,NORTH GEM,LUNDHA,CDC PROJECT,6,PRIV,0.088545,34.4337,0d0f66e2-d9d0-4d6d-925b-db28372cda09,3833141.95012835,9856.78823573784
4114,33,SAKUU CLINIC,3382,EASTERN,MARSABIT,CENTRAL,MOUNTAIN,MARSABIT TOWNSHIP,DHMT,6,PRIV,2.331,37.983,4bbec1d3-ec83-44fa-a35c-8e250e93a4ed,4228248.21880092,259557.344292022
4115,62,MIRIRIERI CLINIC,0,NYANZA,SIAYA,WAGAI,S.WEST GEM,KANYADET,ILRI MKT CENTRE,6,PRIV,-0.058003,34.419575,e9b68737-3915-4f3a-bcbd-26d79a2feeb0,3831569.5623209,-6456.86552734893
4116,36,GITARU DISP,803,EASTERN,MBEERE,GACHOKA,MAVURIA,GICHICHE(MBEERE),DSA/DFH(MOH)-UNFPA REPORT,4,PRIV,-0.77,37.7351,d6362bcb-0dbf-46ad-8b98-475bf48fde34,4200652.11703326,-85718.588188704
4117,63,RAGENG'NI CLINIC,4252,NYANZA,SIAYA,KAREMO,S.E.ALEGO,MUR NGIYA,ILRI VILLAGES,6,PRIV,0.03,34.35,2c7a055e-8354-488c-9a70-cd2f96c5a053,3823824.50874896,3339.58487639469
4118,37,KIAMBERE DAM DISP,3213,EASTERN,MBEERE,EVURORE,NDURUMORI,IRIA-ITUNE,DSA/DFH(MOH)-UNFPA REPORT,4,PRIV,-0.587199,37.8747,e249c8e9-6f34-4904-be34-7625c6ca30a5,4216192.31794801,-65367.8379799094
4119,65,SAGAM COMMUNITY HOSPITAL,4829,NYANZA,SIAYA,WAGAI,SOUTH GEM,ONYINYORE,HD MAPS,5,PRIV,-0.0226,34.4917,c0e77a61-c282-4f66-99c1-641d928362bb,3839598.48059436,-2515.82055716062
4120,38,MRS JACINTA NYAGA CLINIC,2802,EASTERN,MBEERE,SIAKAGO,NTHAWA,SIAKAGO,SUBLOC CENTROID,6,PRIV,-0.565346,37.648665,e9178944-4583-4b3c-ba87-3399b4b94392,4191030.21684655,-62935.0500830017
4121,68,SIAYA MEDICAL CENTRE HOSPITAL,3814,NYANZA,SIAYA,BORO,CENTRAL ALEGO,OJWANDO 'A',HD MAPS,5,PRIV,0.0671,34.246,d0235523-2eb0-4f92-aeb1-2467ca8ea42b,3812247.28170645,7469.53953966144
4122,39,MRS MAGGIE NAMU CLINIC,2807,EASTERN,MBEERE,SIAKAGO,NTHAWA,SIAKAGO,ILRI MKT CENTRE,6,PRIV,-0.588876,37.64201,5e0f3f6d-9005-47d1-a671-420e14860e19,4190289.38563531,-65554.5305983474
4123,69,UGUNJA MEDICAL CENTRE AND LABORATORY SERVICES,0,NYANZA,SIAYA,UGUNJA,WEST UHOLO,UGUNJA,SUBLOC CENTROID,6,PRIV,0.180781,34.305982,cef29e35-c0e4-4237-8fff-9870e1fb7fbe,3818924.44740321,20124.482256462
4124,33,UTUGI DISP,3952,EASTERN,MBEERE,GACHOKA,MBETI SOUTH,GACHOKA,ILRI VILLAGES,4,PRIV,-0.62,37.53,06b59a24-88fe-4a2a-b0cd-9916f771842a,4177820.48947156,-69019.4312759516
4125,70,USIGU HEALTH CENTRE,0,NYANZA,SIAYA,URANGA,USONGA,NYADORERA 'A',ILRI VILLAGES,6,PRIV,0.11,34.11,05db3895-3a3d-48ab-bf7f-74a43359f0dd,3797107.83095857,12245.1515096106
4126,40,YORDER FARM DISP,0,EASTERN,MBEERE,GACHOKA,MBETI SOUTH,GACHURIRI,DSA/DFH(MOH)-UNFPA REPORT,4,PRIV,-0.717637,37.485872,382233ba-857f-4192-91f0-1ffb110db68a,4172908.18298183,-79889.0742593139
4127,71,YALA HEALTHCARE,0,NYANZA,SIAYA,YALA,YALA TOWNSHIP,SAURI,ILRI MKT CENTRE,6,PRIV,0.099829,34.537048,6d5a1b60-06fd-4ec3-bcee-2f8ce388de2e,3844646.59686285,11112.9190691111
4128,14,MOYALE MEDICAL CLINC,0,EASTERN,MOYALE,CENTRAL,BUTIYE,BUTIYE,ILRI MKT CENTRE,6,PRIV,3.492185,39.0536,6b8f29c3-4da0-40ac-858e-1cc8ee98d14f,4347426.8656442,388989.174380115
4129,26,AKUKU'S CLINIC,0,NYANZA,SUBA,MBITA,RUSINGA EAST,WAWARE NORTH,DHMT,6,PRIV,-0.409703,34.200002,dc22727e-4db3-4124-9840-9e36ea5f8ee4,3807126.80776894,-45608.3180124347
4130,15,MUSLEM MED CLINIC,3385,EASTERN,MOYALE,CENTRAL,BUTIYE,GOROMUDA,ILRI TOWNS,6,PRIV,3.495021,39.067135,70832a5c-a4bc-4d40-a1ac-6be3e2e2ae5c,4348933.57495208,389305.464246535
4131,29,LOSERA  CLINIC,0,NYANZA,SUBA,MBITA,GEMBE WEST,KASGUNGA EAST,DHMT,6,PRIV,-0.475225,34.28739,566eeca8-b80f-4f26-80e6-5c189b565e33,3816854.79543039,-52902.4115809406
4132,45,BARAKA MEDICAL SERVICES,4199,EASTERN,MWINGI,MIGWANI,MIGWANI,NZAUNI,ILRI MKT CENTRE,6,PRIV,-1.141497,38.0123,0a39ae10-ef8f-4041-80b7-f6967830fcc7,4231509.87988116,-127079.271802754
4133,30,MAMA JOSEPHINE'S CLINIC,0,NYANZA,SUBA,CENTRAL,KAKSINGRI CENTRAL,SINDO,DHMT,6,PRIV,-0.528075,34.166811,e8d1420a-c482-489e-9655-ed1204e52125,3803432.00255002,-58785.8723831113
4134,46,DR. MUTUNGA CMS' CLINIC,0,EASTERN,MWINGI,CENTRAL,MWINGI,KYANIKA(MWINGI),ILRI MKT CENTRE,6,PRIV,-0.926,38.06,34de06ab-45f8-42fd-b171-fc5d80e26339,4236819.819592,-103086.336300631
4135,31,MBITA NUTRITION DISP,1407,NYANZA,SUBA,MBITA,RUSINGA EAST,WAWARE SOUTH,ILRI MKT CENTRE,4,PRIV,-0.410938,34.198162,af5c9b49-707b-4e03-a017-e292334daf00,3806921.97990588,-45745.8011090439
4136,52,KAMUWONGO CLINIC,4191,EASTERN,MWINGI,KYUSO,KAMUWONGO,KAMUWONGO,SUBLOC CENTROID,6,PRIV,-0.699543,38.085105,2f4da5b8-09ba-464d-8467-dc422c929a99,4239614.49540836,-77874.7053392961
4137,32,OLWEYA CLINIC,0,NYANZA,SUBA,MBITA,GEMBE EAST,NGODHE,DHMT,6,PRIV,-0.488097,34.358231,26431aa0-a45a-486a-a2ca-d661bed6d662,3824740.77947767,-54335.3667029157
4138,55,KAWALA SELE CLINIC,4193,EASTERN,MWINGI,CENTRAL,MWINGI,KIVOU,ILRI VILLAGES,6,PRIV,-0.95,38.11,d8e68a85-0669-490c-8d41-e077c53deb45,4242385.79413166,-105758.362163801
4139,33,ST.  JUDE'S CLINIC (ICIPE),1465,NYANZA,SUBA,MBITA,GEMBE WEST,MBITA TOWNSHIP,DHMT,3,PRIV,-0.430806,34.213461,57484d0f-495c-41ee-804e-5315ca7dc857,3808625.05679553,-47957.5564337465
4140,59,MBONDONI MEDICAL CLINIC,0,EASTERN,MWINGI,CENTRAL,MWINGI,KIVOU,ILRI VILLAGES,6,PRIV,-0.9,38.11,0467c4b0-9db0-4cf1-b07e-95e908d18f79,4242385.79413166,-100191.662015619
4141,34,WAWARE BUDER DISP,3936,NYANZA,SUBA,MFANGANO,MFANGANO NORTH,WAWARE(SUBA),SUBLOC CENTROID,4,PRIV,-0.446674,34.038626,feac1335-4df2-44d5-85d1-da0f234c8f60,3789162.51362269,-49724.0259089802
4142,61,MWINGI HEALTH SERVICES,3108,EASTERN,MWINGI,CENTRAL,MWINGI,KYANIKA(MWINGI),DSA/DFH(MOH)-UNFPA REPORT,6,PRIV,-0.918493,38.0635,54676cfd-080d-42f3-b865-fc0661b9b1a8,4237209.43780977,-102250.55261386
4143,94,BARNET FAITH CLINIC,0,RIFT VALLEY,BARINGO,KABARNET,KABARNET MOSOP,KEWAMOI,ILRI MKT CENTRE,6,PRIV,0.494975,35.745334,3f321a26-0556-4f76-bc3a-c007f2b57cad,3979152.3791155,55101.0503372464
4144,62,NDOVOINI CLINIC,4189,EASTERN,MWINGI,CENTRAL,MWINGI,KIVOU,ILRI VILLAGES,6,PRIV,-0.921,38.11,4dbc50ea-a5f2-4924-a71f-426d0f94edfb,4242385.79413166,-102529.66653842
4145,95,PLEASANT DOVE MEDICAL SERVICES,0,RIFT VALLEY,BARINGO,KABARNET,KABARNET MOSOP,KAPROGONYA,SUBLOC CENTROID,6,PRIV,0.468739,35.74252,23f0cf1d-3e8f-4a0b-b9e2-4791ef0f3842,3978839.1260684,52180.3688649694
4146,64,NUU MED CLINIC,4173,EASTERN,MWINGI,NUU,NUU,NGAANI(MWINGI),ILRI MKT CENTRE,6,PRIV,-1.050822,38.362579,4bcec396-9a7b-4d4a-9640-f14115740cf5,4270502.75979673,-116983.528366251
4147,45,BOMET MEDICAL CLINIC,0,RIFT VALLEY,BOMET,BOMET CENTRAL,TOWNSHIP,CHEPNGAINA,GPS,6,PRIV,-0.7788,35.3409,d4d794b9-50f5-4fe0-b7a7-be5259a83335,3934130.99217601,-86698.2891920256
4148,65,NZELUNI MED CLINIC,4203,EASTERN,MWINGI,CENTRAL,MUMBUNI,ILALAMBYU,SUBLOC CENTROID,6,PRIV,-1.087646,38.099523,2a44aba1-6e1c-4121-9ec4-7c94013e2d61,4241219.49982662,-121083.471262673
4149,47,KIMOGORO DISP,0,RIFT VALLEY,BOMET,LONGISA,TEGAT,TEGAT(BOMET),ILRI VILLAGES,4,PRIV,-0.78,35.48,a0687462-66d9-4efe-bb0f-3f2c437b361e,3949615.53334535,-86831.8849413561
4150,67,TWONYUA CLINIC,4186,EASTERN,MWINGI,KYUSO,MIVUKONI,TWIMYUA,SUBLOC CENTROID,6,PRIV,-0.484732,38.26229,9bdb372f-1480-482d-8db0-f4d386f4d39a,4259338.63938457,-53960.7631171748
4151,49,PARKVIEW CLINIC,0,RIFT VALLEY,BOMET,BOMET CENTRAL,TOWNSHIP,CHEPNGAINA,GPS,6,PRIV,-0.77954,35.34136,37f2e51d-4ea7-4b7f-9c6f-101bcac61da0,3934182.19914177,-86780.6732329452
4152,68,TYAA MED CLINIC,4197,EASTERN,MWINGI,MUUMONI,KAKUYU,TYAA,SUBLOC CENTROID,6,PRIV,-0.723013,37.983088,89079f89-da26-4fc8-b11d-e85d854c3f13,4228258.01491611,-80487.5751398241
4153,50,SERE MEDICAL CLINIC,0,RIFT VALLEY,BOMET,LONGISA,CHEBOIN,SAMITUK,GPS,6,PRIV,-0.85899,35.38952,2b3a205b-4d6d-4e7d-98d3-f46803d09e3b,3939543.34581838,-95625.9117086451
4154,69,UKASI MED CLINIC,4183,EASTERN,MWINGI,NGUNI,UKASI,UKASI,SUBLOC CENTROID,6,PRIV,-0.764383,38.612566,13cffaff-31f4-4364-bec8-dcbaa01e448a,4298331.18534168,-85093.2505503113
4155,51,SOIN MEDICAL CENTRE,0,RIFT VALLEY,BOMET,BOMET CENTRAL,TOWNSHIP,CHEPNGAINA,GPS,6,PRIV,-0.77908,35.34012,90b42660-0edd-4e6b-96ef-8285d6bc03e9,3934044.16297319,-86729.4615301352
4156,71,WAITA MED CLINIC,4171,EASTERN,MWINGI,CENTRAL,WAITA,WAITA,SUBLOC CENTROID,6,PRIV,-0.814716,38.113471,5dada636-25bb-447a-958c-cd06abd4bf47,4242772.18408421,-90696.8266976881
4157,39,ARROCKET H C,0,RIFT VALLEY,BURET,SOTIK,CHEMAGEL,SOTIK,ILRI MKT CENTRE,3,PRIV,-0.687633,35.11022,20e72b0b-4a8e-4a53-980c-a67229d966da,3908451.81203981,-76548.7930527767
4158,76,AFYA CLINIC,0,EASTERN,NORTH MERU,MUTUATI,KABACHI,AMWATHI 1,DHMT,6,PRIV,0.432933,37.996947,6622a996-0e5a-44a2-9248-87c519041c84,4229800.79173901,48194.3397170255
4159,40,CHANGOI HEALTH CENTRE,0,RIFT VALLEY,BURET,KIMULOT,SAOSA,CHEMOSIT,ILRI VILLAGES,3,PRIV,-0.48,35.22,f237b24b-b034-483d-bfdf-36b6ec7f4f4c,3920672.4657391,-53433.9806182005
4160,103,ANTODEVI MEDICAL CLIN+B2542IC,0,EASTERN,NORTH MERU,IGEMBE SOUTH,KANUNI,ATHIMBA,DHMT,6,PRIV,0.182231,37.956035,65922ff2-390d-4932-9894-c0d77ade98a0,4225246.48873167,20285.8963280519
4161,0,CHEBITET DISP,0,RIFT VALLEY,BURET,KIMULOT,SAOSA,CHEPKEMBE,DHMT,4,PRIV,-0.427887,35.307278,78987758-921a-4a6c-9895-bcacf8020455,3930388.20825656,-47632.6057166964
4162,7,CIOMITHEA CLINIC,0,EASTERN,NORTH MERU,IGEMBE NORTH,KANGETA,KANGETA,DHMT,6,PRIV,0.277072,37.879495,e5bf68f1-353e-4a77-9010-0c399a701454,4216726.09490636,30843.6341671065
4163,0,CHEMAMUL DISP,0,RIFT VALLEY,BURET,KIMULOT,SAOSA,CHEPKEMBE,DHMT,4,PRIV,-0.475625,35.278932,f0b8161f-4b0b-4073-ac5b-6bff6484809b,3927232.74597053,-52946.940910224
4164,44,DR.  ITHINJI SM'S CLINIC,0,EASTERN,NORTH MERU,IGEMBE CENTRAL,KANTIHIARI,GITUUMI,ILRI VILLAGES,6,PRIV,0.23,37.93,caaf5c0a-1960-4288-9916-dd4556f7a48c,4222348.28578887,25603.5516462742
4165,0,CHEPTABES DISP,2723,RIFT VALLEY,BURET,KIMULOT,SAOSA,CHEPKEMBE,DHMT,4,PRIV,-0.44982,35.302124,f8864290-5fb1-4b7f-90eb-f7ce9d59ca00,3929814.46760101,-50074.2477447286
4166,45,DR. KIRERA MW'S CLINIC,0,EASTERN,NORTH MERU,IGEMBE CENTRAL,MAUA,AMWATHI,DHMT,6,PRIV,0.238274,37.954891,b15877a0-fa4d-48ab-a0ce-ede36e59de15,4225119.13923421,26524.6168043952
4167,0,KAPKATET MEDICARE CENTRE,0,RIFT VALLEY,BURET,BURET,KAPKATET,SOSIT,DHMT,6,PRIV,-0.648958,35.176784,5006815d-a04e-4e93-aa32-4e9c001fb1ec,3915861.68262498,-72243.2187857628
4168,77,EXCUTIVE CLINIC,0,EASTERN,NORTH MERU,IGEMBE NORTH,KANGETA,KANGETA,DHMT,6,PRIV,0.281167,37.880079,2251f658-54dd-415b-82b7-fd1b4924455a,4216791.10548898,31299.4928912207
4169,0,KIPTOME MED CLINIC,0,RIFT VALLEY,BURET,RORET,TEBESONIK,KIPTOME(BURET),DHMT,6,PRIV,-0.534279,35.097281,1f949403-63de-43b8-bec6-6c952db82121,3907011.44914844,-59476.5281841915
4170,83,FRONTIER CLINIC,0,EASTERN,NORTH MERU,NDOLELI,ATHIRURUNJINE,THITHA,DHMT,6,PRIV,0.308072,37.950499,fb0ffac8-4aff-4099-a80a-298df0a55eeb,4224630.22403064,34294.5834150248
4171,44,KOIWA MEDICAL CENTRE,0,RIFT VALLEY,BURET,KONOIN,KOIWA,CHEPTINGTING,1:50000 MAPS,6,PRIV,-0.610811,35.320721,883c3077-9a8a-4ed1-937b-00b91f839ae6,3931884.67617129,-67996.4574663727
4172,46,GATUNTUNE MB CLINIC,2522,EASTERN,NORTH MERU,IGEMBE SOUTH,KANUNI,ATHIMBA,ILRI VILLAGES,6,PRIV,0.18,37.95,d060bf25-f7fa-42d5-ab61-15efb510d0ef,4224574.67560474,20037.5413032573
4173,45,LITEIN MEDICARE CENTRE,0,RIFT VALLEY,BURET,BURET,LITEIN,LITEIN,SUBLOC CENTROID,6,PRIV,-0.580233,35.182661,3e7900b6-2181-48a0-8256-966a9cb9faa9,3916515.90727237,-64592.3461625446
4174,47,GATUURU DISP,1080,EASTERN,NORTH MERU,LAARE,ANTUAMBUI,ANTUAMBUI,DHMT,4,PRIV,0.344145,37.932862,2d5aa015-fb52-48b8-a923-4f985c4a8707,4222666.88217152,38310.2765168966
4175,0,RORET MED CLINIC,0,RIFT VALLEY,BURET,RORET,KISIARA,MABASI,DHMT,6,PRIV,-0.504745,35.089038,45f1ecef-2e99-413f-b31c-e976bb768181,3906093.84258583,-56188.6831541386
4176,48,GRANTO MEDICAL CLINIC,0,EASTERN,NORTH MERU,LAARE,ANTUAMBUI,ANTUAMBUI,DHMT,6,PRIV,0.351304,37.929438,4a32d9a3-ffca-4c12-8a63-15ee316dce98,4222285.72423505,39107.2274286089
4177,46,SIMOTWET DISP,1647,RIFT VALLEY,BURET,KIMULOT,SAOSA,CHEPKEMBE,ILRI VILLAGES,4,PRIV,-0.414195,35.347961,d799bcf6-d559-497b-aac9-2233f5fb52a1,3934917.0191005,-46108.378090244
4178,80,HIGHWAY CLINIC,0,EASTERN,NORTH MERU,IGEMBE CENTRAL,LULUMA,MAKIRI,DHMT,6,PRIV,0.227151,37.941631,ad9b4c96-b830-4cc1-93bd-13f84db8fb0d,4223643.04278629,25286.3998931933
4179,52,SOTIK MEDICAL CLINIC,0,RIFT VALLEY,BURET,SOTIK,CHEMAGEL,SOTIK,GPS,6,PRIV,-0.68944,35.10948,fea158b8-d551-4398-994b-68d8ad72d539,3908369.43561663,-76749.9618982494
4180,93,JAMII MEDICAL CLINIC,0,EASTERN,NORTH MERU,IGEMBE S/EAST,KIRIMAMPIO,BWETHAA,DHMT,6,PRIV,0.206089,37.991514,6a8dfa03-c505-497d-9a61-e00807ccc0df,4229195.99294553,22941.7720079402
4181,0,TENDWET DISP,0,RIFT VALLEY,BURET,KIMULOT,SAOSA,CHEPKEMBE,DHMT,4,PRIV,-0.453691,35.259606,5afbf861-964d-4c1f-b092-aa4f9da58fe6,3925081.38549146,-50505.1788885034
4182,49,K. K. CLINIC,4464,EASTERN,NORTH MERU,LAARE,ANTUAMBUI,ANTUAMBUI,DHMT,6,PRIV,0.359063,37.936089,5250476f-33b4-4419-a345-a89f3da5915d,4223026.11016831,39970.9719547486
4183,88,BETHEL MEDICAL CLINIC,0,RIFT VALLEY,KAJIADO,NGONG,ONGATA RONGAI,ONGATA RONGAI,SUBLOC CENTROID,6,PRIV,-1.394986,36.755329,8e0235a7-d9fb-4b52-b90c-52104ef8b523,4091584.50821925,-155304.47553776
4184,104,KACIONGO MEDICAL CLINIC,0,EASTERN,NORTH MERU,IGEMBE CENTRAL,LULUMA,MAKIRI,DHMT,6,PRIV,0.22751,37.937689,a97e1715-4535-4655-bea0-f245db129ec8,4223204.22135358,25326.3639049532
4185,90,BULBUL CLINIC,0,RIFT VALLEY,KAJIADO,NGONG,NGONG,NGONG TOWNSHIP,ILRI MKT CENTRE,6,PRIV,-1.330886,36.670845,7066ef9e-b719-4ce0-943e-591bbedcc50f,4082179.79235907,-148166.87647519
4186,89,KAMA MEDICAL CLINIC,0,EASTERN,NORTH MERU,IGEMBE SOUTH,KANUNI,ATHIMBA,DHMT,6,PRIV,0.187734,37.95764,1d25131c-4c2f-46ed-a8b1-1f01ab31437e,4225425.1565144,20898.4906788234
4187,91,CENTRAL MEDICAL CLINIC,4562,RIFT VALLEY,KAJIADO,CENTRAL,TOWNSHIP,MAJENGO(KAJIADO),ILRI MKT CENTRE,6,PRIV,-1.85023,36.795334,7d9356b4-905f-495e-a1cc-be722074c3db,4096037.84444843,-206002.468215977
4188,78,KATHELWA MED CLINIC,0,EASTERN,NORTH MERU,LAARE,AKIRANG'ONDU,KATHELWA,DHMT,6,PRIV,0.320363,37.90114,6698e628-3d05-4104-8755-bfde9c31016f,4219135.60528458,35662.8318544391
4189,92,DR B K THUO CLINIC,4547,RIFT VALLEY,KAJIADO,NGONG,NGONG,NGONG TOWNSHIP,ILRI MKT CENTRE,6,PRIV,-1.359548,36.65548,560c1ab6-b113-40d4-b4b7-1b5731ffe46d,4080469.36838303,-151358.395357016
4190,51,KAWIRIA CLINIC,3803,EASTERN,NORTH MERU,IGEMBE CENTRAL,MAUA,KAIBU,DHMT,6,PRIV,0.236972,37.945386,ac18af0d-e2d6-472f-a205-5e98bc6327f0,4224061.04747422,26379.6775808938
4191,93,DR E K THUO CLINIC,3246,RIFT VALLEY,KAJIADO,NGONG,KISERIAN,OLTEYANI,ILRI TOWNS,6,PRIV,-1.374836,36.655239,47d7ac36-0d17-4342-be15-e9e531dce61e,4080442.54038575,-153060.732365527
4192,84,KENDI MEDICAL CLINIC,0,EASTERN,NORTH MERU,IGEMBE CENTRAL,LULUMA,MAKIRI,DHMT,6,PRIV,0.230477,37.940522,b887d78d-f04f-47a5-973a-03882f7b739d,4223519.589471,25656.6514721012
4193,94,DR GITONYI CLINIC,3242,RIFT VALLEY,KAJIADO,NAMANGA,NAMANGA,NAMANGA,ILRI MKT CENTRE,6,PRIV,-2.543228,36.786924,1f17f1fb-ce0a-4015-9872-b78da4fc40a9,4095101.64753086,-283203.859128595
4194,100,KIANJAI MEDICAL CENTRE,0,EASTERN,NORTH MERU,TIGANIA WEST,KIANJAI,KIANJAI,DHMT,6,PRIV,0.167442,37.738213,0fa40dbf-6d0f-4293-8537-677d7a1a43b0,4200998.6546081,18639.5847093418
4195,95,DR KEKAE OLE MEREU CLINIC,3251,RIFT VALLEY,KAJIADO,NGONG,NGONG,NGONG TOWNSHIP,SUBLOC CENTROID,6,PRIV,-1.344822,36.656263,b04360fe-fdb6-4d8e-a1b0-419752a3040a,4080556.53154432,-149718.647912295
4196,52,KIENGU CLINIC,0,EASTERN,NORTH MERU,IGEMBE EAST,KIENGU,ANTUBETWE NJOUNE,ILRI VILLAGES,6,PRIV,0.27,37.97,a7ba4adf-3c43-47ee-9815-0ec09f0f0245,4226801.0654206,30056.3737560878
4197,98,DR V J BHAT CLINIC,3252,RIFT VALLEY,KAJIADO,NGONG,ONGATA RONGAI,ONGATA RONGAI,ILRI VILLAGES,6,PRIV,-1.4,36.75,e70e5a65-629c-469e-b318-ccc10e26eac2,4090991.28665281,-155862.797533266
4198,54,KIRINDINE CLINIC,0,EASTERN,NORTH MERU,IGEMBE S/WEST,ATHI,KIRINDINE,SUBLOC CENTROID,6,PRIV,0.164783,37.926893,87650f2c-7fd4-4a0e-8ae5-d8c035a4ca1f,4222002.41613098,18343.5849392963
4199,53,KIRINDINE MUTETHIA CLINIC,2722,EASTERN,NORTH MERU,URINGU,NKOMO,KILENCHUNE,DHMT,6,PRIV,0.152768,37.734544,7b0882f3-7332-4fff-8e9a-1f6ac647cef1,4200590.22339638,17006.0761193987
4200,100,EMMANUEL HEALTH CLINIC,3371,RIFT VALLEY,KAJIADO,NAMANGA,BISSIL,BISSIL,DHMT,6,PRIV,-2.130021,36.801493,9b2c38a5-99f2-452e-b43a-6307ad80eb82,4096723.46119223,-237167.488789895
4201,87,KIUTINE MEDICAL CLINIC,0,EASTERN,NORTH MERU,NDOLELI,KAWIRU,BAIBARIU,DHMT,6,PRIV,0.306964,38.051373,0174c5a9-e9bf-4684-83ca-2c8f9cdb2535,4235859.46634493,34171.2396426564
4202,101,FAITH HEALTH CLINIC,0,RIFT VALLEY,KAJIADO,NGONG,NKAIMORONYA,EMBAKASI(KAJIADO),ILRI VILLAGES,6,PRIV,-1.38,36.73,9d27f75c-40ad-4322-b95c-4e7cead28a30,4088764.89683695,-153635.752373041
4203,102,KWA MUREGA MEDICAL CLINIC,0,EASTERN,NORTH MERU,IGEMBE NORTH,ANTUBEIGA,BURIERURI,DHMT,6,PRIV,0.269239,37.929526,f2c1419c-6472-40b5-a397-5e6937cd0474,4222295.52035024,29971.6586856269
4204,102,GAZELLE MEDICAL CLINIC,0,RIFT VALLEY,KAJIADO,NGONG,ONGATA RONGAI,LEMELEPO,DHMT,6,PRIV,-1.42813,36.691708,f1eb02ec-711e-4bee-9c12-45044a4ec877,4084502.25089549,-158995.168766726
4205,88,KWAMBOME CLINIC,0,EASTERN,NORTH MERU,TIGANIA CENTRAL,MIKINDURI WEST,ANJUKI,DHMT,6,PRIV,0.120668,37.829928,7173db3a-a08b-4677-990f-da39000430fd,4211208.32170621,13432.7102450974
4206,103,GLORIA HEALTH SERVICE,0,RIFT VALLEY,KAJIADO,NGONG,NKAIMORONYA,KANDISI,DHMT,6,PRIV,-1.38975,36.734694,9136a7e5-ebc3-4b93-af60-b91cdaa2c6d7,4089287.43052673,-154721.434532371
4207,98,LAARE CLINIC,0,EASTERN,NORTH MERU,LAARE,ANTUAMBUI,ANTUAMBUI,DHMT,6,PRIV,0.363497,37.942739,58958f43-69b8-4280-93d7-1d5e18724950,4223766.38478209,40464.5723897084
4208,108,KAJIADO MEDICAL CLINIC & PHARMACY,4563,RIFT VALLEY,KAJIADO,CENTRAL,TOWNSHIP,HOSPITAL(KAJIADO),ILRI VILLAGES,6,PRIV,-1.85,36.78,b6daa69b-b41a-4ac1-b462-f2f5bb982b5b,4094330.8713766,-205976.851379139
4209,99,LAARE NURSING HOME,0,EASTERN,NORTH MERU,LAARE,ANTUAMBUI,ANTUAMBUI,DHMT,6,PRIV,0.357955,37.947173,f51547a4-b1ba-4b62-babc-676f03a4defc,4224259.97540427,39847.6275443615
4210,109,KILIMANJARO BUFFALO LODGE DISP,3253,RIFT VALLEY,KAJIADO,LOITOKITOK,ENTONET,AMBOSELI,DHMT,4,PRIV,-2.653806,37.286589,1d76370d-eab0-4fed-8c82-bcfdfe19937e,4150724.10089808,-295526.018038592
4211,81,LUCY'S CLINIC,0,EASTERN,NORTH MERU,TIGANIA CENTRAL,MIKINDURI WEST,ANJUKI,DHMT,6,PRIV,0.124337,37.832679,05db7cf0-0b58-4476-ae71-e4f2f103d574,4211514.56162538,13841.1423904305
4212,111,KISERIAN CLINIC (MCH/FP),0,RIFT VALLEY,KAJIADO,NGONG,KISERIAN,UPPER MATASIA,ILRI MKT CENTRE,6,PRIV,-1.425646,36.685529,0860a2fb-0753-4307-94da-4a8b83685c8f,4083814.40776187,-158718.565380758
4213,55,MAUA  MEDICAL CLINIC,1131,EASTERN,NORTH MERU,IGEMBE CENTRAL,MAUA,AMWATHI,DHMT,6,PRIV,0.23606,37.953068,49fa28fa-f7b3-4bcf-9793-cab7b28296eb,4224916.20380249,26278.153340294
4214,112,KISERIAN HEALTH CLINIC,3237,RIFT VALLEY,KAJIADO,NGONG,KISERIAN,UPPER MATASIA,ILRI VILLAGES,6,PRIV,-1.43,36.68,d8622c57-0466-4013-adb3-88f92dfed1c3,4083198.92229728,-159203.400981568
4215,101,MEDICAL HUT CLINIC,0,EASTERN,NORTH MERU,TIGANIA WEST,KIANJAI,KIANJAI,DHMT,6,PRIV,0.170194,37.746467,003c1778-0140-4eeb-ad57-4faf2b022527,4201917.48568511,18945.9372778248
4216,113,KISERIAN MEDICAL CLINIC,0,RIFT VALLEY,KAJIADO,NGONG,KISERIAN,OLTEYANI,SUBLOC CENTROID,6,PRIV,-1.390361,36.659592,adc1132a-6557-4108-850c-b5627d88f168,4080927.11412917,-154789.470763269
4217,58,MITINTU COTTAGE HOSPITAL,0,EASTERN,NORTH MERU,TIGANIA WEST,MITUNTU,MITUNTU,SUBLOC CENTROID,5,PRIV,0.169595,37.68797,74a77107-1826-46d9-9920-3debdc9361b9,4195405.62943218,18879.2566096963
4218,114,KIT HEALTH SERVICES,3235,RIFT VALLEY,KAJIADO,NGONG,ONGATA RONGAI,LEMELEPO,DHMT,6,PRIV,-1.422205,36.696529,68243881-bdb7-4809-8b28-08a9135c9f97,4085038.9221606,-158335.396690489
4219,92,MURIRI MEDICAL CLINIC,0,EASTERN,NORTH MERU,TIGANIA NORTH,MUTHARA,ATHANJA,DHMT,6,PRIV,0.221554,37.780402,528e8abf-c8fd-4056-93be-c966d3fbc295,4205695.11260518,24663.3399264069
4220,97,MUTUATI NURSING HOME,0,EASTERN,NORTH MERU,MUTUATI,KABACHI,AMWATHI 1,DHMT,6,PRIV,0.429246,38.000243,8afdd621-d364-406c-b316-a353ed5b029c,4230167.70078067,47783.8931368576
4221,116,KWA MURANJA CLINIC,4564,RIFT VALLEY,KAJIADO,CENTRAL,TOWNSHIP,MAJENGO(KAJIADO),DHMT,6,PRIV,-1.834209,36.788966,a8d5c4db-c235-42a2-80c8-7d08f5214a00,4095328.96193106,-204218.096383777
4222,86,MUUTINE MEDICAL CLINIC,0,EASTERN,NORTH MERU,IGEMBE NORTH,NJIA,NJIA CIA MWENDWA,DHMT,6,PRIV,0.308945,37.896599,98ad8707-dc6e-430e-b52a-ee0231720225,4218630.10347688,34391.7667392911
4223,97,LEO SURGERY,3245,RIFT VALLEY,KAJIADO,CENTRAL,TOWNSHIP,MAJENGO(KAJIADO),ILRI TOWNS,6,PRIV,-1.850198,36.793789,995e0296-89db-4f3e-b2d3-8b6b7b8e9a0e,4095865.85583516,-205998.904134134
4224,117,LOITOKITOK TOWNSHIP CLINIC,0,RIFT VALLEY,KAJIADO,LOITOKITOK,KUKU,LOOLOPON,1:50000 MAPS,6,PRIV,-2.927928,37.509009,5c527413-0a91-4139-a12e-147b88b7eb14,4175483.78204032,-326077.405389529
4225,95,MWENDWA MEDICAL CLINIC,0,EASTERN,NORTH MERU,TIGANIA WEST,KIANJAI,KIANJAI,DHMT,6,PRIV,0.163774,37.745549,e6540e4f-dc37-4318-87f1-1db6d9e1f663,4201815.29439256,18231.263111393
4226,118,MAGADI HOSPITAL,1555,RIFT VALLEY,KAJIADO,MAGADI,MAGADI,MAGADI(KAJIADO),SUBLOC CENTROID,5,PRIV,-1.896213,36.35116,0641858d-fda5-4a38-96d5-9723d5621934,4046592.62094482,-211124.009437014
4227,94,NELKA INTEGRATED CLINIC,0,EASTERN,NORTH MERU,IGEMBE S/WEST,ATHI,KIRINDINE,DHMT,6,PRIV,0.170079,37.914534,414b1a40-3192-47e4-8bb5-ac738ac07c10,4220626.61854426,18933.1354799432
4228,119,MAWEPI MEDICAL SERVICES,0,RIFT VALLEY,KAJIADO,CENTRAL,KITENKELA,OLOOSIRIKON,DHMT,6,PRIV,-1.436155,36.729435,7621cea8-32de-447c-b610-d76eab752959,4088702.00132465,-159888.786823935
4229,82,NTONYIRI HEALTH CLINIC,0,EASTERN,NORTH MERU,NDOLELI,ATHIRURUNJINE,THITHA,DHMT,6,PRIV,0.312506,37.969344,5dded721-7970-4e1a-862f-414e097277a9,4226728.03983464,34788.1812755114
4230,120,MIDHILL MEDICAL CLINIC,2658,RIFT VALLEY,KAJIADO,NGONG,NGONG,KIBIKO,DHMT,6,PRIV,-1.363558,36.643638,f940ac8a-cd9a-4533-ad7a-6816ba513235,4079151.12297306,-151804.91258515
4231,79,NYAMBENE HIGHWAY CLINIC,0,EASTERN,NORTH MERU,TIGANIA NORTH,MUTHARA,ATHINGA,DHMT,6,PRIV,0.220637,37.791407,783942fb-195e-4c05-b0e0-50d46575ddb7,4206920.18360136,24561.2591933271
4232,123,MR MOSIRO CLINIC,3244,RIFT VALLEY,KAJIADO,CENTRAL,TOWNSHIP,MAJENGO(KAJIADO),DHMT,6,PRIV,-1.826124,36.790201,3bdd593a-0c7b-4ec7-9342-adb67f23ccf0,4095466.44150219,-203317.618951947
4233,105,PREVIOUS MEDICAL CLINIC,0,EASTERN,NORTH MERU,IGEMBE CENTRAL,LULUMA,MAKIRI,DHMT,6,PRIV,0.226172,37.938225,c5ee40de-fd16-4a22-b6b0-31794767c8be,4223263.88860065,25177.4172589214
4234,125,NAMAIYANA HEALTH CLINIC,4561,RIFT VALLEY,KAJIADO,CENTRAL,TOWNSHIP,MAJENGO(KAJIADO),DHMT,6,PRIV,-1.832723,36.795599,4e242fe2-ded6-4171-8879-c03f5356ffa6,4096067.34411349,-204052.590888774
4235,90,ROSMA CLINIC,0,EASTERN,NORTH MERU,IGEMBE CENTRAL,ANTUBOCHIU,BURIEMARIA,DHMT,6,PRIV,0.224934,37.940522,f22a1936-274e-43e7-b478-8b1e69454ece,4223519.589471,25039.6026614589
4236,126,NARANEAT CLINIC,3261,RIFT VALLEY,KAJIADO,NAMANGA,BISSIL,BISSIL,DHMT,6,PRIV,-2.137543,36.794712,abcfc946-d879-4cbf-8e95-0f7cc31c5ef0,4095968.60372516,-238005.415005977
4237,75,ROSMEGG CLINIC,0,EASTERN,NORTH MERU,IGEMBE NORTH,KANGETA,KANGETA,DHMT,6,PRIV,0.280582,37.875399,9e741342-9aee-49ba-96ca-3a0f07fbcf71,4216270.13027207,31234.3702066124
4238,127,NASARONI CLINIC,3248,RIFT VALLEY,KAJIADO,NGONG,KISERIAN,UPPER MATASIA,DHMT,6,PRIV,-1.424239,36.674386,b5e61f5e-8446-474a-994b-8f105054c645,4082573.97467596,-158561.890406883
4239,91,ST JOY MEDICAL CLINIC,0,EASTERN,NORTH MERU,IGEMBE SOUTH,KABULINE,AMUNG'ENTI,DHMT,6,PRIV,0.187276,37.959704,c9a1c9ea-27f0-491e-87c1-51353836c3c7,4225654.9199434,20847.5060790256
4240,60,THAENE CLINIC,4325,EASTERN,NORTH MERU,IGEMBE CENTRAL,MAUA,KAIBU,DHMT,6,PRIV,0.237222,37.934545,08ee4ed9-65cd-46dd-8de8-2dac7a5ad9e8,4222854.23287453,26407.5076918734
4241,130,OLOYANGALANI DISP,1533,RIFT VALLEY,KAJIADO,NGONG,SOUTH KEEKONYOKIE,OLOOYLANGAWANI,1:50000 MAPS,4,PRIV,-1.735135,36.712162,4114c276-fe7e-425c-8094-f5978bde44bd,4086779.17976017,-193183.875381638
4242,85,TROPICAL CLINIC,0,EASTERN,NORTH MERU,IGEMBE CENTRAL,LULUMA,MAKIRI,DHMT,6,PRIV,0.228259,37.943848,96339e59-70d9-451e-8205-5590a4ab256a,4223889.83809738,25409.7428630482
4243,131,ONGATA MALL HEALTH CLINIC,3258,RIFT VALLEY,KAJIADO,NGONG,ONGATA RONGAI,ONGATA RONGAI,DHMT,6,PRIV,-1.390526,36.765852,93451e0f-3d21-4ea4-9b21-2c623362accb,4092755.92322086,-154807.843889204
4244,132,ONGATA MEDICAL CLINIC,0,RIFT VALLEY,KAJIADO,NGONG,ONGATA RONGAI,LEMELEPO,DHMT,6,PRIV,-1.419249,36.703109,f3a9ad0a-1c04-4c61-982c-2e59bc940050,4085771.40441002,-158006.235086758
4245,0,AZIMIO CLINIC,0,EASTERN,SOUTH MERU,CHUKA,MUGWE,MUGIRIRWA,DHMT,6,PRIV,-0.335317,37.638257,da9feb36-6979-4aaf-b166-d845aefc4cb6,4189871.60358637,-37327.5307755237
4246,51,MAGENKA CLINIC,3663,EASTERN,SOUTH MERU,MAGUMONI,MUKUUNI,KINORU,1:50000 MAPS,6,PRIV,-0.416667,37.664,f8e15df4-fbb6-4bcc-8d6c-d791c7b14de9,4192737.30123786,-46383.5671050625
4247,133,REHEMA MEDICAL CLINIC,0,RIFT VALLEY,KAJIADO,NGONG,ONGATA RONGAI,LEMELEPO,DHMT,6,PRIV,-1.400711,36.719202,ebb1c2c3-1201-4c3c-a552-2261eaaa542e,4087562.86897536,-155941.969336813
4248,0,NTHA CLINIC,1989,EASTERN,SOUTH MERU,CHUKA,MUGWE,MUGIRIRWA,DHMT,6,PRIV,-0.342969,37.640808,4285a24e-f064-413f-b108-7595e10eb04a,4190155.57960738,-38179.3624422492
4249,134,ROBANA MEDICAL CLINIC,0,RIFT VALLEY,KAJIADO,NGONG,ONGATA RONGAI,ONGATA RONGAI,DHMT,6,PRIV,-1.395886,36.748504,b56f2f47-4d0d-4945-b871-4ecb8d6054bc,4090824.75269458,-155404.692800628
4250,135,RONKAI UZIMA MEDICAL CLINIC,0,RIFT VALLEY,KAJIADO,NGONG,NKAIMORONYA,OLKERI(NGONG),ILRI MKT CENTRE,6,PRIV,-1.370872,36.69771,63c51112-f000-4b13-9c0b-7e6b9a267f4d,4085170.39047923,-152619.335202305
4251,48,ST. LUCIE'S HOSPITAL,4130,EASTERN,SOUTH MERU,CHUKA,MUGWE,MUGIRIRWA,1:50000 MAPS,1,PRIV,-0.335586,37.646847,c130798e-058a-4b80-af46-9e6c8bad6f63,4190827.83801228,-37357.4762317807
4252,137,SACRED HEART MEDICAL CLINIC,3254,RIFT VALLEY,KAJIADO,NGONG,OLOOLUA,BULBUL,DHMT,6,PRIV,-1.32943,36.676067,04e980a6-804b-42ef-b1ac-e3e3cfdbbb09,4082761.10273999,-148004.751608673
4253,17,THANANTU FAITH  DISP,3446,EASTERN,THARAKA,NORTH THARAKA,GIKINGO,MUKOTHIMA,DHMT,4,PRIV,0.01,37.98,49b21556-09ae-442e-be12-ae7d84c55169,4227914.26032854,1113.19491358993
4254,41,ALANSAR MEDICAL CLINIC,0,N. EASTERN,GARISSA,SANKURI,RAYA,ATHEYLEY,TOWN PLAN(1:5000),6,PRIV,-0.256923,39.7769,c8a9b6b3-1bcf-4ca0-b0fd-266cd617ef6d,4427944.25333497,-28600.6333816902
4255,138,SINAI MOUNT HOSPITAL,0,RIFT VALLEY,KAJIADO,NGONG,ONGATA RONGAI,ONGATA RONGAI,DHMT,5,PRIV,-1.394557,36.761463,c5df301b-816f-4ad3-8687-3d103e8e9082,4092267.34197577,-155256.705322621
4256,42,AL-HILAL MEDICAL CENTRE,0,N. EASTERN,GARISSA,CENTRAL,WABERI,WABERI,TOWN PLAN(1:5000),6,PRIV,-0.413643,39.6854,174cba57-1b21-44e2-8d19-f4823fc61014,4417758.51992739,-46046.9281278067
4257,140,ST MATTHEWS CLINIC,3239,RIFT VALLEY,KAJIADO,CENTRAL,KITENKELA,OLOOSIRIKON,DHMT,6,PRIV,-1.476297,36.75083,e23c35eb-b98d-4c6d-a96f-086b7014c136,4091083.68183017,-164358.817589867
4258,43,AL-MAQDIS MEDICAL CLINIC,0,N. EASTERN,GARISSA,CENTRAL,WABERI,WABERI,TOWN PLAN(1:5000),6,PRIV,-0.327074,39.758,f1a52bef-583c-4451-9c58-221907ed45b1,4425840.31495897,-36409.9088816242
4259,141,ST. ANNE MEDICAL CLINIC,0,RIFT VALLEY,KAJIADO,NGONG,KISERIAN,UPPER MATASIA,DHMT,6,PRIV,-1.429114,36.680719,d0f04d24-d82c-4bce-989d-fa99f5a1f003,4083278.96101116,-159104.741205167
4260,44,AL-MUMIN MEDICAL CLINIC,0,N. EASTERN,GARISSA,CENTRAL,WABERI,WABERI,TOWN PLAN(1:5000),6,PRIV,-0.39623,39.6939,f07fae58-a9ad-406f-b6ea-4473caea8ba3,4418704.73559913,-44108.4734152232
4261,142,ST. GLADYS NJOGA MEDICAL CLINIC,0,RIFT VALLEY,KAJIADO,NGONG,KISERIAN,UPPER MATASIA,DHMT,6,PRIV,-1.43443,36.675071,ee59641d-1264-4fd6-9d6c-2e92d911da59,4082650.22852716,-159696.70043533
4262,143,STAR OF THE SEA HEALTH CLINIC,3262,RIFT VALLEY,KAJIADO,NGONG,ONGATA RONGAI,LEMELEPO,DHMT,6,PRIV,-1.406519,36.715608,105fd08a-6083-40ef-8087-d9129480c8cd,4087162.78672544,-156588.706995661
4263,45,AL-NAS DISP,2514,N. EASTERN,GARISSA,CENTRAL,TOWNSHIP,TOWNSHIP(GARISSA),ILRI MKT CENTRE,4,PRIV,-0.448781,39.649818,00ba3242-d666-4f71-9190-a3eef7c0bcc1,4413797.54980598,-49958.5832375093
4264,144,WAMA MEDICAL CLINIC,0,RIFT VALLEY,KAJIADO,NGONG,ONGATA RONGAI,ONGATA RONGAI,DHMT,6,PRIV,-1.394557,36.743519,49c5c95c-0756-4d38-a50f-4a32476733f8,4090269.82503298,-155256.705322621
4265,46,AL-RABIDHA MEDICAL SERVICE,0,N. EASTERN,GARISSA,SANKURI,RAYA,RAYA,TOWN PLAN(1:5000),6,PRIV,-0.234534,39.7829,faee5e8d-1e7b-4032-b52b-cb65138fbd35,4428612.17027973,-26108.2783648528
4266,52,DR. MUNGU CLINIC,0,RIFT VALLEY,KEIYO,KAMARINY,IRONG,ITEN TOWNSHIP,DHMT,6,PRIV,0.673258,35.503548,3ecd9c7f-ab43-416d-8224-b1fd256cbb3a,3952236.88471455,74948.4625146765
4267,47,AL-RAHMA MEDICAL CLINIC,0,N. EASTERN,GARISSA,SANKURI,RAYA,ATHEYLEY,TOWN PLAN(1:5000),6,PRIV,-0.384289,39.6625,422ae209-ad53-4a38-9d18-7d1657f6f9e7,4415209.30358822,-42779.1765376854
4268,55,ITEN HIGHWAY CLINIC,0,RIFT VALLEY,KEIYO,KAMARINY,IRONG,ITEN TOWNSHIP,1:50000 MAPS,6,PRIV,0.66846,35.50405,17c99ea4-a5b1-4d83-977a-8231ec74f71c,3952292.76709893,74414.3149840054
4269,48,BALICH DISP,4700,N. EASTERN,GARISSA,SANKURI,SANKURI,BALICH,SUBLOC CENTROID,4,PRIV,-0.189903,39.516581,719a5083-8138-409d-be3c-c8f5d002f889,4398965.67481115,-21139.9439654935
4270,49,BOLIMOG MEDICAL CLINIC,0,N. EASTERN,GARISSA,CENTRAL,TOWNSHIP,MEDINA,TOWN PLAN(1:5000),6,PRIV,-0.273341,39.7939,20aec803-a240-444d-a0d3-7589d97e4ddc,4429836.68467846,-30428.2963556935
4271,57,KERIO CLINIC,0,RIFT VALLEY,KEIYO,KAMARINY,IRONG,ITEN TOWNSHIP,DHMT,6,PRIV,0.672973,35.505545,3ae0f6ae-7f88-4e9b-94e5-b8dda870c568,3952459.18973767,74916.7342703052
4272,58,KOMUCHAN  DISP,0,RIFT VALLEY,KEIYO,CHEPKORIO,MARICHOR,KAMELIL(KEIYO),DHMT,4,PRIV,0.346359,35.561965,b504feec-1b18-4ee2-b85a-a8d71a7b5973,3958739.83540822,38556.7423441154
4273,50,DERTU MEDICAL CLINIC,3482,N. EASTERN,GARISSA,SANKURI,RAYA,ATHEYLEY,TOWN PLAN(1:5000),6,PRIV,-0.267869,39.7829,0647eda1-1035-457c-9056-dedf27134327,4428612.17027973,-29819.1493079642
4274,51,DR. K BALARAMANI DISP,2515,N. EASTERN,GARISSA,CENTRAL,IFTIN,IFTIN,SUBLOC CENTROID,4,PRIV,-0.4811,39.663155,111be58f-1495-45f0-9c58-b7365ad8d1d5,4415282.21785469,-53556.4363651128
4275,59,STEK CLINIC,0,RIFT VALLEY,KEIYO,TAMBACH,KIPTUILONG,SETEK(KEIYO),SUBLOC CENTROID,6,PRIV,0.620349,35.529883,41983b4e-4765-405b-bbdd-c32edbd18d6e,3955168.48350459,69058.2840542369
4276,52,GARISSA MEDICAL CENTRE,3481,N. EASTERN,GARISSA,CENTRAL,WABERI,WABERI,TOWN PLAN(1:5000),6,PRIV,-0.40021,39.6973,d1ebd002-f19e-4b83-966f-2775ec684a27,4419083.22186782,-44551.5356899063
4277,77,CHAGAIK DISP,1559,RIFT VALLEY,KERICHO,AINAMOI,CHEBOSWA,CHAGAIK,DSA/DFH(MOH)-UNFPA REPORT,4,PRIV,-0.332854,35.3426,9663d884-a057-45eb-935a-1fc4a69e8ac8,3934320.23531036,-37053.3462086468
4278,53,GULLED MEDICAL CLINIC,0,N. EASTERN,GARISSA,CENTRAL,TOWNSHIP,MEDINA,TOWN PLAN(1:5000),6,PRIV,-0.367871,39.7098,0a62c03b-d2f7-414e-ae58-e0096ff92faf,4420474.71550274,-40951.4937598619
4279,78,CHANGOI/LELSA DISP,1561,RIFT VALLEY,KERICHO,BELGUT,CHAIK,KIPTETAN,DISTRICT ESTIMATES,4,PRIV,-0.46123,35.20123,43017a10-55fd-4598-a793-b6d19286f966,3918582.99889691,-51344.4432804873
4280,54,JARIBU MEDICAL CLINIC,0,N. EASTERN,GARISSA,SANKURI,RAYA,ATHEYLEY,TOWN PLAN(1:5000),6,PRIV,-0.35593,39.6715,294936ab-a94f-493f-82bf-cdc4f26a5069,4416211.17900536,-39622.2012010207
4281,79,CHEBOWN DISP,1564,RIFT VALLEY,KERICHO,BELGUT,CHAIK,KIPTETAN,DSA/DFH(MOH)-UNFPA REPORT,4,PRIV,-0.437443,35.2167,a5496af3-8d27-4103-88fe-eca5de782e8d,3920305.11141948,-48696.4051028994
4282,55,MECCAH MEDICAL CENTRE,0,N. EASTERN,GARISSA,JARAJILA,YUMBIS,YUMBIS,ILRI VILLAGES,6,PRIV,-0.05,40.25,6e4c0f3f-7d6d-4e7d-a443-de1efb8a3d12,4480609.50442927,-5565.97524611463
4283,80,CHEBWOSA DISP,1563,RIFT VALLEY,KERICHO,AINAMOI,CHEBOSWA,CHEYMEN,DSA/DFH(MOH)-UNFPA REPORT,4,PRIV,-0.337106,35.4183,0ae6c28c-9560-4ae2-b8eb-b875852137c2,3942747.12076341,-37526.6847733225
4284,56,MEDINA DISP,4698,N. EASTERN,GARISSA,CENTRAL,TOWNSHIP,MEDINA,SUBLOC CENTROID,4,PRIV,-0.347651,39.727513,01115f6b-5d8c-4efe-af79-380c36cd4357,4422446.51764316,-38700.5697639776
4285,81,CHELIMO DISP,1566,RIFT VALLEY,KERICHO,BELGUT,KAPSUSER,KAPSUSER,GPS,4,PRIV,-0.39165,35.27357,218ce852-aae5-4a18-87d3-0a3547bfe7ea,3926635.8508609,-43598.6180960623
4286,57,RAYA DISP,4697,N. EASTERN,GARISSA,SANKURI,RAYA,RAYA,SUBLOC CENTROID,4,PRIV,-0.295183,39.690585,9392390a-5288-4a05-992d-9043bfbc2dae,4418335.71148715,-32859.7666130655
4287,82,CHEMASE DISP,1568,RIFT VALLEY,KERICHO,BELGUT,CHAIK,CHEMOGONDAY,DSA/DFH(MOH)-UNFPA REPORT,4,PRIV,-0.407682,35.295,14102cd3-92ef-4e7e-ab11-c69fb3731886,3929021.4275486,-45383.3355979873
4288,83,CHEMOGONDANY HOSPITAL,1677,RIFT VALLEY,KERICHO,BELGUT,CHAIK,CHEMOGONDAY,GPS,5,PRIV,-0.36729,35.32317,8f0fb3c6-2100-4cbb-b31e-9448ee817697,3932157.29760424,-40886.8158046901
4289,58,SIMAHO MCH/FP CLINIC,0,N. EASTERN,GARISSA,SANKURI,RAYA,ATHEYLEY,TOWN PLAN(1:5000),6,PRIV,-0.386777,39.6789,abda170b-248d-4f18-998c-911be3ffc37e,4417034.94323723,-43056.1457009442
4290,84,CHEPKOIBEN DISP,1572,RIFT VALLEY,KERICHO,BELGUT,CHAIK,CHEMOGONDAY,DSA/DFH(MOH)-UNFPA REPORT,4,PRIV,-0.40343,35.3171,ae88b002-943f-45ec-b243-88414b6b680b,3931481.58829513,-44909.9932653389
4291,59,SUNNA CLINIC,0,N. EASTERN,GARISSA,CENTRAL,TOWNSHIP,MEDINA,TOWN PLAN(1:5000),6,PRIV,-0.344487,39.7307,b191975e-a1e8-4c9c-a546-ed2bc19e62e6,4422801.29286032,-38348.3484701959
4292,85,CHEYMEN DISP,1579,RIFT VALLEY,KERICHO,AINAMOI,CHEBOSWA,CHAGAIK,DSA/DFH(MOH)-UNFPA REPORT,4,PRIV,-0.339657,35.3485,f6b263af-d21a-4a34-b221-8a103f18ff08,3934977.02030604,-37810.665746875
4293,60,WAMO MEDICAL CLINIC,0,N. EASTERN,GARISSA,SANKURI,RAYA,ATHEYLEY,TOWN PLAN(1:5000),6,PRIV,-0.328068,39.6968,ee491b58-ac65-4cd5-bc7c-3aa9a045f1fa,4419027.56212243,-36520.5622638986
4294,87,DR RAO CLINIC,2725,RIFT VALLEY,KERICHO,AINAMOI,TOWNSHIP,TOWNSHIP(KERICHO),GPS,6,PRIV,-0.36638,35.28287,351fc4a6-43cf-4d62-9639-6a2015b0ca51,3927671.12212527,-40785.5129917818
4295,61,WANANCHI MEDICAL CLINIC,0,N. EASTERN,GARISSA,CENTRAL,WABERI,WABERI,TOWN PLAN(1:5000),6,PRIV,-0.393742,39.7053,4c3dcdac-08f9-4eae-95e2-f4ea60b2a884,4419973.77779417,-43831.5039407109
4296,88,JAMJI DISP,1586,RIFT VALLEY,KERICHO,BELGUT,CHAIK,KIPTETAN,DSA/DFH(MOH)-UNFPA REPORT,4,PRIV,-0.471456,35.1955,54b31d1d-c946-496f-9e8a-5a5ea75d847b,3917945.13821466,-52482.8341020793
4297,62,ZAKMA MEDICAL CLINIC,0,N. EASTERN,GARISSA,SANKURI,RAYA,ATHEYLEY,TOWN PLAN(1:5000),6,PRIV,-0.323093,39.7038,0029b932-dda9-4b2f-b62d-92294318e6bb,4419806.79855798,-35966.7388555017
4298,89,KAISUGU DISP,1587,RIFT VALLEY,KERICHO,AINAMOI,CHEBOSWA,CHAGAIK,GPS,4,PRIV,-0.33709,35.34283,3dd3d3dd-4351-47c8-a2d2-ce6bd8bc64ea,3934345.83879324,-37524.9036306413
4299,25,MANDERA HEALTH CLINIC,2534,N. EASTERN,MANDERA,CENTRAL,TOWNSHIP,TOWNSHIP(MANDERA),ILRI MKT CENTRE,6,PRIV,3.934077,41.877476,6342ce65-fa03-47c5-9b51-0fb9d1cdb72e,4661779.30402754,438283.969254869
4300,90,KAPKATUNGAR DISP,1589,RIFT VALLEY,KERICHO,AINAMOI,CHEBOSWA,CHAGAIK,DSA/DFH(MOH)-UNFPA REPORT,4,PRIV,-0.308195,35.4106,21ec41e3-3c69-472f-a369-f8f8b1488da2,3941889.9606843,-34308.2759103929
4301,27,MEDICAL CLINIC,0,N. EASTERN,MANDERA,CENTRAL,BULLA BARWAKO,BULLA BARWAKO,ILRI TOWNS,6,PRIV,3.91752,41.840122,5ae66320-5629-4ca3-a93d-c1b121178738,4657621.07576845,436436.517490827
4302,91,KAPKORECH DISP,1593,RIFT VALLEY,KERICHO,AINAMOI,CHEBOSWA,CHAGAIK,GPS,4,PRIV,-0.31888,35.35261,b899e4ee-65e2-422a-ba4a-690acba3bff2,3935434.54341319,-35497.7424808744
4303,30,ADC MEDICAL CLINIC,0,N. EASTERN,WAJIR,GRIFTU,GANYURE,GANYURE,DISTRICT ESTIMATES,6,PRIV,1.722533,40.011319,ab15fc21-410d-49f9-8510-cb5424a4f744,4454039.65704724,191780.388294217
4304,92,KAPRORET TEA DISP,1597,RIFT VALLEY,KERICHO,BELGUT,CHAIK,KIPTETAN,DISTRICT ESTIMATES,4,PRIV,-0.474613,35.211798,1e2823c1-d3cc-487d-9b1a-d1bd14867034,3919759.42327561,-52834.2817121279
4305,31,AFYA MEDICAL CENTRE,0,N. EASTERN,WAJIR,CENTRAL,HODHAN,HODHAN,DISTRICT ESTIMATES,6,PRIV,1.717626,40.056537,4c4df80f-41db-41d8-9dbe-95128810b795,4459073.30178193,191233.897305035
4306,93,KAPSONGOI DISP,1598,RIFT VALLEY,KERICHO,BELGUT,CHAIK,CHEMOGONDAY,DSA/DFH(MOH)-UNFPA REPORT,4,PRIV,-0.413634,35.2762,3d9a349c-d990-4059-8472-16ba1319d2f7,3926928.62112169,-46045.9262262763
4307,32,AL-MEDINA CLINIC,0,N. EASTERN,WAJIR,GRIFTU,KUKALA,KUKALA,DISTRICT ESTIMATES,6,PRIV,1.714121,40.015525,b289815e-34cd-40bb-b345-3f58ec1f8f78,4454507.86682551,190843.547457995
4308,94,KERENGA DISP,1603,RIFT VALLEY,KERICHO,BELGUT,CHAIK,KIPTETAN,DSA/DFH(MOH)-UNFPA REPORT,4,PRIV,-0.420437,35.2235,2e76ae14-b217-4a57-8a25-75d1cf93ba1b,3921062.08395688,-46803.2527835627
4309,33,LADNAN CLINIC,0,N. EASTERN,WAJIR,GRIFTU,GANYURE,GANYURE,DISTRICT ESTIMATES,6,PRIV,1.728142,39.976617,1414cec2-4fd9-4f99-b195-0f372ee80fcd,4450176.64807773,192405.062518575
4310,95,KERICHO E. DISP,1605,RIFT VALLEY,KERICHO,BELGUT,KAPSUSER,KAPSUSER,GPS,4,PRIV,-0.38874,35.25773,0e0cd28f-48da-4c74-a3c2-36f560e08328,3924872.55012673,-43274.6708657251
4311,34,MECCA CLINIC,0,N. EASTERN,WAJIR,GRIFTU,KUKALA,KUKALA,DISTRICT ESTIMATES,6,PRIV,1.703254,40.020433,fd143007-ae1d-401d-a6cb-093ac8c9c6b4,4455054.22288632,189633.300413954
4312,96,KIPKETER DISP,1614,RIFT VALLEY,KERICHO,BELGUT,CHAIK,CHEMOGONDAY,DSA/DFH(MOH)-UNFPA REPORT,4,PRIV,-0.358364,35.3205,8631be3b-4c1c-487a-838e-582f44b8fdf4,3931860.07456382,-39893.1581056514
4313,37,PLAZA MEDICAL CLINIC,0,N. EASTERN,WAJIR,CENTRAL,BARWAKO,BARWAKO,DISTRICT ESTIMATES,6,PRIV,1.739709,40.033051,9bc94355-1c16-44fd-b8f3-6ff36005ffcb,4456458.85222116,193693.284923116
4314,97,MAU FOREST DISP,1631,RIFT VALLEY,KERICHO,AINAMOI,CHEBOSWA,CHAGAIK,DSA/DFH(MOH)-UNFPA REPORT,4,PRIV,-0.328603,35.3715,3c823297-e552-45de-8740-1a8fbf1f51ae,3937537.36859428,-36580.1191693608
4315,38,THIRD WORLD MEDICAL CLINIC,3486,N. EASTERN,WAJIR,CENTRAL,TOWNSHIP,ALIMAO,DISTRICT ESTIMATES,6,PRIV,1.729193,40.035856,a6f780b9-4cab-4835-8793-9a4455230ec6,4456771.10339284,192522.112573849
4316,98,MEDICARE CENTRE,0,RIFT VALLEY,KERICHO,AINAMOI,TOWNSHIP,TOWNSHIP(KERICHO),GPS,6,PRIV,-0.36477,35.28261,293b8282-4830-4378-bd1d-f108784e90f3,3927642.17905767,-40606.2849633709
4317,39,WAJIR MEDICAL CLINIC,2869,N. EASTERN,WAJIR,CENTRAL,HODHAN,HODHAN,DISTRICT ESTIMATES,6,PRIV,1.722183,40.056186,21bc5314-5684-4518-8447-209838824dfc,4459034.22864066,191741.408861825
4318,99,MOGWA CLINICAL SERVICES,0,RIFT VALLEY,KERICHO,SIGOWET,KEBENETI,SIGOWET,DISTRICT ESTIMATES,6,PRIV,-0.39123,35.04123,1f34dcb5-0c2c-4740-966e-ae0b676978d6,3900771.88036999,-43551.8628187779
4319,40,WANAINCHI MEDICAL CLINIC,0,N. EASTERN,WAJIR,GRIFTU,KUKALA,KUKALA,DISTRICT ESTIMATES,6,PRIV,1.697296,40.019732,fd03af67-4fc0-48f7-a3bb-382b87e6a331,4454976.18792328,188969.76674539
4320,0,SILOAM HOSPITAL,0,RIFT VALLEY,KERICHO,AINAMOI,TOWNSHIP,TOWNSHIP(KERICHO),DHMT,5,PRIV,-0.374807,35.286896,8b0946f8-ac51-41b5-8ff8-4b7376f01c02,3928119.29439521,-41723.6219648497
4321,41,WANAINCHI MEDICAL CLINIC,0,N. EASTERN,WAJIR,CENTRAL,TOWNSHIP,ALIMAO,DISTRICT ESTIMATES,6,PRIV,1.723935,40.037959,9f8d3a4c-52ba-438b-9b30-e09c8ae5c98b,4457005.20828197,191936.528835185
4322,100,ST. FRANCIS HOSPITAL,1674,RIFT VALLEY,KERICHO,KIPKELION,KIPSEGI,KAPKURES(KERICHO),DSA/DFH(MOH)-UNFPA REPORT,5,PRIV,-0.11967,35.4597,3d721e88-8b9d-4a45-8e38-191c91d98743,3947355.74768225,-13321.6131489248
4323,292,AAR HOSPITAL SOUTH B,0,NAIROBI,NAIROBI,MAKADARA,MUKURU NYAYO,NAIROBI SOUTH,WAYUMBA,5,PRIV,-1.308071,36.83507,1289c1f3-ca32-4211-b2ef-d82934632dd6,4100461.23573459,-145626.448652731
4324,51,ST. JOHN'S HURUMA MEDICAL DISP,0,RIFT VALLEY,KERICHO,BELGUT,CHAIK,KIPTETAN,GPS,4,PRIV,-0.40321,35.2273,546aec3d-9a9b-4d49-86fe-b22ff02ec3c1,3921485.09802189,-44885.5023705883
4325,298,AGA KHAN HOSPITAL,1,NAIROBI,NAIROBI,WESTLANDS,HIGHRIDGE,HIGHRIDGE,WAYUMBA,5,PRIV,-1.259263,36.822479,f9892022-f330-4cda-af02-a9e96432add4,4099059.61202601,-140191.802881528
4326,101,ST. LEONARD HOSPITAL,3448,RIFT VALLEY,KERICHO,AINAMOI,TOWNSHIP,TOWNSHIP(KERICHO),GPS,5,PRIV,-0.35881,35.27309,1d867ab1-ad75-4958-90fe-ddbbd065f594,3926582.41750531,-39942.8075709072
4327,102,TAGABI DISP,1653,RIFT VALLEY,KERICHO,BELGUT,CHAIK,KIPTETAN,DSA/DFH(MOH)-UNFPA REPORT,4,PRIV,-0.454449,35.2023,037be745-98da-40ce-a264-bef0162629a2,3918702.11075206,-50589.5617123827
4328,80,MUNDAHA MEDICAL CLINIC,0,WESTERN,BUTERE/MUMIAS,KHWISERO,KISA SOUTH,MUNDAHA,AMKENI,6,PRIV,0.13205,34.64338,182a1ff8-e001-40b1-99cf-72465340518b,3856483.42095788,14699.7517726475
4329,81,MUNGUNGU DISP,0,WESTERN,BUTERE/MUMIAS,MATUNGU,KOYONZO,KOYONZO,DSA/DFH(MOH)-UNFPA REPORT,4,PRIV,0.418608,34.4242,5e5500ac-3e6f-4e2c-bc0d-0b931bf5bc38,3832084.41496581,46599.6439769538
4330,82,MUSANDA CLINIC,2342,WESTERN,BUTERE/MUMIAS,MUMIAS,ETENJE,MUSANDA,AMKENI,6,PRIV,0.21956,34.444746,5a024805-cf71-4d52-abd3-31db108c6558,3834371.58522365,24441.3672171368
4331,83,MUSANDA COMMUNITY HEALTH,0,WESTERN,BUTERE/MUMIAS,MUMIAS,ETENJE,MUSANDA,AMKENI,6,PRIV,0.21955,34.444284,452c247d-bf14-4a25-87ae-dd6752dd179f,3834320.1556189,24440.2540140526
4332,84,NABONGO MEDICAL CLINIC,0,WESTERN,BUTERE/MUMIAS,MUMIAS,NABONGO,TOWNSHIP,AMKENI,6,PRIV,0.344508,34.490933,c381968c-180a-4208-903e-dc194a6e4451,3839513.09854492,38350.6862217716
4333,86,OMUKOKO CLINIC,0,WESTERN,BUTERE/MUMIAS,BUTERE,WEST MARAMA,BUCHENYA,AMKENI,6,PRIV,0.231373,34.525748,f0497679-aa3d-4c44-8ba0-d40942ded10d,3843388.68661689,25756.3945459728
4334,87,ROADSIDE CLINIC,0,WESTERN,BUTERE/MUMIAS,MATUNGU,MATUNGU,KHOLERA,AMKENI,6,PRIV,0.437179,34.509172,6f3f3192-39b9-49f3-83fd-0cde6c715fc0,3841543.4547375,48667.0159013066
4335,88,SHIBALE MEDICAL CLINIC,0,WESTERN,BUTERE/MUMIAS,MUMIAS,NABONGO,TOWNSHIP,AMKENI,6,PRIV,0.361025,34.486958,50f0f03e-f72b-4a04-a860-bcc42b316866,3839070.60356902,40189.3851080369
4336,89,SHIBALE SALAMA CLINIC,0,WESTERN,BUTERE/MUMIAS,MUMIAS,NABONGO,TOWNSHIP,AMKENI,6,PRIV,0.355666,34.488074,e55b7cbe-c215-4ba0-abd2-fe69d65524f2,3839194.83612074,39592.8122888131
4337,90,SHIBANGA MEDICAL CLINIC,0,WESTERN,BUTERE/MUMIAS,BUTERE,WEST MARAMA,BUCHENYA,AMKENI,6,PRIV,0.232892,34.529965,4877739d-97bb-4818-8355-168bb3830e63,3843858.12090957,25925.4902402947
4338,92,SHISABA DISPENSARY,0,WESTERN,BUTERE/MUMIAS,BUTERE,WEST MARAMA,BUMAMU,AMKENI,4,PRIV,0.237102,34.546949,36b4c84b-4c30-444c-8bd5-e55b37afbebe,3845748.7711412,26394.1492385424
4339,93,STAR MEDICAL CLINIC,0,WESTERN,BUTERE/MUMIAS,BUTERE,WEST MARAMA,BUCHENYA,AMKENI,6,PRIV,0.229425,34.52407,2505a4ac-bd12-4247-9f98-67c573e67d84,3843201.89251134,25539.5424246247
4340,57,DR SAIDA MEDICAL CLINIC,0,NYANZA,KISII CENTRAL,TOWNSHIP,TOWNSHIP,TOWNSHIP(KISII),GPS,6,PRIV,-0.67247,34.77088,c7bdb787-88d9-431b-bcda-9d29e7a12606,3870676.65603402,-74860.7367066732
4341,58,DR. E.S ABUNGA MEDICAL CLINIC,0,NYANZA,KISII CENTRAL,TOWNSHIP,TOWNSHIP,TOWNSHIP(KISII),GPS,6,PRIV,-0.66886,34.771,71a5ff9f-566a-4b63-a259-102761ec4318,3870690.01437292,-74458.8458127459
4342,94,SUJAN MEDICAL CLINIC,0,WESTERN,BUTERE/MUMIAS,MUMIAS,NABONGO,TOWNSHIP,AMKENI,6,PRIV,0.335469,34.489823,15fbf15b-fcdd-40d5-b988-4f6305834519,3839389.53391014,37344.4516280351
4343,95,TUMAINI MEDICAL CLINIC,0,WESTERN,BUTERE/MUMIAS,MATUNGU,MATUNGU,MAYONI,AMKENI,6,PRIV,0.377548,34.487404,a61a9be3-9c08-44c9-8ea6-360427df59c2,3839120.25206191,42028.7552657055
4344,0,DR. GEORGE PRIVATE CLNIC,0,NYANZA,KISII CENTRAL,KEUMBU,KEUMBU,NYAMWARE,GPS,6,PRIV,-0.730207,34.8453,092a7bf3-76c6-4740-8e99-ea837645bb23,3878961.05253886,-81288.4719589462
4345,97,WELIBOYI MEDICAL CLINIC,0,WESTERN,BUTERE/MUMIAS,KHWISERO,CENTRAL KISA,WAMBULISHE,AMKENI,6,PRIV,0.163898,34.556717,eabbda15-8034-4c4b-bb74-5a3c3c796225,3846836.13992727,18245.0667846885
4346,59,DR. JOY L.A. MEDICAL CLINIC,0,NYANZA,KISII CENTRAL,TOWNSHIP,TOWNSHIP,TOWNSHIP(KISII),GPS,6,PRIV,-0.67088,34.77193,c9f37bb2-f423-447b-9888-a3d5159a1444,3870793.54149936,-74683.7265534269
4347,82,BAHATI CLINIC,0,WESTERN,KAKAMEGA,KABRAS,KABRAS CENTRAL,MATIOLI,AMKENI,6,PRIV,0.490319,34.836439,be455d69-dd20-4735-bc56-49419ebca923,3877974.65053094,54582.7276280363
4348,60,DR. OMBOGO MEDICAL CLINIC,0,NYANZA,KISII CENTRAL,TOWNSHIP,TOWNSHIP,TOWNSHIP(KISII),GPS,6,PRIV,-0.67088,34.77193,3eb20ca4-29b9-4865-b23b-540aedca0949,3870793.54149936,-74683.7265534269
4349,61,DR. SILAS J. ONYANGO MEDICAL CLINIC,0,NYANZA,KISII CENTRAL,TOWNSHIP,TOWNSHIP,TOWNSHIP(KISII),GPS,6,PRIV,-0.67067,34.7697,1eecfd3b-2f99-40c3-833d-4b8ea9c60351,3870545.29903489,-74660.3478582473
4350,83,BUKAYA MEDICAL CLINIC,0,WESTERN,KAKAMEGA,SHINYALU,ILESI,MUKHONJE,AMKENI,6,PRIV,0.25672,34.746071,056cc393-4f17-469a-89ba-0ac72a439348,3867914.93078693,28578.0352980477
4351,37,EKERUBO PRIVATE CLINIC,0,NYANZA,KISII CENTRAL,MASABA,NYARIBARI CENTRAL,BOGECHE,GPS,6,PRIV,-0.78191,34.91484,8486e4bf-364d-4b3e-ad21-2f525239662c,3886702.20992862,-87044.5249209518
4352,85,BUKURA COMMUNITY HEALTH CENTRE,4645,WESTERN,KAKAMEGA,LURAMBI,BUKURA,EMUKAYA,AMKENI,3,PRIV,0.220032,34.613425,31b005ff-0b97-4afd-ba85-6d43d4eaa898,3853148.84561117,24493.9104034084
4353,86,DIANA SURGERY CLINIC,0,WESTERN,KAKAMEGA,SHINYALU,KHAYEGA,MUSENO,AMKENI,6,PRIV,0.194037,34.764675,6e91032d-c293-447f-a189-35ae0fa89999,3869985.91859366,21600.1413236043
4354,62,GESONSO HEALTH -CARE CLINIC,4827,NYANZA,KISII CENTRAL,SUNEKA,BOGIAKUMU,BOMWANDA,GPS,6,PRIV,-0.66071,34.73874,43e644fe-9077-40d6-be5e-203ab590d3c6,3867098.84759993,-73551.5308902689
4355,92,EMUKHAYA CLINIC,0,WESTERN,KAKAMEGA,LURAMBI,BUTSOTSO NORTH,ESUMEYIA,AMKENI,6,PRIV,0.318545,34.702656,d7010fc8-3cb1-40ad-b950-7a81034ff74b,3863081.99509415,35460.4498745044
4356,63,GETEMBE DISP,1267,NYANZA,KISII CENTRAL,TOWNSHIP,TOWNSHIP,TOWNSHIP(KISII),SUBLOC CENTROID,4,PRIV,-0.672402,34.769968,cf8cc0a0-851b-4744-83bf-2ec5d814e840,3870575.13265842,-74853.1664599466
4357,93,ESHIMUKOKO DISP,0,WESTERN,KAKAMEGA,SHINYALU,KHAYEGA,SHITOCHI,AMKENI,6,PRIV,0.215628,34.766947,d7b23caf-8a5c-4eef-8b9b-843ce6e26839,3870238.83647674,24003.6558227496
4358,64,GETEMBE HOSPITAL,3036,NYANZA,KISII CENTRAL,KEUMBU,BOSONGO,NYANCHWA,GPS,5,PRIV,-0.66784,34.76676,19238ff0-3478-44e7-a724-3a9fb14d976c,3870218.01973196,-74345.2922066003
4359,94,"FRIENDS HOSPITAL, KAIMOSI",0,WESTERN,KAKAMEGA,SHINYALU,MURHANDA,KAKAMEGA FOREST,ILRI MKT CENTRE,5,PRIV,0.28859,34.846922,4125d97a-4ef5-42ae-940f-0aabaf3d5072,3879141.61275293,32125.8276860381
4360,65,GREENHILLS MEDICAL CLINIC,0,NYANZA,KISII CENTRAL,MASABA,NYARIBARI NYAMAGESA,ICHUNI,GPS,6,PRIV,-0.78565,34.94632,061e8a99-5f94-43c8-9152-5721e88b7ebd,3890206.5474988,-87460.8987739811
4361,95,FRIENDS LUGULU HOSPITAL,0,WESTERN,KAKAMEGA,KABRAS,SHIRUGU,SAMITSI,ILRI MKT CENTRE,5,PRIV,0.458159,34.750945,38ff4204-84e3-4ba3-b2a3-09bf48ab706a,3868457.50198506,51002.5701208491
4362,66,HEMA HOSPITAL,4240,NYANZA,KISII CENTRAL,TOWNSHIP,TOWNSHIP,TOWNSHIP(KISII),GPS,5,PRIV,-0.67226,34.76921,95e894e8-92a4-4a6a-b6b0-32b8faacfa6e,3870490.7524844,-74837.3580038821
4363,96,GOOD HOPE MED CLINIC,0,WESTERN,KAKAMEGA,LURAMBI,BUKURA,EMUKAYA,AMKENI,6,PRIV,0.220499,34.614798,f46186c5-22b9-4bbb-9b34-70e9d5bb0bfb,3853301.68727203,24545.8969897677
4364,67,IKENYE MEDICAL CLINIC,1234,NYANZA,KISII CENTRAL,MOSOCHO,ETORA,RAGANGA,GPS,6,PRIV,-0.6142,34.7248,84aafdf3-b91b-4616-9b43-6dece8d5214c,3865547.05389827,-68373.74077871
4365,68,IMPERIAL HEALTH SERVICES,0,NYANZA,KISII CENTRAL,TOWNSHIP,TOWNSHIP,TOWNSHIP(KISII),GPS,6,PRIV,-0.67179,34.77234,25a39852-cf24-4d47-b0f4-56b96b7ac293,3870839.18249058,-74785.0342441441
4366,97,GRAND PA MED CLINIC,0,WESTERN,KAKAMEGA,LURAMBI,BUTSOTSO SOUTH,ESHIBULI,AMKENI,6,PRIV,0.280361,34.675233,8b9bc5c1-8cb1-4b4d-9824-1929c9f40680,3860029.28069812,31209.768304385
4367,40,ISASE COMMUNITY DEV. CLINIC,0,NYANZA,KISII CENTRAL,SUNEKA,BOMARIBA,KEBOYE,GPS,6,PRIV,-0.60969,34.6737,65a36f73-bfd5-4c1e-87b0-932b45ecc8e2,3859858.62791874,-67871.6612387378
4368,98,HOLY GHOST CLINIC,0,WESTERN,KAKAMEGA,SHINYALU,KHAYEGA,SHIRULU,AMKENI,6,PRIV,0.20801,34.794812,443f28f2-2a29-414e-b739-68d287b36c0d,3873340.75408769,23155.6181460539
4369,99,JOSTER MED CLINIC,0,WESTERN,KAKAMEGA,LURAMBI,BUTSOTSO SOUTH,ESHIBULI,AMKENI,6,PRIV,0.280194,34.673983,8f4524dd-0f60-4744-b296-ebf02f91b431,3859890.13133463,31191.1777269957
4370,69,J.  MATANGILI MEDICAL CLINIC,0,NYANZA,KISII CENTRAL,TOWNSHIP,TOWNSHIP,TOWNSHIP(KISII),GPS,6,PRIV,-0.67406,34.77007,1d3177fd-85f2-4f36-bca0-974c002e24fb,3870586.48724648,-75037.7469175695
4371,100,KOAN MEDICAL CLINIC,0,WESTERN,KAKAMEGA,SHINYALU,KHAYEGA,SHITOCHI,AMKENI,6,PRIV,0.209025,34.771058,459cc340-59e6-4c05-8cae-74cd1a0ce3f3,3870696.47090339,23268.6081774633
4372,70,JOY HEALTH CARE FOUNDATION CLINIC,0,NYANZA,KISII CENTRAL,KEUMBU,KEGATI,KEGATI,GPS,6,PRIV,-0.70764,34.82024,92e3ca12-425f-4b19-af3e-24af29d3cf2f,3876171.38609958,-78776.127222508
4373,101,MATIOLI AFYA CLINIC,0,WESTERN,KAKAMEGA,LURAMBI,BUKURA,MATIOI,AMKENI,6,PRIV,0.203703,34.627436,3962378a-93ed-458c-8370-599b700526b3,3854708.54299668,22676.1620045117
4374,71,KERERI HEALTH CLINIC,3020,NYANZA,KISII CENTRAL,KEUMBU,BOSONGO,NYAURA,ILRI VILLAGES,6,PRIV,-0.68,34.77,ccfa48bc-e2ac-4d96-95e1-453461f63569,3870578.69488213,-75699.0308593095
4375,102,MATIOLI COMMUNITY HEALTH CENTRE,0,WESTERN,KAKAMEGA,LURAMBI,BUKURA,MATIOI,AMKENI,6,PRIV,0.203032,34.622624,1b50598f-9c1f-401c-ab52-d0a4ed2b5952,3854172.87360698,22601.4661556611
4376,72,KEUMBU MEDICAL CLINIC,3021,NYANZA,KISII CENTRAL,KEUMBU,KEUMBU,NYAMWARE,GPS,6,PRIV,-0.73118,34.84504,9eaecee6-b816-4944-9170-a5a90de9ab06,3878932.10947125,-81396.7946321253
4377,103,MERCY CLINIC,0,WESTERN,KAKAMEGA,KABRAS,KABRAS CENTRAL,MATIOLI,AMKENI,6,PRIV,0.48879,34.83652,d1489e0b-8063-4903-ac18-141d411e0987,3877983.6674097,54412.5139133572
4378,0,KIAMOKAMA CLINIC,0,NYANZA,KISII CENTRAL,MASABA,NYARIBARI CENTRAL,CHIRONGE,GPS,6,PRIV,-0.828667,34.8826,61166583-607d-4059-a82a-c463dd82c267,3883113.26954545,-92250.004636402
4379,104,MOMBASA ROYAL CLINIC,0,WESTERN,KAKAMEGA,SHINYALU,SHIBUYE,SHING'ONDO,AMKENI,6,PRIV,0.226695,34.815894,26ecd259-0671-41ef-903b-76e72d5d9dcc,3875687.5915926,25235.6378072665
4380,73,KIOGE JUNCTION MEDICAL CLINIC,0,NYANZA,KISII CENTRAL,MOSOCHO,NYAKOE,BONYAGATANYI,GPS,6,PRIV,-0.62028,34.75363,7b117e02-ee27-42fa-bd1d-1bdd8758c59b,3868756.39481784,-69050.602559183
4381,105,MOSQUE MEDICAL CENTRE,0,WESTERN,KAKAMEGA,MUNICIPALITY,BUKHUNGU,SHIRERE,ILRI TOWNS,6,PRIV,0.274589,34.76403,0114367e-06c1-4d8d-87b7-d81840eef77c,3869914.11752209,30567.2246684141
4382,106,MUHWESO CLINIC,0,WESTERN,KAKAMEGA,NAVAKHOLO,NAMBACHA,MUKHWESO(KK),SUBLOC CENTROID,6,PRIV,0.388092,34.667717,c5df06f1-f6c2-427f-89ff-63ae1e286609,3859192.60340532,43202.5341781245
4383,74,KISII CAMPUS MEDICAL CENTRE,4242,NYANZA,KISII CENTRAL,KEUMBU,BOSONGO,BOBARACHO,GPS,6,PRIV,-0.68899,34.78193,df2b2123-907d-43cc-96d9-5b2152cb6f5d,3871906.73640729,-76699.8645029259
4384,107,MURANDA MED CLINIC,0,WESTERN,KAKAMEGA,SHINYALU,MURHANDA,SHISEMBE,AMKENI,6,PRIV,0.263935,34.796002,30e492c6-12b0-4593-aaea-e18974abb887,3873473.22428173,29381.2137150674
4385,75,KISII MEDICAL CENTRE,0,NYANZA,KISII CENTRAL,TOWNSHIP,TOWNSHIP,TOWNSHIP(KISII),GPS,6,PRIV,-0.67088,34.77193,9ade3a9a-5c24-4ac1-9fd9-6e5ac79f0673,3870793.54149936,-74683.7265534269
4386,108,MUSAA CLINIC,4213,WESTERN,KAKAMEGA,MUNICIPALITY,BUKHUNGU,SHIRERE,AMKENI,6,PRIV,0.26181,34.724919,e64974e8-eb2d-4d3e-b709-dc06ec9d49b4,3865560.30091768,29144.6573074035
4387,76,MASIMBA MED. CLINIC,0,NYANZA,KISII CENTRAL,MASABA,NYARIBARI MASABA,KEREMA,GPS,6,PRIV,-0.86023,34.94007,3deeb885-6b91-4cb3-afb7-833821f56e18,3889510.80068134,-95763.9634140207
4388,109,MUSINGU MED CLINIC,0,WESTERN,KAKAMEGA,KABRAS,SHIRUGU,SHIVIKHWA,AMKENI,6,PRIV,0.445708,34.852136,0567c90b-3773-4d67-8ec6-ca5670fa4f30,3879722.03257792,49616.4880200653
4389,110,NAMBACHA CLINIC,3739,WESTERN,KAKAMEGA,NAVAKHOLO,NAMBACHA,NAMBACHA,DSA/DFH(MOH)-UNFPA REPORT,6,PRIV,0.391534,34.6925,48ed7b06-a3e2-49d9-b4a7-499822ef4ff9,3861951.43434565,43585.7047335378
4390,77,MATONGO FH CLINIC,0,NYANZA,KISII CENTRAL,SUNEKA,BOMARIBA,BOROKO,GPS,6,PRIV,-0.62924,34.7207,d9de4f75-393e-4519-996d-b6bdb3e07992,3865090.64398602,-70048.084497321
4391,78,MENYINKWA MEDICAL CLINIC,0,NYANZA,KISII CENTRAL,KEUMBU,BOSONGO,NYAURA,GPS,6,PRIV,-0.70266,34.76976,bbc6614d-8ff8-4cef-b271-b738aba05b29,3870551.97820434,-78221.7141710982
4392,111,SABATIA MEDICAL CLINIC,0,WESTERN,KAKAMEGA,SHINYALU,ILESI,MUKHONJE,ILRI MKT CENTRE,6,PRIV,0.23428,34.752464,b3a73bd2-87b3-4b2f-97cb-9a5f98da631d,3868626.59629157,26080.0029775719
4393,112,SHALOM MED CLINIC,0,WESTERN,KAKAMEGA,SHINYALU,SHIBUYE,SHIASABA,AMKENI,6,PRIV,0.222634,34.813625,065fbed1-9c2d-42b0-a0fc-5c254e11cfe8,3875435.00766798,24783.5658796918
4394,79,MOIGE MEDICAL CLINIC,0,NYANZA,KISII CENTRAL,KEUMBU,KEGATI,NYANGURU,GPS,6,PRIV,-0.70071,34.79882,8aea3758-6271-4e4e-95cc-a9f5c536350b,3873786.92260679,-78004.6248844999
4395,113,SHINYALU CENTRAL CLINIC,0,WESTERN,KAKAMEGA,SHINYALU,SHIBUYE,SHING'ONDO,AMKENI,6,PRIV,0.22738,34.816098,50b966bf-e938-421c-b968-2c859cedc3b3,3875710.30076872,25311.8922571239
4396,114,"ST. ELIZABETH HOSPITAL, MUKUMU",0,WESTERN,KAKAMEGA,SHINYALU,KHAYEGA,SHITOCHI,AMKENI,5,PRIV,0.213005,34.768944,fba6066e-928e-476e-9c16-956b06c88cfd,3870461.14149985,23711.6627556601
4397,80,MOSCARE MEDICAL CLINIC,0,NYANZA,KISII CENTRAL,KEUMBU,BOSONGO,NYAURA,GPS,6,PRIV,-0.68494,34.77549,f7f6fa7c-c7b4-4e77-8412-5d3f5642147c,3871189.83888658,-76248.9881575674
4398,115,ST. MARTHA'S CHIMOI DISP,0,WESTERN,KAKAMEGA,KABRAS,SHIVANGA,TOMBO,AMKENI,6,PRIV,0.572324,34.830662,71d710bd-c87a-4ebb-9736-6f6d87aafc72,3877331.55783263,63711.8757742495
4399,81,MWANANCHI  DISP,0,NYANZA,KISII CENTRAL,SUNEKA,BOGIAKUMU,BOMWANDA,GPS,4,PRIV,-0.66096,34.73825,b522b8e5-0de0-4d48-a0e8-d7739871a2a5,3867044.30104944,-73579.3626141357
4400,116,TURUVINI CLINIC,0,WESTERN,KAKAMEGA,IKOLOMANI,SHIKUMU,SHABWALI,AMKENI,6,PRIV,0.166807,34.696788,1dca9770-c576-40be-9140-1795cb389ede,3862428.77232217,18568.8965319763
4401,82,MWEMBE MEDICAL CLINIC,0,NYANZA,KISII CENTRAL,MOSOCHO,NYATIEKO,MWAMOSIOMA(MOSOCHO),GPS,6,PRIV,-0.63452,34.77566,8a884b7b-a544-4f68-9317-a9d705357dc2,3871208.76320002,-70635.8871543986
4402,117,UPENDO CLINIC,4646,WESTERN,KAKAMEGA,NAVAKHOLO,BUNYALA WEST,LUSUMU,AMKENI,6,PRIV,0.362409,34.625339,704e3ce5-1770-4f59-a1aa-f999254c581c,3854475.10602448,40343.4543535764
4403,83,NYABUNWA COMMUNITY HEALTH CLINIC,0,NYANZA,KISII CENTRAL,SUNEKA,BOMORENDA,BONYANCHAIRE,GPS,6,PRIV,-0.67578,34.70688,8f3848a7-2777-48ab-a0b9-81dd078df6e8,3863552.20862326,-75229.2297265163
4404,15,BIBERION CLINIC,0,WESTERN,LUGARI/MALAVA,LIKUYANI,NZOIA,MATUNDA(LUGARI),AMKENI,6,PRIV,0.825262,35.120877,c73b6d44-25d4-4da0-bb66-d3602a676f3f,3909638.1438532,91870.9222859032
4405,84,NYAMATUTA PRIVATE CLINIC,4482,NYANZA,KISII CENTRAL,MOSOCHO,ETORA,BIGEGE(C.KISII),SUBLOC CENTROID,6,PRIV,-0.58367,34.7525,4243edfc-2316-4dd3-b594-78e091f2dd56,3868630.60379325,-64974.970988844
4406,17,FRIENDS CLINIC,0,WESTERN,LUGARI/MALAVA,LIKUYANI,NZOIA,MATUNDA(LUGARI),AMKENI,6,PRIV,0.831555,35.120662,f7b8397a-fa30-41a8-96b4-9aa2da2576ea,3909614.21016268,92571.5290703936
4407,85,NYANGENA HOSPITAL,0,NYANZA,KISII CENTRAL,TOWNSHIP,TOWNSHIP,MWAMOSIOMA(TOWNSHIP),GPS,5,PRIV,-0.66002,34.74823,9206ed96-d848-442f-ac64-e7d0685098c3,3868155.26956756,-73474.7153396632
4408,18,GO DOWN MEDICAL CLINIC,0,WESTERN,LUGARI/MALAVA,LIKUYANI,NZOIA,MATUNDA(LUGARI),AMKENI,6,PRIV,0.839307,35.107917,1d1d795e-a1b6-4029-95b2-3633f5e60c5c,3908195.44325252,93434.5695059284
4409,0,NYANSIRE MEDICAL CLINIC,0,NYANZA,KISII CENTRAL,KEUMBU,KEUMBU,BIRONGO,GPS,6,PRIV,-0.7575,34.9118,d82442f8-62f1-4051-be27-711dcba973a1,3886363.79867661,-84326.9709162759
4410,113,MABUSI HEALTH CENTRE,0,WESTERN,LUGARI/MALAVA,LIKUYANI,SINOKO,MILIMANI(LUGARI),ILRI VILLAGES,3,PRIV,0.850481,35.113114,daa7617b-2d9e-4229-ac6d-7490ca5c299a,3908773.97064617,94678.5887514955
4411,86,NYAORE DISP,3771,NYANZA,KISII CENTRAL,MOSOCHO,BOGEKA,GESONI,GPS,4,PRIV,-0.60557,34.76726,99098473-8337-4083-b85f-eb9e8794733f,3870273.67947736,-67412.999144159
4412,19,MARCO AFYA CENTRE,0,WESTERN,LUGARI/MALAVA,LIKUYANI,NZOIA,MATUNDA(LUGARI),AMKENI,6,PRIV,0.827788,35.12158,d92eda89-9bed-4ec9-8211-82d129c48779,3909716.40145523,92152.14457998
4413,0,NYAUNDI CLINIC,0,NYANZA,KISII CENTRAL,MOSOCHO,NYAMACHEMANGE,MATIEKO,GPS,6,PRIV,-0.58397,34.7316,0a4e2399-5cac-47c0-8b64-2b11d09a311c,3866304.02643567,-65008.3685698665
4414,21,MUTONI MEDICAL CLINIC,0,WESTERN,LUGARI/MALAVA,LIKUYANI,NZOIA,MATUNDA(LUGARI),AMKENI,6,PRIV,0.825788,35.121532,bb0c5268-b03b-43b3-8d56-36221633a626,3909711.05811967,91929.4824163246
4415,0,OGEGA PRIVATE CLINIC,0,NYANZA,KISII CENTRAL,KEUMBU,KIOGORO,MATUMWA,GPS,6,PRIV,-0.75065,34.7889,d9011406-f4c3-4dbf-bd72-64951048985a,3872682.63325812,-83564.3663578232
4416,22,NZOIA COMMUNITY HEALTH CLINIC,0,WESTERN,LUGARI/MALAVA,LIKUYANI,SINOKO,NZOIA(LUGARI),AMKENI,6,PRIV,0.867458,35.044375,4fef186d-3057-4094-8dd3-95284c9d123d,3901121.98016853,96568.6721528993
4417,23,SOYSAMBU COMMUNITY DISP.,0,WESTERN,LUGARI/MALAVA,LIKUYANI,KONGONI,MAWE TATU,AMKENI,4,PRIV,0.777052,35.1048,b5b290c9-c0a4-4240-8541-f3c3ab2cb08c,3907848.46039972,86503.6847852256
4418,0,ONDUSO PRIVATE CLINIC,0,NYANZA,KISII CENTRAL,MARANI,MWAKIBAGENDI,ONYWERE,GPS,6,PRIV,-0.58977,34.78055,ea118ba4-fd3f-4774-ac3e-cb6287703076,3871753.11551,-65654.0554876408
4419,24,ST. MARY'S MAUTUMA CLINIC,0,WESTERN,LUGARI/MALAVA,LUGARI,MAUTUMA,MBAGARA,AMKENI,6,PRIV,0.707857,35.009882,ab872948-ce26-4ec3-b80e-2d19c16ff838,3897282.2369726,78800.2853950852
4420,0,ONGERI'S HEALTH CLINIC,0,NYANZA,KISII CENTRAL,SUNEKA,BOMARIBA,BOMARIBA,GPS,6,PRIV,-0.63039,34.7025,a0d36b0a-10b8-4389-9178-ce04a3010553,3863064.62925358,-70176.1096464087
4421,18,CENTRAL CLINIC,0,WESTERN,TESO,AMAGORO,AKADETEWAI,KOMIRIAI,DHMT,6,PRIV,0.641481,34.274248,76c6e127-0faa-409c-ba26-33ff7c0162a0,3815391.83468238,71410.8301735125
4422,0,PETER'S PRIVATE CLINIC,0,NYANZA,KISII CENTRAL,MOSOCHO,NYAMACHEMANGE,SANTA,GPS,6,PRIV,-0.57115,34.75049,97a5dedb-66bc-46cc-831b-050b98652f28,3868406.85161675,-63581.1801851371
4423,19,LAKEVIEW CLINIC,0,WESTERN,TESO,AMAGORO,AMONI,KAJEI,DHMT,6,PRIV,0.634578,34.270797,6bc2577f-b268-456f-b90e-6576482c9d7d,3815007.67111966,70642.3440808563
4424,87,RAM MEMORIAL HOSPITAL LTD.,0,NYANZA,KISII CENTRAL,TOWNSHIP,TOWNSHIP,TOWNSHIP(KISII),GPS,5,PRIV,-0.67377,34.77308,2620e3dc-34c9-4551-95b8-c9531fbcef5b,3870921.55891377,-75005.4620320291
4425,21,MT. ELGON COTTAGE HOSP.,0,WESTERN,TESO,AMAGORO,AKADETEWAI,KOMIRIAI,DHMT,5,PRIV,0.63918,34.277124,1959284b-0ce6-4cc9-b5eb-274af898764e,3815711.9895379,71154.6680279968
4426,88,ROBINSON MUTURWA'S CLINIC,0,NYANZA,KISII CENTRAL,KEUMBU,KEGATI,KEGATI,GPS,6,PRIV,-0.70755,34.81914,787b9384-331c-408a-9e7c-821e6f222ca9,3876048.93465971,-78766.1077042628
4427,45,AFYA CHAVAKALI CLINIC,0,WESTERN,VIHIGA,SABATIA,CHAVAKALI,WALODEYA,AMKENI,6,PRIV,0.116274,34.731469,b7ad4ca9-1744-4ed5-bd94-62ca34911c71,3866289.44358237,12943.5713567954
4428,89,ROGA MEDICAL CENTRE,3913,NYANZA,KISII CENTRAL,MARANI,MWAGICHANA,IGEMO,ILRI TOWNS,6,PRIV,-0.57545,34.7981,91d7090f-ab4e-4a89-b46f-2bce3f4321f8,3873706.77257342,-64059.8779589488
4429,46,ALIMBO MEDICAL CLINIC,0,WESTERN,VIHIGA,SABATIA,NORTH MARAGOLI,MUDETE,DHMT,6,PRIV,0.128604,34.773958,0ee484f7-5f13-44f8-9df4-447da9d16814,3871019.29742669,14316.1438149311
4430,90,ST VERONICA MEDICAL CLINIC,0,NYANZA,KISII CENTRAL,KEUMBU,BOSONGO,NYAURA,GPS,6,PRIV,-0.68378,34.77338,188936e1-3322-4ac1-b943-12b48f164282,3870954.95476101,-76119.8483363532
4431,47,ALLIANCE CLINIC,0,WESTERN,VIHIGA,SABATIA,CHAVAKALI,WALODEYA,ILRI MKT CENTRE,6,PRIV,0.120212,34.739319,d4a4c549-5379-47df-9e98-817d8aa95d9e,3867163.3015851,13381.9484451459
4432,91,SUNEKA CLINIC,0,NYANZA,KISII CENTRAL,SUNEKA,BOMORENDA,BONYANCHAIRE,GPS,6,PRIV,-0.67489,34.70718,5e8c3622-82d2-4ce8-ad5e-1c6d0b097ec9,3863585.60447049,-75130.1484971521
4433,48,ALPHA MEDICAL CLINIC,0,WESTERN,VIHIGA,SABATIA,CHAVAKALI,WALODEYA,AMKENI,6,PRIV,0.112454,34.727864,b3dd1302-e921-4454-84ad-3cf4b3711178,3865888.13681806,12518.3300547825
4434,92,SUNEKA HEALTH UNIT,0,NYANZA,KISII CENTRAL,SUNEKA,BOMORENDA,BONYANCHAIRE,GPS,6,PRIV,-0.67496,34.70751,04eaad0a-c339-4f9e-9e47-ae7830b7bbf2,3863622.33990246,-75137.9414021746
4435,50,BOYANI MEDICAL CLINIC,0,WESTERN,VIHIGA,TIRIKI WEST,JEPKOYAI,TIGOI,ILRI VILLAGES,6,PRIV,0.02,34.72,b69618d3-fea6-46bd-bfd1-69cf179136ff,3865012.72034246,2226.38986108196
4436,93,SUNEKA MEDICAL CLINIC (ROYAL),0,NYANZA,KISII CENTRAL,SUNEKA,BOMORENDA,BONYANCHAIRE,GPS,6,PRIV,-0.67591,34.70904,3988fe73-24fe-4f41-9c4c-b8d682be3f4f,3863792.65872337,-75243.70226715
4437,74,GESIMA MB CLINIC,3037,NYANZA,KISII NORTH,RIGOMA,GESIMA,RIAMONI,ILRI MKT CENTRE,6,PRIV,-0.706945,34.991178,ccb905de-1902-4f7b-90cc-8c7e2b8d9cc1,3895200.1172168,-78698.7542810979
4438,51,CAROL AFANDE MEMORIAL CLINIC,0,WESTERN,VIHIGA,SABATIA,CHAVAKALI,IGUNGA,AMKENI,6,PRIV,0.111784,34.706368,7e8a558a-65c2-46f0-b306-631435328e26,3863495.21304397,12443.7458531488
4439,77,HAPPY CLINIC,3461,NYANZA,KISII NORTH,NYAMIRA,BONYAMATUTA CHA,TOWNSHIP(NYAMIRA),ILRI MKT CENTRE,6,PRIV,-0.557761,34.932733,68f80f6e-7545-40f1-987a-3d8f011f50d8,3888694.04957739,-62090.6511890832
4440,52,CHAVAKALI CLINIC,0,WESTERN,VIHIGA,SABATIA,CHAVAKALI,WALODEYA,ILRI MKT CENTRE,6,PRIV,0.120212,34.739319,6112b049-a0bd-4b0c-89ae-0391aca507dc,3867163.3015851,13381.9484451459
4441,79,HEMA HOSPITAL,0,NYANZA,KISII NORTH,RIGOMA,EAST KITUTU,BOCHARIA,HD MAPS,5,PRIV,-0.76496,34.9472,515a64a4-3bf1-4d5e-b4e1-94d01ebc5c82,3890304.5086507,-85157.4876172624
4442,53,E E OGOT'S MED CLINIC,0,WESTERN,VIHIGA,SABATIA,NORTH MARAGOLI,MUDETE,AMKENI,6,PRIV,0.1171,34.771487,0d56b2c3-aaa9-4079-9c92-711e46a45897,3870744.22696494,13035.5214468812
4443,81,IBARA DISP,1484,NYANZA,KISII NORTH,EKERENYO,KIABONYORU,NYANGOGE(NYAMIRA),ILRI VILLAGES,4,PRIV,-0.58,34.97,802eebaf-7f73-42cc-84ff-9484349970aa,3892842.59304078,-64566.4073916467
4444,54,EQUATOR HOSPITAL LUANDA,4644,WESTERN,VIHIGA,LUANDA,S.W BUNYORE,MWITUBWI,AMKENI,5,PRIV,0.022804,34.588619,96c8be28-189e-4186-a5c7-554a99452a69,3850387.45432255,2538.52973507739
4445,86,KEMERA DISP,3456,NYANZA,KISII NORTH,MANGA,KEMERA,KEMERA,ILRI MKT CENTRE,4,PRIV,-0.663711,34.83166,beb6bbb4-ce46-455b-853f-e22d0406e0fd,3877442.65468444,-73885.6229962229
4446,55,ESIRULO CLINIC,4643,WESTERN,VIHIGA,LUANDA,CENTRAL BUNYORE,ESIRULO,SUBLOC CENTROID,6,PRIV,0.116597,34.614424,5492d483-5c62-4a0a-b873-2a43c7025418,3853260.05378247,12979.5276265724
4447,89,KERITOR DISP,1491,NYANZA,KISII NORTH,BORABU,KIANGENI,NYANKONO,ILRI VILLAGES,4,PRIV,-0.57,35.0465,3d8ca5a7-d339-4dd5-b104-dc9bb94d4f17,3901358.53408647,-63453.1564227191
4448,56,FRIENDS CLINIC,4389,WESTERN,VIHIGA,VIHIGA,WAMULUMA,MBIHI,ILRI MKT CENTRE,6,PRIV,0.084016,34.722109,21b620df-0b6f-4f9a-b998-d4b3c7b92f00,3865247.49314855,9352.62169015672
4449,91,KIPTENDEN DISP,3439,NYANZA,KISII NORTH,BORABU,KIANGENI,NYANKONO,ILRI VILLAGES,4,PRIV,-0.5,35.05,356d5a31-ae5e-46af-b895-f92d725e7e35,3901748.15230425,-55660.4518654158
4450,58,HIGHWAY MED CENTRE,0,WESTERN,VIHIGA,LUANDA,S.W BUNYORE,MWITUBWI,AMKENI,6,PRIV,0.022101,34.589081,a7d8dbc3-f3c9-410c-95a5-da0653782631,3850438.8839273,2460.27212703534
4451,94,MAGWAGWA CENTRAL CLINIC,3469,NYANZA,KISII NORTH,EKERENYO,N. MUG. CHACHE,MAGWAGWA,ILRI VILLAGES,6,PRIV,-0.47,35.03,69d62d40-6dab-4562-9a22-c7886db766af,3899521.76248838,-52320.7474532048
4452,59,JAMII MED CLINIC,0,WESTERN,VIHIGA,VIHIGA,CENTRAL MARAGOLI,EMANDA,AMKENI,6,PRIV,0.046225,34.72091,d4158f57-774c-4c6e-a64e-65b377b06671,3865114.02107909,5145.74402014319
4453,95,MAGWAGWA HAPPY CLINIC,3467,NYANZA,KISII NORTH,EKERENYO,N. MUG. CHACHE,BONYENGWE,ILRI VILLAGES,6,PRIV,-0.48,35.02,f549cdb7-1e73-4f6b-9ad4-3824dd56490d,3898408.56758045,-53433.9806182005
4454,60,JEBROK MED CLINIC,0,WESTERN,VIHIGA,TIRIKI WEST,JEPKOYAI,TIGOI,AMKENI,6,PRIV,0.001207,34.738614,f2cc509d-fb24-4585-b182-987f676742e9,3867084.82134409,134.36262539998
4455,61,JOSHI MED CLINIC,0,WESTERN,VIHIGA,TIRIKI EAST,SHAVIRINGA,SHIRU,AMKENI,6,PRIV,0.142441,34.882321,0948da44-95e6-42e6-8264-f5d761b6d38e,3883082.21140752,15856.4759216305
4456,96,MAGWAGWA MEDICAL CLINIC,3468,NYANZA,KISII NORTH,EKERENYO,N. MUG. CHACHE,MAGWAGWA,ILRI VILLAGES,6,PRIV,-0.47,35.02,bd510be2-5a5b-42a3-8bc7-a67548d64a60,3898408.56758045,-52320.7474532048
4457,62,KAVIRONDO DISP,4641,WESTERN,VIHIGA,VIHIGA,WAMULUMA,MBIHI,DHMT,4,PRIV,0.077789,34.718659,d9bd0016-2b34-40a8-b2b8-827b2a85b96e,3864863.44090531,8659.43452961693
4458,101,MOGUSII MEDICAL CLINIC,0,NYANZA,KISII NORTH,BORABU,MEKENENE,MOGUSII(NYAMIRA),SUBLOC CENTROID,6,PRIV,-0.666268,35.05143,b5db8d2f-19cc-4c14-9752-9ff87f67693d,3901907.33917608,-74170.2861067851
4459,63,KIBOSWA MEDICAL CLINIC,0,WESTERN,VIHIGA,TIRIKI WEST,TAMBUA,GAMALENGA,AMKENI,6,PRIV,-0.021404,34.741708,3712a0c1-b6a2-48ca-9ee9-f97ea6694d25,3867429.24384861,-2382.68243635463
4460,105,NYAMIRA CENTRAL MEDICAL CLINIC,3460,NYANZA,KISII NORTH,NYAMIRA,BONYAMATUTA CHA,TOWNSHIP(NYAMIRA),SUBLOC CENTROID,6,PRIV,-0.567023,34.93479,3d7e33d9-a06e-4b52-a988-176012a07c7a,3888923.03376995,-63121.7419841912
4461,64,LISASWA MED CLINIC,0,WESTERN,VIHIGA,SABATIA,WEST MARAGOLI,KISATIRU,AMKENI,6,PRIV,0.130211,34.746923,e2fee601-02b8-46d4-9bf9-80539eefc070,3868009.77499309,14495.0346929195
4462,106,OMOGONCHORO MEDICAL CLINIC,3457,NYANZA,KISII NORTH,MANGA,CENTRAL KITUTU,MORAKO,ILRI MKT CENTRE,6,PRIV,-0.611647,34.834286,da2b4dde-be14-427b-93c3-9751dae9093a,3877734.97966727,-68089.525856466
4463,65,LUANDA MEDICAL CHILDHEALTH ANS MEDICAL SERVICES,0,WESTERN,VIHIGA,LUANDA,WEST BUNYORE,EBUSIKHALE,ILRI MKT CENTRE,6,PRIV,0.026038,34.586403,61b60ddf-7a08-4a59-bc1a-e4801c9813a2,3850140.77033096,2898.53700104844
4464,66,LUANDA WAYSIDE MEDICAL CLINIC,0,WESTERN,VIHIGA,LUANDA,WEST BUNYORE,EBUSIKHALE,AMKENI,6,PRIV,0.028163,34.584634,af3f89b7-a29e-4992-b0ca-e27f8e2bb774,3849943.84615174,3135.09094546136
4465,113,SOTIK HIGHLANDS DISP,1499,NYANZA,KISII NORTH,BORABU,MEKENENE,MWONGORI,ILRI MKT CENTRE,4,PRIV,-0.687633,35.05,e99fd982-d0dd-4067-ba1e-4b5f7692e83b,3901748.15230425,-76548.7930527767
4466,67,LUSENGELI CLINIC,0,WESTERN,VIHIGA,SABATIA,WODANGA,LUSENGELI,AMKENI,6,PRIV,0.112202,34.811082,d03bbcea-4847-4146-bfd3-a499b3db8700,3875151.9222029,12490.2774891869
4467,69,ACOBOS CLINIC,0,NYANZA,KISUMU,WINAM,TOWNSHIP,NORTHERN,ILRI MKT CENTRE,6,PRIV,-0.096534,34.763332,78331866-4b9d-42f2-a114-b2f4b6f69e9f,3869836.41651752,-10746.120808356
4468,68,LWANDA CLINIC,6127,WESTERN,VIHIGA,LUANDA,WEST BUNYORE,EBUSIEKWE,DSA/DFH(MOH)-UNFPA REPORT,6,PRIV,0.069278,34.5739,51944d3c-56da-4577-a5de-f5fb019045ea,3848748.94273757,7711.99356232996
4469,70,AGA KHAN HOSPITAL,1326,NYANZA,KISUMU,WINAM,TOWNSHIP,NORTHERN,DDP,5,PRIV,-0.097193,34.7629,f6e24b1b-24ad-42e9-a280-c344177dd8ef,3869788.3264975,-10819.4804576216
4470,69,MAJENGO MEDICAL CLINIC,0,WESTERN,VIHIGA,VIHIGA,CENTRAL MARAGOLI,IKUMBA,ILRI MKT CENTRE,6,PRIV,0.052262,34.723808,11a2843d-c011-4a96-a202-8604fd27e695,3865436.62496341,5817.78003457959
4471,71,BAMA CLINIC,0,NYANZA,KISUMU,WINAM,WEST KOLWA,NYALENDA 'A',ILRI TOWNS,6,PRIV,-0.115525,34.776966,be59381b-f1d5-48be-9cc3-f8cb2ab817ac,3871354.146455,-12860.1928875952
4472,71,MANYATTA MEDICAL CLINIC,0,WESTERN,VIHIGA,VIHIGA,CENTRAL MARAGOLI,CHANGO,DHMT,6,PRIV,0.06247,34.720154,687df332-35f0-47cc-8b98-d008a829f487,3865029.86354405,6954.12996767503
4473,72,CENTRAL CLINIC,0,NYANZA,KISUMU,WINAM,TOWNSHIP,SOUTHERN,ILRI VILLAGES,6,PRIV,-0.1,34.75,bc5be043-0b89-49b5-9247-e3d089e44ff0,3868352.30506626,-11131.9547309709
4474,72,MASARA HIGHWAY CLINIC,0,WESTERN,VIHIGA,VIHIGA,SOUTH MARAGOLI,IDELERI,AMKENI,6,PRIV,0.00927,34.709501,78e96e45-32eb-4086-aa1c-b4f44dfde6a8,3863843.97700862,1031.93168416333
4475,73,CENTRAL HOSPITAL KISUMU,0,NYANZA,KISUMU,KOMBEWA,N.C. SEME,KADERO(KOMBEWA),ILRI VILLAGES,5,PRIV,-0.058,34.47,7a5c07de-3d48-45a6-b87c-22c152e9bd1b,3837182.84764414,-6456.53156870701
4476,73,MBALE CLINIC,0,WESTERN,VIHIGA,SABATIA,IZAVA NORTH,MBALE,SUBLOC CENTROID,6,PRIV,0.095889,34.730595,b5630efc-e4b4-44aa-9c3f-b9ef11379994,3866192.15034742,10674.3196355741
4477,86,EMMANUEL'S BETHSEDA AFYA BORA MEDICAL CLINIC,0,NYANZA,KISUMU,KOMBEWA,S.C. SEME,WEST KANYADWERA,ILRI MKT CENTRE,6,PRIV,-0.068063,34.430464,95bd72f4-f813-4b03-aa67-981240c32d2b,3832781.72025614,-7576.74028385739
4478,74,MBALE MEDICAL CLINIC,0,WESTERN,VIHIGA,SABATIA,IZAVA NORTH,MBALE,SUBLOC CENTROID,6,PRIV,0.095889,34.730595,358847d2-0a64-42f2-9cf0-ee469beab4ba,3866192.15034742,10674.3196355741
4479,75,MIJAY CLINIC,0,WESTERN,VIHIGA,SABATIA,IZAVA,MUKINGI,AMKENI,6,PRIV,0.092386,34.720702,783d0f9e-190c-4171-a694-d5295e747977,3865090.866625,10284.3669329253
4480,90,HERA MEDICAL CLINIC,0,NYANZA,KISUMU,KADIBO,KOMBURA,LELA,ILRI VILLAGES,6,PRIV,-0.18,34.90212,d63b15ce-dcf7-4b29-b934-5ebdd7d439e9,3885286.22600573,-20037.5413032459
4481,76,MT EVEREST   CLINIC,0,WESTERN,VIHIGA,SABATIA,WEST MARAGOLI,KISATIRU,AMKENI,6,PRIV,0.127245,34.759503,d9a8a8f7-d23a-4a77-ae44-96670097fa23,3869410.17418727,14164.8602498707
4482,93,KANDARIA BAPTIST CLINIC,0,NYANZA,KISUMU,KADIBO,BWANDA,CENTRAL BWANDA,ILRI MKT CENTRE,6,PRIV,-0.264157,34.848123,80223513-78ef-404d-9283-f3f17ae91bdb,3879275.30746137,-29405.9269044422
4483,101,KOKER KAJULU DISP,4678,NYANZA,KISUMU,MASENO,EAST SEME,KOKER KAJULU,SUBLOC CENTROID,4,PRIV,-0.135788,34.551887,e24c0f6f-e0da-4fca-9592-f5added97ca3,3846298.46678674,-15115.8651659295
4484,77,MUDETE CLINIC,0,WESTERN,VIHIGA,SABATIA,NORTH MARAGOLI,MUDETE,SUBLOC CENTROID,6,PRIV,0.123154,34.770153,82006e30-dc31-4373-be53-97682847b3dd,3870595.72676422,13709.4511256812
4485,78,MUHABINI MED CLINIC,0,WESTERN,VIHIGA,EMUHAYA,NORTH BUNYORE,EMMUKUNZI,AMKENI,6,PRIV,0.114648,34.632382,9767e1df-d69e-42a7-9a59-164c96f84ddd,3855259.12919814,12762.5654972357
4486,103,LUANDA CLINIC,0,NYANZA,KISUMU,MASENO,N.W. KISUMU,SUNGA,ILRI MKT CENTRE,6,PRIV,-0.026038,34.586403,30d216b4-181a-4631-9c8c-e47b6c5467c3,3850140.77033096,-2898.5370010414
4487,106,MASENO MEDICAL CLINIC,0,NYANZA,KISUMU,MASENO,N.W. KISUMU,SUNGA,1:50000 MAPS,6,PRIV,0.005055,34.597313,eb9e83f2-2e32-459e-ab91-2f9558b445cc,3851355.26597551,562.720026693259
4488,80,MWIBONA WAYSIDE CLINIC,0,WESTERN,VIHIGA,LUANDA,S.W BUNYORE,ESIANDUMBA,AMKENI,6,PRIV,0.032852,34.574924,baae5f8f-850a-478e-98ec-ec79c3d72539,3848862.93389614,3657.06811192857
4489,108,MWANGAZA HOME CLINIC,0,NYANZA,KISUMU,WINAM,KONDELE,NYAWITA(KISUMU),SUBLOC CENTROID,6,PRIV,-0.080146,34.768894,7ffe4009-9f72-4827-850b-97ceab627558,3870455.57552531,-8921.81481862814
4490,82,ODAWA CENTRE LUANDA CLINIC,0,WESTERN,VIHIGA,LUANDA,WEST BUNYORE,EBUSIKHALE,AMKENI,6,PRIV,0.027203,34.583631,d9e66824-906e-4d4c-aec0-93d4fba7e22f,3849832.19270247,3028.2242218236
4491,111,NYANG'ORI MEDICAL CLINIC,0,NYANZA,KISUMU,WINAM,EAST KISUMU,DAGO,ILRI MKT CENTRE,6,PRIV,-0.02242,34.746586,c79da648-60ad-4fe0-9713-ec55da301106,3867972.26032469,-2495.78304727136
4492,83,RAINBOW CLINIC,0,WESTERN,VIHIGA,EMUHAYA,N.E BUNYORE,EBUKHUNZA,AMKENI,6,PRIV,0.118886,34.647945,dce0f830-b567-4231-b1cb-9d73a34b3bb7,3856991.59443335,13234.3384790334
4493,116,SETTLERS CLINIC,0,NYANZA,KISUMU,WINAM,MIWANI,MIWANI NORTH,ILRI MKT CENTRE,6,PRIV,-0.051509,34.99,b299f97a-10c6-42fc-b18a-312c0475ce86,3895068.98285665,-5733.95642363414
4494,84,ST DELIGHT MED CLINIC,0,WESTERN,VIHIGA,SABATIA,CHAVAKALI,WALODEYA,AMKENI,6,PRIV,0.114922,34.730471,6dccbd02-09e5-4202-8113-e5820fbc2584,3866178.34673056,12793.0670989211
4495,119,"ST. JOSEPH'S HOSPITAL, NYABONDO",0,NYANZA,KISUMU,KADIBO,BWANDA,LOWER BWANDA,ILRI VILLAGES,5,PRIV,-0.27,34.86,c5efaecf-38f3-48d7-a71f-0831a2212950,3880597.44905352,-30056.373756076
4496,123,TIMBOROA MEDICAL CLINIC,0,NYANZA,KISUMU,WINAM,EAST KISUMU,DAGO,ILRI VILLAGES,6,PRIV,-0.03,34.75,a7199aaf-3cf5-4930-8aa3-3f722f92bad9,3868352.30506626,-3339.58487638967
4497,85,TIGOI MEDICAL CLINIC,0,WESTERN,VIHIGA,TIRIKI WEST,JEPKOYAI,TIGOI,AMKENI,6,PRIV,0.01104,34.7267,44bfc1a1-4a79-4f22-8b12-a727b011497b,3865758.56093078,1228.96718596632
4498,126,WAYSIDE CLINIC,0,NYANZA,KISUMU,WINAM,WEST KOLWA,NYALENDA 'B',ILRI VILLAGES,6,PRIV,-0.14,34.74,3d6a8bed-9610-42c1-97e6-9d4496613992,3867239.11015833,-15584.7442191815
4499,86,VIYALO CLINIC,0,WESTERN,VIHIGA,SABATIA,CHAVAKALI,VIYALO,SUBLOC CENTROID,6,PRIV,0.107671,34.694242,779b3ecf-279a-490c-8657-7ed55a536270,3862145.35289861,11985.887947788
4500,128,WESTSIDE CLINIC,0,NYANZA,KISUMU,WINAM,MIWANI,MIWANI WEST,ILRI VILLAGES,6,PRIV,-0.05,34.85,ad71464c-6486-41d7-bfeb-dd53ba8691ba,3879484.25414559,-5565.97524611463
4501,87,WAYSIDE CLINIC,4395,WESTERN,VIHIGA,VIHIGA,WAMULUMA,MBIHI,AMKENI,6,PRIV,0.079817,34.720193,0d497f0f-b4c4-4022-9a86-3ac40327ba76,3865034.20500419,8885.1906704817
4502,88,WEST MARAGOLI CLINIC,0,WESTERN,VIHIGA,SABATIA,CHAVAKALI,WALODEYA,AMKENI,6,PRIV,0.116301,34.731876,a53c7b78-7b96-472e-87e8-96816d81be7e,3866334.75061513,12946.5769892359
4503,129,WINAM MEDICAL CLINIC,0,NYANZA,KISUMU,WINAM,EAST KOLWA,CHIGA,ILRI VILLAGES,6,PRIV,-0.07,34.82,8e598176-7daa-477b-84aa-bf9ae5ea6e6b,3876144.66942179,-7792.36629403645
4504,0, ,0, , , , , ,GPS,6,PRIV,-2.15539,37.59018,8f9d612f-b5e7-42d7-b52e-4885e14b7def,4184519.6964275,-239993.528931644
4505,25,GETONTIRA MEDICAL CLINIC,4271,NYANZA,KURIA,KEHANCHA,BUKIRA EAST,IGENA,ILRI MKT CENTRE,6,PRIV,-1.184193,34.63002,a6c949b4-7f2e-4efd-8237-c91abed1eeb7,3854996.19256089,-131833.147933791
4506,0, ,0, , , , , ,GPS,7,PRIV,-2.1529,37.58659,fc20ae27-5053-4782-b29e-69353ccccc0e,4184120.05945555,-239716.147379256
4507,26,HEALTH MOUNTAIN HOSPITAL (MAETA),4280,NYANZA,KURIA,KEGONGA,MAETA,NYAITARA,1:50000 MAPS,5,PRIV,-1.2051,34.6451,741523ff-411e-4dc6-8c44-d3e54a739d65,3856674.89048205,-134161.010534512
4508,0, ,0, , , , , ,GPS,6,PRIV,-2.70377,38.04739,0e3100be-1da8-4016-8c21-963537f216c6,4235416.0808131,-301094.069763154
4509,28,IKEREGE MEDICAL CLINIC,4274,NYANZA,KURIA,KEHANCHA,BUKIRA NORTH,IKEREGE,SUBLOC CENTROID,6,PRIV,-1.195791,34.537514,259a5eea-8a79-459d-9108-12fc96f5c785,3844698.47174556,-133124.509903044
4510,0, ,0, , , , , ,GPS,6,PRIV,-2.70407,38.04702,f0853510-1966-4858-a108-7e16408efd7e,4235374.8926015,-301127.502833107
4511,29,KEBAROTI MEDICAL CLINIC,4283,NYANZA,KURIA,KEGONGA,KEBAROTI,KEBAROTI,SUBLOC CENTROID,6,PRIV,-1.318149,34.629125,2a22bd86-3119-4921-a97d-76745c53e9ea,3854896.56161662,-146748.621173875
4512,0, ,0, , , , , ,GPS,6,PRIV,-1.81703,37.53584,f80ccdbc-9fdb-4aec-bbbf-28d69a10a0f0,4178470.5952978,-202304.767667869
4513,30,KEGONGA CLINIC,0,NYANZA,KURIA,KEGONGA,NYABASI EAST,KEGONGA,1:50000 MAPS,6,PRIV,-1.25408,34.6522,951e333d-13a0-4340-9d2a-d8faf491294d,3857465.25886668,-139614.695154702
4514,0, ,0, , , , , ,GPS,6,PRIV,-1.81497,37.53588,f8816317-354f-4390-b4dd-a629308abf95,4178475.04807743,-202075.334283875
4515,31,KEHANCHA MEDICAL CENTRE,4273,NYANZA,KURIA,KEHANCHA,BUKIRA EAST,IGENA,1:50000 MAPS,6,PRIV,-1.16961,34.6216,a99e7e19-659c-4623-9977-260ce99744de,3854058.88244841,-130209.433264538
4516,0, ,0, , , , , ,GPS,6,PRIV,-1.70313,37.34761,a9ffcaeb-1f99-4924-ac18-5d47d8a095d0,4157516.92754578,-189619.490696027
4517,32,MABERA MEDICAL CLINIC,4275,NYANZA,KURIA,MABERA,TAGARE,MABERA,SUBLOC CENTROID,6,PRIV,-1.176144,34.44928,e863b80b-5ab2-44d8-a246-ec646f10c31d,3834876.30779491,-130936.947242652
4518,0, ,0, , , , , ,GPS,6,PRIV,-1.70385,37.34675,f3a41f07-7d8b-4bab-9b83-32d9e196a220,4157421.19278369,-189699.676167269
4519,36,NYANDWA MEDICAL CLINIC,4285,NYANZA,KURIA,NTIMARU,BWIREGE WEST,NTIMARU,ILRI MKT CENTRE,6,PRIV,-1.333,34.688,5fecb59a-d295-4f0f-bf10-3d8e32d5efa4,3861450.49663708,-148402.26948063
4520,37,OPICHA MEDICAL CLINIC,4281,NYANZA,KURIA,KEGONGA,NYABASI EAST,KEGONGA,ILRI VILLAGES,6,PRIV,-1.25,34.65,90ab27ff-ac49-419f-a05a-a1178cbb256d,3857220.35598693,-139160.403169838
4521,92,EDEN CLINIC URIRI MARKET,0,NYANZA,MIGORI,URIRI,LOWER KANYAMKAGO,LWALA(MIGORI),ILRI VILLAGES,6,PRIV,-0.95,34.52,6891a819-42ec-4a87-847b-6a8edfad3a5f,3842748.82218381,-105758.362163801
4522,96,KERARIO MEDICAL CLINIC,0,NYANZA,MIGORI,SUBA EAST,SUNA RAGANA,MARINDI,ILRI VILLAGES,6,PRIV,-1.07,34.47,c201369f-3928-49bc-a942-5c50bef67fa4,3837182.84764414,-119118.77925781
4523,103,NYANDAGO DISP,1415,NYANZA,MIGORI,NYATIKE,EAST KADEM,NYANDAGO,SUBLOC CENTROID,4,PRIV,-1.032018,34.264038,1c9b4224-7d25-402e-92b3-8e99c0038564,3814255.26268138,-114889.93082584
4524,104,NYANDAGO KOWERU DISP,0,NYANZA,MIGORI,NYATIKE,SOUTH KADEM,E. KANYARUANDA,ILRI VILLAGES,4,PRIV,-1.02,34.23,ccbd25ed-664a-4ada-9180-1ba6e85770f3,3810466.16985376,-113551.878652789
4525,0,ONYOUNGO SATELLITE DISPENSARY,0,NYANZA,NYANDO,LOWER NYAKACH,EAST NYAKACH,JIMO EAST,DHMT,4,PRIV,-0.311521,35.013113,93bbc17f-1672-430d-b621-1643b5b47485,3897641.91024735,-34678.5299512063
4526,51,AGENGA MEDICAL CLINIC,0,NYANZA,RACHUONYO,KABONDO,RAMBA,KODUMO WEST,ILRI VILLAGES,6,PRIV,-0.43,34.825,270c83f1-6ffb-4eb3-9b3d-dd9e51945d13,3876701.26687576,-47867.8303925841
4527,54,AMBIRA MEDICAL CENTRE,0,NYANZA,RACHUONYO,KASIPUL,KAKELO,KAKELO KAMROTH,ILRI VILLAGES,6,PRIV,-0.47,34.827,ad0ca26c-21b2-4c21-8229-f91340e7a99a,3876923.90585734,-52320.7474532048
4528,57,GENDIA MEDICAL CLINIC,4499,NYANZA,RACHUONYO,EAST KARACHUONYO,NORTH EAST KARACHUON,KONYANGO MAJIERI,ILRI VILLAGES,6,PRIV,-0.37,34.65,03b22853-8d27-491b-a9e0-bd3c597b3e5e,3857220.35598693,-41188.4978691474
4529,58,HOMA HILLS COMMUNITY H C,1475,NYANZA,RACHUONYO,WEST KARACHUONYO,KANAM B,RABOUR,HD MAPS,3,PRIV,-0.34653,34.4981,f2ee6bf6-220d-4a72-a620-e247ef175d98,3840310.92533544,-38575.7783250217
4530,60,KADONGO NURSING HOME,3605,NYANZA,RACHUONYO,EAST KARACHUONYO,KANYALUO SOUTH,KAMENYA SOUTH,ILRI VILLAGES,4,PRIV,-0.48,34.63,a3293655-0387-4924-b3a0-2e6542c75b7b,3854993.96617107,-53433.9806182005
4531,63,MUMBU MEDICAL CLINIC,0,NYANZA,RACHUONYO,KASIPUL,WEST KAMAGAK,KAMUMA,ILRI MKT CENTRE,6,PRIV,-0.505811,34.734126,493092c8-b161-4046-8106-948bea25b885,3866585.21946941,-56307.3543458593
4532,66,OMBOGA DENTAL CLINIC,3648,NYANZA,RACHUONYO,EAST KARACHUONYO,KANYALUO SOUTH,KAMENYA CENTRAL,ILRI VILLAGES,6,PRIV,-0.43,34.62,9661134f-0abf-4230-9442-bf4656ef8344,3853880.77126314,-47867.8303925841
4533,67,OMBOGA H C,0,NYANZA,RACHUONYO,EAST KARACHUONYO,KANYALUO EAST,KOWOUR EAST,HD MAPS,3,PRIV,-0.42785,34.6465,7e9d437e-9d0d-44ba-a64c-0e02e7d8f1c2,3856830.73776916,-47628.4867806927
4534,68,OMUMBO MEDICAL CLINIC,0,NYANZA,RACHUONYO,KASIPUL,KOKECH,KASIMBA,ILRI VILLAGES,6,PRIV,-0.52,34.73,8a8885b9-dd3c-44bb-82c3-82f3fb3233da,3866125.9152504,-57886.9298950325
4535,69,PALA MEDICAL CLINIC,0,NYANZA,RACHUONYO,WEST KARACHUONYO,KANJIRA,KAMWANIA,ILRI MKT CENTRE,6,PRIV,-0.353789,34.545441,52462c89-c4b3-410e-a4bc-505708f53a26,3845580.90134908,-39383.8615999956
4536,72,RUGA MEDICAL CENTRE,0,NYANZA,RACHUONYO,KASIPUL,KOWIDI,KANYANGO(KOWIDI),ILRI MKT CENTRE,6,PRIV,-0.557405,34.742126,667764ab-6bcc-4aa8-b481-43c23c8050cd,3867475.77539576,-62051.0195737152
4537,73,SMART MEDICAL CLINIC,0,NYANZA,RACHUONYO,KABONDO,WANG'CHIENG,KODUMO EAST,ILRI MKT CENTRE,6,PRIV,-0.390577,35.010907,2d535e0e-f484-4e84-8f06-1c5feb539e87,3897396.33945066,-43479.1694994596
4538,54,AFYA BORA W. CLINIC,0,NYANZA,SIAYA,KAREMO,TOWNSHIP,MULAHA,ILRI MKT CENTRE,6,PRIV,0.06371,34.286479,94bbbdf9-844d-45dc-9971-1cd7dba56fde,3816753.38337427,7092.16621994371
4539,55,ANGELICAN HEALTHCARE,0,NYANZA,SIAYA,KAREMO,TOWNSHIP,KARAPUL,ILRI VILLAGES,6,PRIV,0.07,34.32,3ed9e9d6-ebfb-4daa-b11f-6ef94abf5960,3820484.92402515,7792.36629404765
4540,57,FARMERS CLINIC,0,NYANZA,SIAYA,YALA,EAST GEM,URANGA,ILRI MKT CENTRE,6,PRIV,0.02,34.53,a6255b41-2c87-4d3a-959d-35603ef99189,3843862.01709174,2226.38986108196
4541,0,TAKITECH DISP,0,RIFT VALLEY,TRANS MARA,PIRRAR,OLOLMASANI,ABOSSI,DHMT,6,PRIV,-0.943535,35.04551,22a88ab6-00e9-46ae-a948-b914cca264e2,3901248.32779058,-105038.583390054
4542,642,EMMAUS CLINIC,0,NAIROBI,NAIROBI,EMBAKASI,UMOJA,UMOJA,WAYUMBA,6,PRIV,-1.281106,36.896184,3639293e-2ba7-4124-8dca-9a45a619c95d,4107264.41509493,-142623.952161473
4543,0,ANDERSON MEDICAL CLINIC,0,RIFT VALLEY,TRANS-NZOIA,ENDEBESS,CHEPCHOINA,KAPTEGA,DHMT,6,PRIV,1.209636,34.807572,09a92888-889f-4645-bc09-5e89fc1af4aa,3874761.19079021,134666.067876662
4544,664,GURU NANAK HOSPITAL,152,NAIROBI,NAIROBI,CENTRAL,NGARA,NGARA EAST,WAYUMBA,5,PRIV,-1.26748,36.831229,e4026650-e575-4c67-808e-16d20253b3b8,4100033.65757046,-141106.737550758
4545,68,BARAKA CLINIC KITALE,2832,RIFT VALLEY,TRANS-NZOIA,CENTRAL,KIBOMET,BIDII,ILRI MKT CENTRE,6,PRIV,1.02031,35.006832,be4a6e3b-73c5-4019-b858-fcb8f5218c0a,3896942.71252568,113586.393165705
4546,103,TILUET DISP,1659,RIFT VALLEY,KERICHO,BELGUT,CHAIK,CHEMOGONDAY,DSA/DFH(MOH)-UNFPA REPORT,4,PRIV,-0.367717,35.3103,1c8c6317-64d1-4794-af49-de7db6a07a04,3930724.61575773,-40934.3502050686
4547,670,HURLINGHAM HOSPITAL,0,NAIROBI,NAIROBI,WESTLANDS,KILIMANI,KILIMANI(NAIROBI),WAYUMBA,5,PRIV,-1.291617,36.795248,f20be4be-7c92-473a-a1b9-7c2825ac945e,4096028.27097223,-143794.326286872
4548,69,BIKEKE DISP,3497,RIFT VALLEY,TRANS-NZOIA,CENTRAL,WAITALUK,SIRENDE,DHMT,4,PRIV,0.965308,35.071853,70c000ca-12c2-40ab-a788-3ef7422fe4a9,3904180.81713655,107462.678991639
4549,30,COX CLINIC,0,RIFT VALLEY,KOIBATEK,ELDAMA RAVINE,KABIYET,KABIYET,SUBLOC CENTROID,6,PRIV,0.01568,35.733737,236debc2-2d41-4e71-98bc-a2fdfa361f2d,3977861.40698077,1745.48963742891
4550,675,ISLAMIC REPUBLIC OF IRAN MEDICAL CLINIC,0,NAIROBI,NAIROBI,WESTLANDS,KILIMANI,KILIMANI(NAIROBI),WAYUMBA,6,PRIV,-1.297148,36.782066,6678d7fe-50f2-4589-aa3a-a6daa9ba758d,4094560.85744459,-144410.191541717
4551,8,CHRISTIAN COMMUNITY CENTRE CLINIC,0,RIFT VALLEY,TRANS-NZOIA,CENTRAL,KIBOMET,BIDII,ILRI MKT CENTRES,6,PRIV,1.02031,35.006832,8e0fa693-8af0-4e7a-9ea7-7fcde5c318e2,3896942.71252568,113586.393165705
4552,691,KANGEMI GICHAGI DISPENSARY,0,NAIROBI,NAIROBI,WESTLANDS,KANGEMI,GICHAGI,DISTRICT ESTIMATES,4,PRIV,-1.27111,36.75124,bf99de6d-4396-48e6-9b81-c8f031c5a2c0,4091129.32282139,-141510.926480673
4553,48,MERCY MEDICAL CLINIC,0,RIFT VALLEY,KOIBATEK,ELDAMA RAVINE,ELDAMA RAVINE,ELDAMA RAVINE,ILRI TOWNS,6,PRIV,0.04704,35.73399,98a159f4-6371-4bab-81e4-45cc7dd62ea0,3977889.57081194,5236.46943518934
4554,71,CRESENT DAVINA MEDICAL CLINIC,0,RIFT VALLEY,TRANS-NZOIA,CENTRAL,MUNICIPALITY,BONDENI(TNZOIA),DHMT,6,PRIV,1.026227,34.992532,ef8740a1-dca0-475a-a329-a1a8935afa83,3895350.84380734,114245.175652311
4555,32,RAVINE CLINIC,0,RIFT VALLEY,KOIBATEK,ESAGERI,SABATIA,SOLIAN,SUBLOC CENTROID,6,PRIV,0.009259,35.765334,0e9536ca-6deb-4e19-a874-cb85977ed244,3981378.76893136,1030.70716974615
4556,696,KAYOLE HOSPITAL,0,NAIROBI,NAIROBI,EMBAKASI,KAYOLE,KAYOLE,WAYUMBA,5,PRIV,-1.267542,36.91743,620fe324-0183-44c4-9f1c-2b5642ebb4a2,4109629.50899632,-141113.641048376
4557,72,CRYSTAL CLINIC ( DR. USAGI),0,RIFT VALLEY,TRANS-NZOIA,CENTRAL,KIBOMET,BIDII,ILRI TOWNS,6,PRIV,1.027635,35.019726,94f49fc0-dd75-461a-bc94-7ea8b966a7ed,3898378.06603997,114401.938674394
4558,73,DR.  AMLANI CLINIC,2838,RIFT VALLEY,TRANS-NZOIA,CENTRAL,KIBOMET,MILIMANI(CENTRAL),DHMT,6,PRIV,1.011723,35.009944,6ca1cae7-e3da-42c9-a139-21844a578c7a,3897289.13878103,112630.342384612
4559,71,KANAN MEDICAL CENTRE,0,RIFT VALLEY,LAIKIPIA,NYAHURURU,NYAHURURU,NDUNYU,ILRI MKT CENTRE,6,PRIV,0.036544,36.359734,2c5ffc6d-b7a0-445c-b143-d0ed3e81a4a5,4047547.07425888,4068.05974737255
4560,714,M P SHAH HOSPITAL,158,NAIROBI,NAIROBI,WESTLANDS,HIGHRIDGE,HIGHRIDGE,WAYUMBA,5,PRIV,-1.262455,36.812221,eb6343cd-6e31-41a0-9c5a-032baf7d2fcc,4097917.69668946,-140547.220751858
4561,87,DR. M'MBULIKA USAGI CLINIC,2836,RIFT VALLEY,TRANS-NZOIA,CENTRAL,MUNICIPALITY,BONDENI(TNZOIA),DHMT,6,PRIV,1.029775,34.991519,00361fa1-2b2e-4194-8691-709a1b2fc2be,3895238.07716316,114640.200786343
4562,720,MASABA HOSPITAL,180,NAIROBI,NAIROBI,WESTLANDS,KILIMANI,KILIMANI(NAIROBI),WAYUMBA,5,PRIV,-1.296875,36.780809,5dc73b06-b527-49a1-975c-9269b9e32eac,4094420.92884466,-144379.793532497
4563,94,ELICAON MEDICAL CLINIC,0,RIFT VALLEY,TRANS-NZOIA,KAPLAMAI,SINYERERE,SINYERERE,DHMT,6,PRIV,1.070116,35.123414,80f6c923-8509-42d7-a1c3-ae484a6ca8af,3909920.56140134,119131.694571081
4564,74,NANYUKI COTTAGE HOSPITAL,1712,RIFT VALLEY,LAIKIPIA,CENTRAL,NANYUKI,MAJENGO(LAIKIPIA),ILRI TOWNS,5,PRIV,0.014112,37.08606,9f9072b0-211a-4759-9919-332b48c5438c,4128401.3147288,1570.94066996484
4565,735,METROPOLITAN HOSPITAL,0,NAIROBI,NAIROBI,MAKADARA,MAKADARA,HARAMBEE,WAYUMBA,5,PRIV,-1.285211,36.874092,5657015b-fbc1-46ee-8608-eae727327030,4104805.14490433,-143081.033291299
4566,95,EMATSAY DISP,2849,RIFT VALLEY,TRANS-NZOIA,KAPLAMAI,MAKUTANO,KAPSARA,DHMT,4,PRIV,1.076743,35.151353,b6ad2f88-cc1d-4b9c-8c87-ad4960aa2612,3913030.71665461,119869.53832318
4567,76,SALAMA MEDICAL CLINIC,4399,RIFT VALLEY,LAIKIPIA,RUMURUTI,SALAAMA,SALAAMA,SUBLOC CENTROID,6,PRIV,0.135999,36.482502,c637f1fb-d5e2-4fe6-abae-310fecfe1807,4061213.54550459,15139.353644562
4568,754,NAIROBI HOSPITAL,161,NAIROBI,NAIROBI,WESTLANDS,KILIMANI,KILIMANI(NAIROBI),WAYUMBA,5,PRIV,-1.294238,36.803877,08aec204-bc17-4e65-801a-1e4cf13afbdd,4096988.84685828,-144086.168974771
4569,0,FAITH MEDICAL CLINIC,0,RIFT VALLEY,TRANS-NZOIA,CHERANGANY,CHEPSIRO,KIBUSWA,DHMT,6,PRIV,0.946989,35.262981,08f2f0c2-06f2-4727-b182-74fc8bb93b4d,3925457.08877288,105423.133243877
4570,756,NAIROBI WEST HOSPITAL,0,NAIROBI,NAIROBI,KIBERA,NAIROBI WEST,NAIROBI WEST,WAYUMBA,5,PRIV,-1.304238,36.825058,dab884aa-e26c-4d77-8f88-44e313f3ac4e,4099346.70499277,-145199.650147922
4571,41,CHEBARA CLINIC,0,RIFT VALLEY,MARAKWET,CHEBIEMIT,MOIBEN,CHEBIEMIT,ILRI MKT CENTRE,6,PRIV,0.858487,35.495943,1f6b5bda-2c39-40d0-943e-6b9158026937,3951390.29998707,95569.9117151331
4572,96,FRIENDS CLINIC,0,RIFT VALLEY,TRANS-NZOIA,KIMININI,KIMININI,KIMININI(TNZOIA),DHMT,6,PRIV,0.966523,34.972057,47ea0d06-1cfc-46ef-9e13-6510d22dc452,3893071.57723335,107597.951395104
4573,781,PANGANI CRESCENT MEDICAL AID CLINIC,2675,NAIROBI,NAIROBI,CENTRAL,KARIOKOR,PANGANI,WAYUMBA,6,PRIV,-1.263462,36.83721,2ef4c5e5-95c8-4e6f-be70-cdf1e13fc0eb,4100699.45944489,-140659.346718112
4574,42,KAMOI CLINIC,0,RIFT VALLEY,MARAKWET,KAPCHEROP,KAMOI,KAMOI,SUBLOC CENTROID,6,PRIV,1.087288,35.259499,397551cd-d5f9-4877-b003-2936ca756b07,3925069.47430595,121043.611705775
4575,99,HIGH WAY CLINIC,0,RIFT VALLEY,TRANS-NZOIA,KAPLAMAI,SITATUNGA,SITATUNGA,DHMT,6,PRIV,1.053025,35.106705,7eea3464-f123-4ad5-8fb0-29685c052ae5,3908060.52402967,117228.806541574
4576,825,ST. JAMES HOSPITAL,0,NAIROBI,NAIROBI,EMBAKASI,MUKURU KWA NJENGA,IMARA DAIMA,WAYUMBA,5,PRIV,-1.320719,36.844222,5bdce4c3-f92c-492e-aa88-e7dff59d8c49,4101480.03171433,-147034.78814053
4577,142,AFYA SERVICES CENTRE CLINIC,0,RIFT VALLEY,NAKURU,MOLO,MOLO,MOLO,ILRI MKT CENTRE,6,PRIV,-0.241789,35.72882,702ea482-6a33-407e-b2eb-52adaf0e8762,3977314.04904453,-26915.9082482706
4578,143,ANNA-TOM- IC MEDICAL CENTRE,4608,RIFT VALLEY,NAKURU,NAKURU MUNI.,CENTRAL,AFRAHA,GPS,6,PRIV,-0.30001,36.07011,a3a649e9-1e6a-4687-88a3-fc236ab689c5,4015306.27805737,-33397.1130435413
4579,103,KAMBIMIWA MEDICAL CLINIC,2846,RIFT VALLEY,TRANS-NZOIA,KIMININI,KIMININI,KIMININI(TNZOIA),DHMT,6,PRIV,0.973499,34.973453,d6fb885d-06a7-464a-8984-08da2312a969,3893226.97924249,108374.627466549
4580,828,ST. MARY'S MEDICAL DISP,2689,NAIROBI,NAIROBI,EMBAKASI,KAYOLE,KAYOLE,WAYUMBA,4,PRIV,-1.273841,36.91358,6890f4d5-632b-42bb-940b-ed86e7cc7c48,4109200.92895677,-141815.015000474
4581,144,BELMAX MEDICAL CLINIC,0,RIFT VALLEY,NAKURU,NAKURU MUNI.,CENTRAL,AFRAHA,ILRI MKT CENTRE,6,PRIV,-0.281887,36.076919,e90c7bd9-536a-411b-a993-3e138a9f10bd,4016064.25247018,-31379.6438921299
4582,105,KARAMOJA CLINIC,2862,RIFT VALLEY,TRANS-NZOIA,SABOTI,KINYORO,KINYORO,ILRI VILLAGES,6,PRIV,1.02,34.87,a5a68269-915f-4c23-85e0-d919e1a0af9c,3881710.64396146,113551.878652802
4583,833,ST. THOMAS MEDICAL HEALTH SERVICES,0,NAIROBI,NAIROBI,EMBAKASI,UMOJA,UMOJA,WAYUMBA,6,PRIV,-1.285351,36.890638,65c482f6-6a05-4c7d-95ce-3b6d80446e55,4106647.03719899,-143096.62194204
4584,145,BEWA MEDICAL CLINIC,0,RIFT VALLEY,NAKURU,NAKURU MUNI.,CENTRAL,AFRAHA,ILRI TOWNS,6,PRIV,-0.284733,36.078484,04a4d657-daae-4e1d-ae6d-e16d3e96b490,4016238.46747327,-31696.4630360667
4585,106,KESOGON MEDICAL CENTRE,0,RIFT VALLEY,TRANS-NZOIA,KAPLAMAI,SINYERERE,SINYERERE,DHMT,6,PRIV,1.080929,35.135309,529fe896-078d-4915-8685-974a6b7ada50,3911244.70674433,120335.604328893
4586,834,ST. VERONICA HEALTH SERVICES & LABORATORY,2692,NAIROBI,NAIROBI,PUMWANI,BAHATI,UHURU,WAYUMBA,6,PRIV,-1.269265,36.879288,573af240-7bd9-49fe-9ee4-7c31f3017c15,4105383.56097849,-141305.491540432
4587,147,CONVENTION HEALTH CENTRE,2815,RIFT VALLEY,NAKURU,NAKURU MUNI.,KAPTEMBWO,VIWANDA,GPS,3,PRIV,-0.29321,36.05696,9d9ea3e9-7467-4ada-b1a9-a582bc83d128,4013842.42675344,-32640.1303623551
4588,111,KONY MEDICAL SERVICES,0,RIFT VALLEY,TRANS-NZOIA,CENTRAL,KIBOMET,BIDII,DHMT,6,PRIV,1.024856,35.002849,118e7060-3ada-4465-ae15-462716b6ebee,3896499.32699385,114092.532179359
4589,863,VICTORY CENTRAL MEDICAL CLINIC,0,NAIROBI,NAIROBI,EMBAKASI,UMOJA,UMOJA,WAYUMBA,6,PRIV,-1.276054,36.888094,a2fbd407-9e41-472d-afa3-41b6618a6ce5,4106363.84041441,-142061.426036667
4590,148,CRATER MEDICAL CLINIC,2816,RIFT VALLEY,NAKURU,NAKURU MUNI.,CENTRAL,AFRAHA,GPS,6,PRIV,-0.28091,36.07304,b2bcef7d-77b2-4e02-bc81-bb9ba6b01fd6,4015632.44416539,-31270.8834379145
4591,112,LITUNDA MEDICAL CLINIC,0,RIFT VALLEY,TRANS-NZOIA,KIMININI,KIMININI,KIMININI(TNZOIA),ILRI MKT CENTRE,6,PRIV,0.883684,34.913719,9657f5a1-f3c3-4d0d-8a3a-ffce545518ce,3886577.42077945,98375.15314367
4592,149,DANSON  MEDICAL CLINIC,0,RIFT VALLEY,NAKURU,MBOGOINI,SUBUKIA,SUBUKIA EAST,GPS,6,PRIV,0.0036,36.22938,46eeeb22-8f9e-4f8f-a4b7-3cfcf1384300,4033036.13335601,400.750167125322
4593,872,WESTLANDS COTTAGE HOSPITAL,164,NAIROBI,NAIROBI,WESTLANDS,LAVINGTON,MUTHANGARI,WAYUMBA,5,PRIV,-1.262842,36.788914,d8dc64cd-7573-4280-a8a9-3a84b26d292a,4095323.17331754,-140590.311857884
4594,116,MODERN CLINIC,0,RIFT VALLEY,TRANS-NZOIA,CENTRAL,MUNICIPALITY,TUWAN,DHMT,6,PRIV,1.032782,34.989199,e3bda611-6e4d-4778-b0ce-edc3a71eee1d,3894979.81594452,114974.992725242
4595,150,DR. ALUVALA,4600,RIFT VALLEY,NAKURU,NAKURU MUNI.,CENTRAL,AFRAHA,GPS,6,PRIV,-0.28169,36.0717,9a1ef263-10fa-4718-94ea-09736b4f414c,4015483.27604773,-31357.7136872245
4596,33,BETHLEHEM MEDICAL CLINIC,0,NYANZA,BONDO,BONDO,BONDO TOWNSHIP,BAR KOWINO,GPS,6,PRIV,-0.09666,34.27075,09fbb3a3-5f03-4e79-b3f5-af3b898d93d2,3815002.43910359,-10760.1470841255
4597,117,MOI'S BRIDGE CLINIC,0,RIFT VALLEY,TRANS-NZOIA,KAPLAMAI,KAPLAMAI,KIMOSON,1:50000 MAPS,6,PRIV,0.894595,35.113063,7ac837bb-c8e5-4bd4-a6d2-fae7ee635f15,3908768.29335214,99589.9063757196
4598,156,DR. KALYA,4572,RIFT VALLEY,NAKURU,NAKURU MUNI.,CENTRAL,AFRAHA,GPS,6,PRIV,-0.28091,36.07304,a27235a8-cf99-4cdf-ac53-38d050e1aa6d,4015632.44416539,-31270.8834379145
4599,157,DR. KARANIA,0,RIFT VALLEY,NAKURU,NAKURU MUNI.,CENTRAL,AFRAHA,GPS,6,PRIV,-0.28281,36.07411,2e9d3166-6d48-4bf7-b264-62a6f1a52e0d,4015751.55602055,-31482.3930297256
4600,34,BONDO MEDICAL CENTRE,0,NYANZA,BONDO,BONDO,BONDO TOWNSHIP,BAR KOWINO,GPS,6,PRIV,-0.09567,34.2749,25b03634-500b-447d-9054-7c136944dca8,3815464.41499038,-10649.9406330128
4601,119,MRS.  ARARAS CLINIC,0,RIFT VALLEY,TRANS-NZOIA,CENTRAL,MUNICIPALITY,KIPSONGO,DHMT,6,PRIV,1.016049,35.000208,8af2a7b1-4409-4515-8568-75a2ef3722b8,3896205.33221866,113111.985909892
4602,165,DR. MOJARIA,0,RIFT VALLEY,NAKURU,NAKURU MUNI.,CENTRAL,AFRAHA,GPS,6,PRIV,-0.29697,36.07678,a5e4a314-56c2-402f-a5a0-584c96e80238,4016048.77906096,-33058.69719915
4603,35,BONDO TOWNSHIP CLINIC,0,NYANZA,BONDO,BONDO,BONDO TOWNSHIP,BAR KOWINO,GPS,6,PRIV,-0.10014,34.27379,a803ba32-023f-4ee5-91d7-d7095f3fa217,3815340.8503556,-11147.5394834501
4604,120,MT.  ELGON HOSPITAL,1869,RIFT VALLEY,TRANS-NZOIA,ENDEBESS,CHEPCHOINA,KIPTOGOT,ILRI VILLAGES,5,PRIV,1.13,34.87,086a0f17-7a8f-4299-9bad-06962b740422,3881710.64396146,125799.180127736
4605,166,DR. MUGO,2818,RIFT VALLEY,NAKURU,NAKURU MUNI.,CENTRAL,AFRAHA,GPS,6,PRIV,-0.28038,36.07362,51b27b6c-e871-40f5-b829-ae5e7fe94016,4015697.00947006,-31211.8834000295
4606,36,GOD HEALS CLINIC,0,NYANZA,BONDO,BONDO,BONDO TOWNSHIP,BAR KOWINO,GPS,6,PRIV,-0.09515,34.26949,166aa2f6-1ef5-4082-b858-e7e69c28c180,3814862.17654519,-10592.0544175428
4607,167,DR. NGOTHO,3519,RIFT VALLEY,NAKURU,NAKURU MUNI.,CENTRAL,AFRAHA,GPS,6,PRIV,-0.28103,36.07123,f4edc1c2-6bad-488a-a69c-0ce5d41842c4,4015430.95588706,-31284.241937428
4608,37,JOY CLINIC,0,NYANZA,BONDO,USIGU,WEST YIMBO,USENGE,GPS,6,PRIV,-0.06351,34.0542,991f8195-e841-4387-a6a0-64bc715a4c12,3790896.2033723,-7069.90230805193
4609,0,MUKIMBA CLINIC,0,RIFT VALLEY,TRANS-NZOIA,CHERANGANY,SUWERWA,KAPTERIT(TNZOIA),DHMT,6,PRIV,1.052433,35.202106,876c6907-d4a7-45e6-b08d-81f2f06d2746,3918680.51477085,117162.894277719
4610,169,DR. OMUYOMA O'S CLINIC,0,RIFT VALLEY,NAKURU,NAKURU MUNI.,CENTRAL,AFRAHA,GPS,6,PRIV,-0.28236,36.06691,82cdff7b-b5f6-468d-9cf0-d9f1d0526cea,4014950.05568683,-31432.2986495968
4611,172,DR. R K MANYARA CLINIC,2826,RIFT VALLEY,NAKURU,NAKURU MUNI.,CENTRAL,AFRAHA,GPS,6,PRIV,-0.28182,36.06901,e5a76a92-c6cf-4085-b3b3-61fef8f222b7,4015183.8266175,-31372.1853960018
4612,38,JUNCTION MEDICAL CLINIC,0,NYANZA,BONDO,BONDO,BONDO TOWNSHIP,BAR KOWINO,GPS,6,PRIV,-0.09907,34.27518,ab8d3f66-9884-44de-ab44-4ae9397ffad6,3815495.5844478,-11028.4274483098
4613,122,MWANANCHI CLINIC,0,RIFT VALLEY,TRANS-NZOIA,CENTRAL,MATISI,MATISI(TNZOIA),DHMT,6,PRIV,1.005231,34.971377,14464e6e-65b7-42c0-8a42-498fcd6cdb4d,3892995.87997961,111907.544290086
4614,176,DR. WENYAA CLINIC,4566,RIFT VALLEY,NAKURU,NAKURU MUNI.,CENTRAL,AFRAHA,GPS,6,PRIV,-0.28056,36.07243,eae6f7a8-96c5-4d45-be57-4a0572b5cb08,4015564.53927601,-31231.9211484462
4615,123,NATO CLINIC,0,RIFT VALLEY,TRANS-NZOIA,CENTRAL,KIBOMET,BIDII,DHMT,6,PRIV,1.021773,35.004611,c78bc0be-c975-42ce-96af-cad8e7f31e3f,3896695.47193663,113749.279444076
4616,39,KAJLWAK CLINIC,0,NYANZA,BONDO,BONDO,SOUTH SAKWA,NYAGUDA,GPS,6,PRIV,-0.23587,34.21046,14efc976-1c2b-4d75-874a-8c0f48b2536c,3808290.98700366,-26257.0024576655
4617,177,EBBURU DISP,0,RIFT VALLEY,NAKURU,GILGIL,GILGIL,EBURRU,SUBLOC CENTROID,4,PRIV,-0.576047,36.272294,344472a1-52c0-4463-ae2d-9ca5c7cdf496,4037813.29798392,-64126.3390504312
4618,40,KALAJA MEDICAL CLINIC,0,NYANZA,BONDO,MADIANY,SOUTH UYOMA,NAYA,GPS,6,PRIV,-0.382759,34.284554,09ac4253-45b4-45f7-afb1-19701c7825c0,3816539.0933545,-42608.8539010115
4619,178,ELBURGON MEDICAL CENTRE DISP,1742,RIFT VALLEY,NAKURU,ELBURGON,ELBURGON,ELBURGON,ILRI MKT CENTRE,4,PRIV,-0.299628,35.811834,b498fafe-089f-4a9a-b163-2cf1a6fef618,3986555.12525324,-33354.5884158428
4620,127,SACRED HEART CLINIC,0,RIFT VALLEY,TRANS-NZOIA,CENTRAL,KIBOMET,NAISAMBU,DHMT,6,PRIV,1.019102,35.027743,70804c3d-b15a-4ced-b09f-a0781cd95776,3899270.51439766,113451.897921285
4621,50,SIKHENDU DISP,3863,RIFT VALLEY,TRANS-NZOIA,KIMININI,SIKHENDU,SIKHENDU,DDP,4,PRIV,0.852036,34.8324,beb8bc5d-0a50-4c0a-be55-9f27f4fbdccd,3877525.03110763,94851.7096665398
4622,41,LUKE OPONDO CLINIC,0,NYANZA,BONDO,USIGU,NORTH YIMBO,NYAMONYE,GPS,6,PRIV,-0.02633,34.1313,150d60ed-8126-48ee-a36b-d3f5a5b97c41,3799478.93611247,-2931.04229574868
4623,128,SINOKO DISPENSARY,2845,RIFT VALLEY,TRANS-NZOIA,KAPLAMAI,MOTOSIET,MOTOSIET,DHMT,4,PRIV,0.986377,35.154268,fb0aa1b5-c6a4-40d9-9fc7-b6e49a2b1274,3913355.21297028,109808.40957011
4624,182,FREE-AREA MEDICAL CLINIC,0,RIFT VALLEY,NAKURU,NAKURU MUNI.,BARUTI,BARUTI,1:50000 MAPS,6,PRIV,-0.330999,36.048238,a0c2c5b8-2a23-4cf8-aae3-011e6fe1cdb5,4012871.49815474,-36846.8450880064
4625,184,GOLDSMITH CLINIC,2781,RIFT VALLEY,NAKURU,NAIVASHA,HELL'S GATE,OLKARIA,GPS,6,PRIV,-0.82261,36.32977,0963791a-870b-4c50-964a-916f4220659c,4044211.49703675,-91575.6724685959
4626,42,NDHERE MEDICAL CLINIC,0,NYANZA,BONDO,RARIEDA,CENTRAL ASEMBO,RAMBA NORTH,GPS,6,PRIV,-0.06948,34.38124,89da6b0a-3dbf-4b14-a601-74dacaf0d945,3827302.12964133,-7734.48011594327
4627,132,ST. MARTIN'S COTTAGE  HOSPITAL,0,RIFT VALLEY,TRANS-NZOIA,CENTRAL,KIBOMET,MILIMANI(CENTRAL),DHMT,5,PRIV,1.015437,35.01303,f1ced6c4-4371-4669-a037-788558a47a3d,3897632.67072962,113043.84767442
4628,190,KAPEDO HOSPITAL,0,RIFT VALLEY,NAKURU,MBOGOINI,WASEGES,NYAMAMITHI,ILRI MKT CENTRE,5,PRIV,0.148116,36.205039,52816e12-bc9c-4e30-99ec-c9dc1a31be12,4030326.50563062,16488.2160629395
4629,43,NDIGWA HEALTH CLINIC,0,NYANZA,BONDO,MADIANY,SOUTH UYOMA,NDIGWA,GPS,6,PRIV,-0.33481,34.32511,6a170574-821b-47c2-b59f-2032364b8959,3821053.76662311,-37271.0908286068
4630,44,NDIGWA MEDICAL CLINIC,0,NYANZA,BONDO,MADIANY,SOUTH UYOMA,NDIGWA,GPS,6,PRIV,-0.33454,34.32474,6b0ef002-54e5-4a3b-bfa8-b9e97e91e308,3821012.57841152,-37241.0340533337
4631,0,TUIGOI MEDICAL CLINIC,0,RIFT VALLEY,TRANS-NZOIA,CHERANGANY,CHERANGANY,KACHIBORA,DHMT,6,PRIV,1.028175,35.194949,6347c6bc-55e5-4e25-afba-3c23d9756c1f,3917883.80117524,114462.060874488
4632,191,KENLANDS CLINIC,0,RIFT VALLEY,NAKURU,NAKURU MUNI.,KAPTEMBWO,VIWANDA,GPS,6,PRIV,-0.29617,36.06129,5de01b31-9f21-4238-9d37-70a412697f6c,4014324.44014857,-32969.6404135053
4633,45,NEW BONDO CLINIC,4247,NYANZA,BONDO,BONDO,BONDO TOWNSHIP,BAR KOWINO,GPS,6,PRIV,-0.09706,34.27583,5464fca0-2358-468b-af15-dddc40d77646,3815567.94211681,-10804.6749440726
4634,192,KEROL HEALTH CENTRE CLINIC,4432,RIFT VALLEY,NAKURU,KERINGET,KERINGET,KERINGET(NAKURU),GPS,6,PRIV,-0.4272,35.68917,fa48aa13-0e4b-4c7e-a53e-727461849927,3972900.23123458,-47556.1270972907
4635,134,WAKA MEDICAL CLINIC,0,RIFT VALLEY,TRANS-NZOIA,CENTRAL,KIBOMET,MILIMANI(CENTRAL),DHMT,6,PRIV,1.015437,35.018164,4205ddab-9188-4fd6-b173-0bf424008343,3898204.18499535,113043.84767442
4636,30,OMBEWA CLINIC,0,NYANZA,BONDO,RARIEDA,CENTRAL ASEMBO,RAMBA NORTH,ILRI MKT CENTRE,6,PRIV,-0.06709,34.377796,ee073d5f-1fd5-4933-a411-f20b49f21a94,3826918.74531504,-7468.42634398053
4637,46,OYUWA CLINIC,0,NYANZA,BONDO,BONDO,BONDO TOWNSHIP,BAR KOWINO,GPS,6,PRIV,-0.09651,34.27366,12818482-d4ba-433e-9af9-ae5ba7d40af1,3815326.3788218,-10743.4491367868
4638,194,LAKELAND MEDICAL CLINIC,0,RIFT VALLEY,NAKURU,NAIVASHA,NAIVASHA TOWN,LAKE VIEW,ILRI TOWNS,6,PRIV,-0.721798,36.437523,c56142fb-03fb-4767-aa96-ea2730a84e2b,4056206.5061282,-80352.311207155
4639,135,WEHONIA DISP,1863,RIFT VALLEY,TRANS-NZOIA,KIMININI,KIMININI,KIMININI(TNZOIA),DHMT,4,PRIV,0.958256,34.972807,b769445a-033d-4a89-ad3f-451da1ad0d15,3893155.06685144,106677.543327449
4640,47,RARIEDA MEDICAL CLINIC,0,NYANZA,BONDO,RARIEDA,EAST ASEMBO,OMIA DIERE,GPS,6,PRIV,-0.17965,34.38422,fb75b027-7c9c-4808-a054-477229ca70d3,3827633.8617239,-19998.579289569
4641,48,SIWA CLINIC,0,NYANZA,BONDO,USIGU,NORTH YIMBO,NYAMONYE,GPS,6,PRIV,-0.04784,34.14748,5252ac37-f44e-411d-ab9b-8fab9fa877f2,3801280.0854735,-5325.52505834265
4642,195,LAKEVIEW MED CLINIC,0,RIFT VALLEY,NAKURU,NAIVASHA,NAIVASHA TOWN,SOKONI(NAKURU),GPS,6,PRIV,-0.71833,36.43939,746897b9-031f-4132-9807-2224f2e5a31e,4056414.33961751,-79966.2247238401
4643,92,ABO MEMORIAL PHYSIOTHERAPY CLINIC,0,RIFT VALLEY,UASIN GISHU,SOY,KIBULGENY,KAMUKUNJI(UGISHU),ILRI MKT CENTRE,6,PRIV,0.526849,35.266893,9d4707ab-464f-4118-8eb0-c9395ebbda0c,3925892.57062087,58649.3889039929
4644,32,ST. CAMILUS DISPENSARY CLINIC,4253,NYANZA,BONDO,MADIANY,SOUTH UYOMA,NAYA,ILRI VILLAGES,6,PRIV,-0.382786,34.283903,3dad7427-8f30-4810-9800-132dc5411612,3816466.62436599,-42611.859594334
4645,136,ELDORET HOSPITAL,0,RIFT VALLEY,UASIN GISHU,KAPSARET,NGERIA,KABONGO,HD MAPS,5,PRIV,0.4263,35.269,0617cc13-321f-455a-a125-7647d66c38a5,3926127.12078797,47455.936776536
4646,196,LANGA MEDICAL CENTRE,4604,RIFT VALLEY,NAKURU,NAKURU MUNI.,KAPTEMBWO,VIWANDA,GPS,6,PRIV,-0.30135,36.06443,1f5bf551-361a-45d7-bdf9-d3ff83d14f56,4014673.98334967,-33546.2832152778
4647,49,UHANYA MEDICAL CLINIC,0,NYANZA,BONDO,USIGU,WEST YIMBO,USENGE,GPS,6,PRIV,-0.097847,34.063044,ee0a22bb-4441-4032-aaff-e4f400b3d977,3791880.71294888,-10892.2835100534
4648,139,ELGEYO SAW MILLS DISP,1998,RIFT VALLEY,UASIN GISHU,MOIBEN,KARUNA,SOSIO,HD MAPS,4,PRIV,0.71733,35.4629,b264a9df-c26c-48a7-ac2a-966de43c2ad5,3947711.97005279,79854.8964959489
4649,201,MAU NAROK MEDICAL CLINIC,4437,RIFT VALLEY,NAKURU,MAU NAROK,MAU NAROK,SIAPEI,ILRI MKT CENTRE,6,PRIV,-0.596239,36.00565,e708d7ac-fd0a-4cc9-914b-80afcf4e85b8,4008130.62368084,-66374.2198456407
4650,50,USENGE MEDICAL CENTRE,1380,NYANZA,BONDO,USIGU,WEST YIMBO,USENGE,GPS,6,PRIV,-0.06465,34.05324,0e84310f-0932-4fdd-9fae-71c2b5e4f67b,3790789.33666114,-7196.80660692829
4651,141,HILL SCHOOL DISP,1879,RIFT VALLEY,UASIN GISHU,KAPSARET,PIONEER,LANGAS,HD MAPS,4,PRIV,0.484919,35.2777,e89e2aa7-7b75-4324-b427-268d70f93d86,3927095.60035787,53981.5806072461
4652,202,MEDICARE CLINIC,0,RIFT VALLEY,NAKURU,MOLO,MOLO,MOLO,GPS,6,PRIV,-0.24218,35.72805,16040456-c6c3-4cf2-8ff8-7c327a6fd8df,3977228.33303662,-26959.4345573722
4653,145,LIMO HOUSE SURGICAL CLINIC,0,RIFT VALLEY,UASIN GISHU,AINABKOI,KAPSOYA,KAPSOYA,SUBLOC CENTROID,6,PRIV,0.515477,35.319513,8270b937-255b-4f41-94d4-4e510e96613e,3931750.20222641,57383.4112811254
4654,51,VICTORIA FAMILY HEALTH CLINIC,0,NYANZA,BONDO,MADIANY,SOUTH UYOMA,NAYA,GPS,6,PRIV,-0.382786,34.283985,2a05c3d8-5866-43f7-88d6-aa0d109715ca,3816475.75256423,-42611.859594334
4655,148,PACIFIC HOSPITAL,3909,RIFT VALLEY,UASIN GISHU,TURBO,KAPYEMIT,HURUMA(UGISHU),HD MAPS,5,PRIV,0.534571,35.2417,a843be4b-f92f-4698-91e3-9a06fed6ea8a,3923088.09868931,59509.0348895701
4656,204,MOLO DENTAL AND MEDICAL CLINIC,0,RIFT VALLEY,NAKURU,MOLO,MOLO,MOLO,GPS,6,PRIV,-0.23895,35.72669,40d53c02-b67c-421c-8408-af795227b8fd,3977076.93852915,-26599.869432735
4657,0,AGO CARE HEALTH SERVICES,0,NYANZA,GUCHA,NYAMARAMBE,S. MUGIRANGO CHACHE,TABAKA,GPS,6,PRIV,-0.724,34.6374,4ccd0166-f69a-42a3-8772-86c0cb55a28f,3855817.73040294,-80597.4562376914
4658,151,TIGOINI MEDICAL CLINIC,0,RIFT VALLEY,UASIN GISHU,SOY,MOI'S BRIDGE,MOI'S BRIDGE(UGISHU),SUBLOC CENTROID,6,PRIV,0.889125,35.168335,74d51e59-f0b1-4036-a0e8-e29837ebae2a,3914921.14424727,98980.9149839338
4659,205,"MUGUMO MEDICAL, FP CLINIC AND LABORATORY",0,RIFT VALLEY,NAKURU,BAHATI,SOLAI,KILIMA(NAKURU),ILRI VILLAGES,6,PRIV,-0.15,36.1,e67b1781-705c-4d22-a909-de3b99097493,4018633.61763718,-16697.9426933159
4660,0,AKEMO HOSPITAL,0,NYANZA,GUCHA,NYACHEKI,BASSI BOGETAORIO,NYANGUSO,GPS,5,PRIV,-0.926824,34.844097,f7fe68b6-4753-4a68-9dd0-18f939688379,3878827.13519143,-103178.075552695
4661,152,UASIN GISHU COTTAGE HOSPITAL,3611,RIFT VALLEY,UASIN GISHU,KESSES,MEGUN,SONGOLIET(UG),HD MAPS,5,PRIV,0.354346,35.3371,eb768468-8229-4dea-8a7f-49976c636bfd,3933707.978111,39445.8677403176
4662,32,ANNEX MEDICAL CLINIC,4761,NYANZA,GUCHA,KENYENYA,MAJOGE BORABU,KIANGO,GPS,6,PRIV,-0.91359,34.79539,9559b6a5-5399-4417-93e3-766518aeb9a0,3873405.09675337,-101704.683385847
4663,75,BWENA MEDICAL SERVICES,2363,RIFT VALLEY,WEST POKOT,KAPENGURIA,TALAU,KAPSURUM,ILRI MKT CENTRE,6,PRIV,1.220441,35.121471,1e91387e-31cc-4479-a492-f193cb6ed01d,3909704.26763073,135869.145485758
4664,207,NAIVASHA MEDICAL CLINIC,0,RIFT VALLEY,NAKURU,NAIVASHA,NAIVASHA TOWN,SOKONI(NAKURU),ILRI MKT CENTRE,6,PRIV,-0.710096,36.435521,8062d192-c692-4984-9da5-2ac8a513e1af,4055983.64450763,-79049.5488177491
4665,0,AQUINAS MEDICAL CENTRE & LAB SERVICES,0,NYANZA,GUCHA,OGEMBO,MAJOGE CHACHE,NYANSAKIA,GPS,6,PRIV,-0.81803,34.7321,f4edf801-5bc4-45cd-8cae-826a83e3301c,3866359.68618106,-91065.7769411457
4666,76,CHEPARERIA CLINIC,0,RIFT VALLEY,WEST POKOT,CHEPARERIA,SENETWO,SENETWO(WPOKOT),DDP,6,PRIV,1.33236,35.1866,8e8be963-a1be-44fb-a4df-8f8628e8c197,3916954.39474661,148331.005730146
4667,208,NAIVASHA NORTH LAKE CLINIC,2753,RIFT VALLEY,NAKURU,NAIVASHA,NAIVASHA TOWN,SOKONI(NAKURU),ILRI VILLAGES,6,PRIV,-0.72,36.43,2f46ab0f-136c-481a-b2e3-243bc0e1bf51,4055369.04959896,-80152.1429187612
4668,33,BEN ODERA CLINIC,0,NYANZA,GUCHA,KENYENYA,MAGENCHE,MAGENCHE,GPS,6,PRIV,-0.94956,34.72267,45ce94f6-b570-449e-8a45-998432f9f0f3,3865309.94338288,-105709.374857401
4669,77,CHEPKONO DISP,4573,RIFT VALLEY,WEST POKOT,KAPENGURIA,KAISAKAT,PARAYWA,DHMT,4,PRIV,1.247135,35.211621,9c24f3b0-d6b0-4dea-97f0-381662a16680,3919739.71972574,138841.397087777
4670,212,NGATA HOSPITAL,4435,RIFT VALLEY,NAKURU,NJORO,NGATA,NGATA,GPS,5,PRIV,-0.25928,35.97929,e74a502a-2d85-488f-9b3e-ceed8369cab7,4005196.24190353,-28863.0160837024
4671,0,EBURI PRIVATE CLINIC,0,NYANZA,GUCHA,OGEMBO,SENGERA,NYAISERO,GPS,6,PRIV,-0.82473,34.7042,a76c449c-d970-4dfc-b62d-fb05a2b5a572,3863253.87238793,-91811.6941770641
4672,78,JAMII CLINIC,3992,RIFT VALLEY,WEST POKOT,KAPENGURIA,TALAU,KAPSURUM,ILRI MKT CENTRE,6,PRIV,1.22041,35.121471,41adf016-6a1f-4615-a12f-45f2cb5a9598,3909704.26763073,135865.693798545
4673,213,NJORO MEDICAL CENTRE,0,RIFT VALLEY,NAKURU,NJORO,NJORO,NJORO(NAKURU),ILRI MKT CENTRE,6,PRIV,-0.329249,35.944116,1239a960-e51f-48c7-a385-7d44cceb6870,4001280.69013436,-36652.0327454507
4674,34,EGUTUKI MEDICAL CLINIC,0,NYANZA,GUCHA,OGEMBO,MAJOGE CHACHE,KANYIMBO,GPS,6,PRIV,-0.76818,34.71833,b23a2702-6e58-4dbc-aadc-9145ca9929e2,3864826.81679284,-85515.9684616152
4675,79,KAPENGURIA AFYA CLINIC,3040,RIFT VALLEY,WEST POKOT,KAPENGURIA,KAISAKAT,SIYOI,ILRI TOWNS,6,PRIV,1.232387,35.124619,4dfb1c59-1b7a-4e01-bcf9-29de451ae54a,3910054.70138775,137199.272827379
4676,80,KAPENGURIA AFYA SERVICES,0,RIFT VALLEY,WEST POKOT,KAPENGURIA,KAPENGURIA,CHEWOYET,ILRI VILLAGES,6,PRIV,1.23,35.12,3295ee93-92c9-4204-b07f-697152867b2b,3909540.51665977,136933.491842949
4677,217,OSERIAN ESTATE DISP,2779,RIFT VALLEY,NAKURU,NAIVASHA,MAIELLA,KONGONI(NAKURU),GPS,4,PRIV,-0.81937,36.29629,793da500-49ef-4f87-b1dc-11c6d0d2cb8e,4040484.52048499,-91214.9602883659
4678,35,EMBAKASI CLINIC,0,NYANZA,GUCHA,KENYENYA,MAGENCHE,MAGENCHE,GPS,6,PRIV,-0.9541,34.71282,67a1a1aa-bff0-4ce2-a492-8bc416dd54ce,3864213.44639857,-106214.835091928
4679,81,KIRINGETI CLINIC,0,RIFT VALLEY,WEST POKOT,KAPENGURIA,KERINGET,CHEPTUYA,DHMT,6,PRIV,1.239488,35.028725,c41d8468-b180-47e7-829d-7ca046e751b8,3899379.83013762,137989.936478998
4680,36,EMBAKASI DISPENSARY (PRIVATE),0,NYANZA,GUCHA,ETAGO,GETENGA,MUMA,GPS,6,PRIV,-0.93475,34.66945,52c4e506-df30-4745-88e3-1e7744ad2c5c,3859385.52008286,-104060.510276406
4681,218,PINE BREEZE HOSPITAL,2829,RIFT VALLEY,NAKURU,NAKURU MUNI.,LANET,LANET(MUNICIPALITY),GPS,5,PRIV,-0.28461,36.10637,6118bc6e-fb2d-4da3-9078-f57738bac6f8,4019342.72279353,-31682.7705696932
4682,219,POLY HOSPITAL,0,RIFT VALLEY,NAKURU,NAIVASHA,NAIVASHA TOWN,SOKONI(NAKURU),GPS,5,PRIV,-0.71408,36.43379,ff58deb9-a632-4961-ae71-9c0736668e70,4055790.95046907,-79493.0799231019
4683,82,KROP CLINIC,4571,RIFT VALLEY,WEST POKOT,KAPENGURIA,TALAU,KAPSURUM,DHMT,6,PRIV,1.215955,35.116108,ef37859d-5c69-49ec-9e9f-7670d850dc1c,3909107.26120161,135369.65335543
4684,37,ENAMBA MEDICAL CLINIC,0,NYANZA,GUCHA,NYAMARAMBE,S. MUGIRANGO CENTRAL,NYANSORE,GPS,6,PRIV,-0.77034,34.63192,41936420-dfcf-4e9c-a690-9129efb0711c,3855207.69959339,-85756.440235222
4685,220,REMBO MEDICAL CLINIC,0,RIFT VALLEY,NAKURU,BAHATI,BAHATI,BAHATI,SUBLOC CENTROID,6,PRIV,-0.175482,36.138558,e17ed6b6-48db-48ba-b7f9-e899be2a5e32,4022925.87456319,-19534.5974236885
4686,83,LILYON CLINIC,4569,RIFT VALLEY,WEST POKOT,CHEPARERIA,KIPKOMO,CHEPARERIA,DHMT,6,PRIV,1.320373,35.207062,1d844d5c-1626-44b0-bb85-2df4505a4c50,3919232.21416722,146996.261364382
4687,38,ENORIMA MED CLINIC,0,NYANZA,GUCHA,ETAGO,CHITAGO,BOIGE,GPS,6,PRIV,-0.93334,34.67031,974f6345-a227-49eb-8e33-e2992372aa5a,3859481.25484494,-103903.528935128
4688,221,RHEMS MEDICAL CLINIC,0,RIFT VALLEY,NAKURU,NAIVASHA,NAIVASHA TOWN,SOKONI(NAKURU),GPS,6,PRIV,-0.71618,36.43381,bbbdb029-c10e-4a11-b12a-7404b55e3fc2,4055793.17685888,-79726.8690639255
4689,0,ENTAKANA CLINIC,0,NYANZA,GUCHA,NYACHEKI,RIGENA,RIONTWEKA,GPS,6,PRIV,-0.898,34.84002,e25513f3-471a-4c22-a917-40fcd09c01c8,3878373.28562747,-99968.9956252278
4690,84,MAKUTANO BWENA CLINIC,0,RIFT VALLEY,WEST POKOT,KAPENGURIA,KISHAUNET,KISHAUNET,DDP,6,PRIV,1.29883,35.0682,3f3342b3-663f-47ea-9d97-535324c1aac8,3903774.16703668,144597.478982272
4691,223,SAFARILAND HEALTH CENTRE,4430,RIFT VALLEY,NAKURU,NAIVASHA,HELL'S GATE,OLKARIA,GPS,3,PRIV,-0.8274,36.33776,cd90b20e-c863-4262-8415-2af3399826ac,4045100.93976819,-92108.9481114493
4692,0,ESTHER NYOKABI CLINIC,0,NYANZA,GUCHA,OGEMBO,MAJOGE CHACHE,NYANSAKIA,GPS,6,PRIV,-0.8208,34.7336,7e774297-d3d0-417a-8cac-f091c5501d87,3866526.66541725,-91374.1634676844
4693,85,MAKUTANO MEDICAL CLINIC,3990,RIFT VALLEY,WEST POKOT,KAPENGURIA,KISHAUNET,KISHAUNET,DHMT,6,PRIV,1.294547,35.060726,cbbd4fe2-54e8-4eb8-8308-be3fecd948a5,3902942.16516249,144120.575477116
4694,225,SHER AGENCIES CLINIC,0,RIFT VALLEY,NAKURU,NAIVASHA,HELL'S GATE,OLKARIA,1:50000 MAPS,6,PRIV,-0.824324,36.372973,b39cb866-1148-4713-a2d8-a38284cde9d8,4049020.83299749,-91766.4937835495
4695,39,ETONO  CLINIC,0,NYANZA,GUCHA,NYAMARAMBE,S. MUGIRANGO CENTRAL,BOMONYAMA,GPS,6,PRIV,-0.80702,34.62414,14ae8022-be9d-4aac-a416-3c024ad12313,3854341.63395502,-89840.0260938647
4696,86,NAKUYEN DISP,2196,RIFT VALLEY,WEST POKOT,KACHELIBA,KOPULIO,NAKUYEN,DDP,4,PRIV,1.46837,34.9032,3c810c86-3c45-40e3-8d6b-978b4545a5ad,3885406.45105579,163476.096554014
4697,228,ST. ELIZABETH MEDICAL CENTRE,0,RIFT VALLEY,NAKURU,NAKURU MUNI.,CENTRAL,AFRAHA,GPS,6,PRIV,-0.29856,36.07305,8b632e18-5c21-4009-b2d5-dc9d6b1f344e,4015633.55736031,-33235.6975797792
4698,0,GLORY CHURC CLINIC,0,NYANZA,GUCHA,OGEMBO,MAJOGE CHACHE,BOOCHI,GPS,6,PRIV,-0.77407,34.70271,09d5d23d-f1fb-4c02-9209-8afd7ed7e287,3863088.00634665,-86171.6996499744
4699,87,NASOKOL DISP,3993,RIFT VALLEY,WEST POKOT,KAPENGURIA,KISHAUNET,KISHAUNET,DHMT,4,PRIV,1.294547,35.060726,f464701a-f822-4b63-a4c1-7f65211dcac5,3902942.16516249,144120.575477116
4700,229,ST. JOSEPH HOSPITAL MOLO,0,RIFT VALLEY,NAKURU,MOLO,MOLO,MOLO,GPS,5,PRIV,-0.24264,35.72783,01710081-f38b-49fb-95e1-6dbb4145f88a,3977203.84274865,-27010.6419814431
4701,88,SEBIT CLINIC (KREP),0,RIFT VALLEY,WEST POKOT,CHEPARERIA,BATEI,KERELWA,DHMT,6,PRIV,1.407607,35.371015,7967cdf4-a183-481c-8751-fd4034cbcd5c,3937483.37864125,156709.859132615
4702,40,GOOD SAMARITAN MED SERVICES,0,NYANZA,GUCHA,ETAGO,GETENGA,NYATARO,GPS,6,PRIV,-0.84125,34.63159,8afbffbb-e7b6-4a7f-b781-71d2485343e9,3855170.96416143,-93650.8865389189
4703,230,ST. MARK'S MEDICAL CLINIC,0,RIFT VALLEY,NAKURU,GILGIL,GILGIL,GILGIL,ILRI MKT CENTRE,6,PRIV,-0.496098,36.323418,61421a45-313c-4978-8cb7-de4796414867,4043504.39563123,-55226.0668010317
4704,89,TAITO CLINIC,3995,RIFT VALLEY,WEST POKOT,KAPENGURIA,KISHAUNET,LITYEI,DHMT,6,PRIV,1.258955,35.063355,0599cfc0-6974-488a-b66b-48b612ad30c1,3903234.82410379,140157.508197795
4705,41,HIGHWAY MEDICAL CLINIC,0,NYANZA,GUCHA,OGEMBO,MAJOGE CHACHE,NYANSAKIA,GPS,6,PRIV,-0.79961,34.72489,f63dbc14-c310-489d-a454-f9641faa7ed4,3865557.07265245,-89015.0675850672
4706,231,STAR MEDICAL CLINIC,0,RIFT VALLEY,NAKURU,NAKURU MUNI.,KAPTEMBWO,VIWANDA,GPS,6,PRIV,-0.31183,36.06783,6d350ba6-53f7-4795-b2da-ed75485d11b0,4015052.46961836,-34712.9281827957
4707,90,WEIWEI CLINIC,4570,RIFT VALLEY,WEST POKOT,SIGOR,WEI WEI,KORELLACH,ILRI VILLAGES,6,PRIV,1.52,35.48,7de391ff-e272-4927-8f46-5f4b04720f11,3949615.53334535,169225.476982563
4708,42,IGARE RURAL HEALTH CLINIC,3038,NYANZA,GUCHA,SAMETA,BASSI BOINTANGARE,IGARE,ILRI VILLAGES,6,PRIV,-0.8,34.8,d4972eb1-a380-4321-ac7a-42a98f14a6b0,3873918.27960593,-89058.4864167042
4709,233,TULWET DISP,1661,RIFT VALLEY,NAKURU,KURESOI,TULWET,TULWET(NAKURU),SUBLOC CENTROID,4,PRIV,-0.365844,35.565619,a412b08a-bbe9-4d5f-afe0-c53e6c1090ea,3959146.59682758,-40725.8445265786
4710,79,BUNGOMA HEALTH SERVICES,0,WESTERN,BUNGOMA,KANDUYI,E.BUKUSU,E. SANGALO,ILRI MKT CENTRE,6,PRIV,0.540464,34.631622,3d916381-c77c-404d-a4fd-567255ea6c23,3855174.52638514,60165.0695182245
4711,43,IGORERA MEDICAL CLINIC,4760,NYANZA,GUCHA,KENYENYA,MAJOGE BORABU,KIANGO,GPS,6,PRIV,-0.90836,34.79625,cba50e94-8085-405a-8d8a-9badd000597d,3873500.83151545,-101122.408852443
4712,235,VALLEY HOSPITAL,4601,RIFT VALLEY,NAKURU,NAKURU MUNI.,CENTRAL,AFRAHA,GPS,5,PRIV,-0.28561,36.06267,62aa30e9-d8d3-4bce-8e60-384ebb775fdb,4014478.06104587,-31794.0914387332
4713,80,BUNGOMA MEDICAL CLINIC,2286,WESTERN,BUNGOMA,KANDUYI,BUKEMBE,NDENGELWA,ILRI VILLAGES,6,PRIV,0.57,34.57,18ff82f4-d455-404b-a11d-0c700f31af76,3848314.79672347,63453.1564227311
4714,44,ITUMBE HEALTH CLINIC,0,NYANZA,GUCHA,SAMETA,BASSI CHACHE,GIASAIGA,GPS,6,PRIV,-0.7566,34.77528,4ad73a10-6452-40d0-ad58-43ffcf024dd3,3871166.46179352,-84226.7746283646
4715,237,VICTORY MEDICAL SERVICES,0,RIFT VALLEY,NAKURU,NAIVASHA,HELL'S GATE,OLKARIA,GPS,6,PRIV,-0.81612,36.3199,a21a9934-c0b8-4802-bc35-d48b3a91eefb,4043112.77366262,-90853.1350920122
4716,83,ELGON VIEW COTTAGE HOSPITAL,4668,WESTERN,BUNGOMA,KANDUYI,E.BUKUSU,E. SANGALO,ILRI MKT CENTRE,5,PRIV,0.540464,34.631622,530353b1-033d-4408-a724-6927a32b8dff,3855174.52638514,60165.0695182245
4717,45,KENYENYA MEDICAL CLINIC,4757,NYANZA,GUCHA,KENYENYA,MAJOGE MASABA,KENYENYA,GPS,6,PRIV,-0.88381,34.73599,39f9da3a-214e-47dd-a3be-1b60f5c822ea,3866792.71900025,-98389.1810681453
4718,239,WHOLE FAMILY MEDICAL CLINIC,4605,RIFT VALLEY,NAKURU,NAKURU MUNI.,CENTRAL,AFRAHA,GPS,6,PRIV,-0.28329,36.07559,8e3475b3-92e6-4322-ac7a-c24507e4c87e,4015916.30886692,-31535.8270373418
4719,84,HIGHWAY MEDICAL CLINIC & LABORATORY,0,WESTERN,BUNGOMA,WEBUYE,WEBUYE,TOWNSHIP(WEBUYE),ILRI VILLAGES,6,PRIV,0.6,34.77,9322534d-4eea-4a95-9749-fbf79e700575,3870578.69488213,66792.9152642531
4720,94,A D C KIMWANI DISP,2066,RIFT VALLEY,NANDI,NANDI HILLS,KAPLELMET,KETBARAK,HD MAPS,4,PRIV,0.10413,35.1839,834e8f63-64b9-496d-a67c-2169e53dd36a,3916653.83212146,11591.7049575134
4721,47,KERICHA MEDICARE,0,NYANZA,GUCHA,SAMETA,MOKWERERO,KIONGONGI,GPS,6,PRIV,-0.75455,34.77599,97e5ac9e-9546-4c8f-b45c-82f6d7442cf8,3871245.49863198,-83998.5498278973
4722,95,AFYA CLINIC,0,RIFT VALLEY,NANDI,KAPSABET,KAPSABET,KAPNGETUNY(KAPSABET),ILRI MKT CENTRE,6,PRIV,0.207091,35.107477,cd839915-edbf-4f06-80ee-745f349e3a1a,3908146.46267657,23053.314862798
4723,86,KIMILILI MEDICAL CENTRE,3896,WESTERN,BUNGOMA,KIMILILI,KIBINGEI,CHEBUKWABI,1:50000 MAPS,6,PRIV,0.791441,34.712613,c793ab5e-3181-4a8b-85e6-6c4f3be3fcf4,3864190.40326397,88105.611002704
4724,48,LIVING WATER CHRI CENTRE,0,NYANZA,GUCHA,ETAGO,S. MUGIRANGO BORABU,NYAMONDO,GPS,6,PRIV,-0.94077,34.6871,03ef92ea-5acb-46e4-902d-c48779a1afc8,3861350.30909536,-104730.743379863
4725,87,LUMBOKA MEMORIAL HOSPITAL,3119,WESTERN,BUNGOMA,BUMULA,S.BUKUSU,LUMBOKA,SUBLOC CENTROID,5,PRIV,0.511872,34.478199,9732b75a-a34c-49b6-915c-8c659a3e1209,3838095.55614916,56982.0883883329
4726,96,CHAMASIS MEDICAL CLINIC,0,RIFT VALLEY,NANDI,NANDI HILLS,NANDI HILLS,KAPNGETUNY(N. HILLS),ILRI MKT CENTRE,6,PRIV,0.107814,35.183128,65f29279-dbe4-43b2-81fb-907da27cba8b,3916567.89347457,12001.8066631228
4727,49,MAGENA MEDICAL AND SURGICAL COTTAGE,0,NYANZA,GUCHA,KENYENYA,MAJOGE BORABU,KIANGO,GPS,6,PRIV,-0.91439,34.7958,d2ae3dad-2b37-4de0-9e32-25d460b3f779,3873450.73774459,-101793.750310703
4728,50,MAGENCHE MEDICAL CLINIC,0,NYANZA,GUCHA,KENYENYA,MAGENCHE,MAGENCHE,GPS,6,PRIV,-0.94896,34.72529,3f1e4dd5-6c48-43b3-a7ac-751e012b05e3,3865601.60044876,-105642.573995078
4729,94,WEBUYE HOSPITAL,0,WESTERN,BUNGOMA,WEBUYE,WEBUYE,TOWNSHIP(WEBUYE),1:50000 MAPS,5,PRIV,0.606306,34.77072,cc330f29-dbc2-4650-9105-fc126414098a,3870658.8449155,67494.9348713489
4730,97,DR. NGETICH CLINIC,0,RIFT VALLEY,NANDI,KIPKAREN,NDALAT,KAIGAT,DHMT,6,PRIV,0.502742,35.12523,27fe34a5-8a4a-41eb-a04a-5bb28596a864,3910122.71759662,55965.7015960154
4731,0,MATUMAINI-NYAMAIYA CLINIC,0,NYANZA,GUCHA,ETAGO,S. MUGIRANGO BORABU,MONIANKU,GPS,6,PRIV,-0.966248,34.676198,d0486c2e-c4a5-4945-8500-ca247c7c39dc,3860136.70400674,-107567.334180198
4732,42,AMANI MEDICAL CLINIC,0,WESTERN,BUSIA,MATAYOS,NANGOMA,MUYAFWA,AMKENI,6,PRIV,0.359142,34.173795,0553e542-f914-4968-a9e7-4f408d49f309,3804209.45787372,39979.7663672477
4733,100,KAPSABET MEDICAL CLINIC,0,RIFT VALLEY,NANDI,KAPSABET,KAPSABET,TOWNSHIP(KAPSABET),ILRI VILLAGES,6,PRIV,0.2,35.1,63871c10-67f1-425f-970e-fad7734d4063,3907314.12684391,22263.9433719398
4734,0,MESABAKWA CLINIC,0,NYANZA,GUCHA,KENYENYA,MAGENCHE,MOKUBO,GPS,6,PRIV,-0.89387,34.6985,147a5dce-2a79-4763-ab94-6e8990efc378,3862619.35129041,-99509.1899143095
4735,44,BURUMBA MEDICAL CLINIC,0,WESTERN,BUSIA,TOWNSHIP,TOWNSHIP,MJINI CENTRAL,GPS,6,PRIV,0.459191,34.119223,152346e3-f858-4f29-8fac-e9988a83e896,3798134.53062215,51117.4555166182
4736,101,KAPSIMOTWA DISP,2059,RIFT VALLEY,NANDI,NANDI HILLS,KAPCHORUA,SERE NGONIK,ILRI MKT CENTRE,4,PRIV,0.088833,35.335724,d91641a3-462e-49a2-b1b6-00bbd51ed4c7,3933554.80249166,9888.8482874901
4737,51,MOGONGA MEDICAL CLINIC,0,NYANZA,GUCHA,KENYENYA,MAJOGE BORABU,IGORERA,GPS,6,PRIV,-0.8633,34.76276,9d945419-6037-4441-98dd-b36d16a9733f,3869772.74176879,-96105.7529100049
4738,45,BUSIA MEDICAL CLINIC AND LAB SERVICES,0,WESTERN,BUSIA,TOWNSHIP,TOWNSHIP,MJINI CENTRAL,GPS,6,PRIV,0.46,34.11206,e0edddae-9c2c-4f30-bc7b-6c19464917ed,3797337.1491096,51207.5158820658
4739,102,KIMWARI ADC DISP,0,RIFT VALLEY,NANDI,NANDI HILLS,KAPLELMET,KETBARAK,DHMT,4,PRIV,0.103438,35.184257,766e5850-4bcb-49d3-8765-26b29d5998dd,3916693.57317968,11514.6717435063
4740,52,MUSIABANO MEDICAL CLINICAL,0,NYANZA,GUCHA,SAMETA,BASSI CHACHE,BOGETAORIO,GPS,6,PRIV,-0.7683,34.74986,66cc59db-0cd5-44c6-82b6-008363f4245e,3868336.72033755,-85529.3280013992
4741,103,KOILOT DISP,2070,RIFT VALLEY,NANDI,KILIBWONI,KOILOT,CHEPNGETUNY,ILRI MKT CENTRE,4,PRIV,0.180261,35.312502,3b933a0d-661a-4634-bc98-f4f6bc0d9518,3930969.74127646,20066.5958339371
4742,46,BUYINGI CLINIC,3757,WESTERN,BUSIA,FUNYULA,NAMBOBOTO,LUANDA,ILRI VILLAGES,6,PRIV,0.300066,34.052797,ac4ec0cf-119a-418f-aa0b-2f10555a64b7,3790740.02212672,33403.3470205158
4743,53,MWANGAZA MEDICAL CLINIC,0,NYANZA,GUCHA,ETAGO,CHITAGO,AMAKARA,GPS,6,PRIV,-0.8996,34.66034,1fd8783e-93ae-44ea-bab6-a97e13d2bf14,3858371.39952174,-100147.12872778
4744,104,KOKWET BASED FH PROJECT'S DISP,0,RIFT VALLEY,NANDI,KOSIRAI,NGECHEK,NGECHEK,ILRI MKT CENTRE,4,PRIV,0.311057,35.208976,fde3b90c-acee-4274-a6fe-17c582968334,3919445.2796726,34626.8769451514
4745,105,LELMOKWO CLINIC,3667,RIFT VALLEY,NANDI,KOSIRAI,LELMOKWO,LELMOKWO,ILRI VILLAGES,6,PRIV,0.4,35.15,e5b35568-e2c7-4a01-934f-e732a4d1155b,3912880.10138357,44528.1580268516
4746,47,CENTRAL MEDICAL CLINIC,0,WESTERN,BUSIA,TOWNSHIP,TOWNSHIP,MJINI CENTRAL,AMKENI,6,PRIV,0.465368,34.101203,8c8307e4-7136-49f7-8fa0-79e8c3e288e7,3796128.55339806,51805.0983933636
4747,54,NAZARETH MED CLINIC,0,NYANZA,GUCHA,KENYENYA,MAGENCHE,MAGENCHE,GPS,6,PRIV,-0.94991,34.72289,1c883de4-eaa2-4009-be22-feeaeebd80d8,3865334.43367086,-105748.342032439
4748,106,MEDVET CENTRE,0,RIFT VALLEY,NANDI,KAPSABET,KAPSABET,TOWNSHIP(KAPSABET),DHMT,6,PRIV,0.205219,35.108281,504180cf-b74f-4e7a-87c4-0085e967e7e0,3908235.96354717,22844.923427086
4749,55,NAZARETH MED CLINIC AND COSMETICS,0,NYANZA,GUCHA,KENYENYA,MAJOGE BORABU,IGORERA,GPS,6,PRIV,-0.88262,34.75378,5980a882-2003-4e3d-b928-f61181dc1a7f,3868773.09274146,-98256.6951335948
4750,48,EDIMA MEDICAL CLINIC,0,WESTERN,BUSIA,MATAYOS,BUKHAYO WEST,ESIKULU,AMKENI,6,PRIV,0.41417,34.14612,7e32b87a-788a-4ecf-8ee5-40d60f189035,3801128.69096602,46105.5950302702
4751,107,NANDI HILLS DOCTOR'S SCHEME,0,RIFT VALLEY,NANDI,NANDI HILLS,NANDI HILLS,KIPSAMOO,ILRI VILLAGES,6,PRIV,0.12,35.18,acbc3426-bf1c-4200-a2f5-c73ae3ce82c0,3916219.68610737,13358.3486612477
4752,72,CENTRAL MEDICAL CLINIC,0,RIFT VALLEY,NAROK,CENTRAL,LOWER MELILI,NAROK TOWN,ILRI TOWNS,6,PRIV,-1.097763,35.863811,40da49ec-5c51-42a4-80ba-3cb2d51ea052,3992341.17842621,-122209.89539448
4753,56,NYACHEKI MEDICAL CLINIC AND SURGERY,0,NYANZA,GUCHA,NYACHEKI,BASSI BORABU,BOSANSA,GPS,6,PRIV,-0.88732,34.88642,d9538d4a-2573-4dc3-bc58-4c48ad236e73,3883538.51000028,-98779.9591561988
4754,49,ELITE MEDICAL CLINIC,0,WESTERN,BUSIA,TOWNSHIP,TOWNSHIP,MJINI CENTRAL,GPS,6,PRIV,0.46415,34.10728,1dc3cddb-e2fe-457f-b552-b68676220d83,3796805.04194361,51669.5067927957
4755,73,DR. CHULA CLINIC,0,RIFT VALLEY,NAROK,CENTRAL,LOWER MELILI,NAROK TOWN,HD MAPS,6,PRIV,-1.08628,35.857,275dfce7-d7b1-4e00-9649-be9b3ac69622,3991582.98137441,-120931.381470354
4756,50,INTENSIVE CARE CLINIC,0,WESTERN,BUSIA,MATAYOS,NANGOMA,MUYAFWA,AMKENI,6,PRIV,0.364758,34.164835,c50d4a57-b6cd-40bd-94b7-2344ed6a96eb,3803212.03523622,40604.9491024199
4757,57,NYAGANCHA MEDICAL CLINIC,0,NYANZA,GUCHA,KENYENYA,MAGENCHE,MOKUBO,GPS,6,PRIV,-0.92314,34.70647,b1ae8756-8b9f-4fb4-be28-53b31d44e0be,3863506.56763203,-102767.921100804
4758,74,DR. GICHUI CLINIC,0,RIFT VALLEY,NAROK,CENTRAL,LOWER MELILI,NAROK TOWN,HD MAPS,6,PRIV,-1.08628,35.857,cc9c1442-e281-4c23-98ef-4c6bad0f432e,3991582.98137441,-120931.381470354
4759,58,NYANGANCHA F.C MED. CLINIC,0,NYANZA,GUCHA,KENYENYA,MAGENCHE,MOKUBO,GPS,6,PRIV,-0.923,34.70655,78056713-a036-4580-a592-9f71da0a6284,3863515.47319129,-102752.334349355
4760,52,LAKE VIEW,0,WESTERN,BUSIA,BUDALANGI,BUNYALA WEST,BUKOMA,AMKENI,6,PRIV,0.098737,33.96838,0a81cc4e-f1fc-4bde-8c4b-c00648064616,3781342.76467242,10991.3580026573
4761,76,DR. OTURO MEDICAL CLINIC,0,RIFT VALLEY,NAROK,CENTRAL,LOWER MELILI,NAROK TOWN,HD MAPS,6,PRIV,-1.08628,35.857,1297f8ae-e747-43ce-8ea1-867be2a7003c,3991582.98137441,-120931.381470354
4762,53,MABINJU MEDICAL CLINIC,0,WESTERN,BUSIA,BUDALANGI,KHAJULA,MABINJU/MABUSI,AMKENI,6,PRIV,0.071443,33.989532,598d3466-a80c-4cc7-8380-ac6fbfd351b2,3783697.39454168,7953.00044163332
4763,0,NYANSAKIA CLINIC,0,NYANZA,GUCHA,SAMETA,BASSI CHACHE,GIASAIGA,GPS,6,PRIV,-0.75453,34.7747,8c941a33-2fba-47e8-80ef-63851ea2ae37,3871101.89648886,-83996.3232450065
4764,0,ENDONYO RASHA CLINIC,0,RIFT VALLEY,NAROK,MARA,OLDERKESI,OLDERKESI,DHMT,6,PRIV,-1.758662,35.571198,52798492-9f7e-418c-b11e-292f376e8f5b,3959767.64826672,-195804.106832278
4765,54,MADARAKA MEDICAL CLINIC,0,WESTERN,BUSIA,TOWNSHIP,TOWNSHIP,MJINI CENTRAL,AMKENI,6,PRIV,0.464097,34.10161,90e257f1-b85a-4419-943d-4059f0871f8c,3796173.86043081,51663.606666205
4766,59,OGEMBO MEDICAL CENTRE (HOSPITAL),0,NYANZA,GUCHA,OGEMBO,MAJOGE CHACHE,NYANSAKIA,GPS,5,PRIV,-0.79544,34.72365,d7240a9b-191a-4b1b-9014-0c287f0c4668,3865419.03648386,-88550.8203349554
4767,79,GLORY MEDICAL CLINIC,0,RIFT VALLEY,NAROK,CENTRAL,LOWER MELILI,NAROK TOWN,HD MAPS,6,PRIV,-1.08628,35.857,e00ad9c1-4bd6-4e29-b95d-62ef6708824a,3991582.98137441,-120931.381470354
4768,55,MAP MEDICAL CLINIC,0,WESTERN,BUSIA,TOWNSHIP,TOWNSHIP,MJINI CENTRAL,GPS,6,PRIV,0.45828,34.11796,d38e846c-86f0-4d30-aa70-7f31e9c000d9,3797993.93410528,51016.0402100037
4769,60,ROYAL HEALTH SERVICES,0,NYANZA,GUCHA,NYACHEKI,BASSI BORABU,BOSANSA,GPS,6,PRIV,-0.89022,34.87921,852806fa-ca2b-4255-8818-d44d88c81051,3882735.89647166,-99102.8245228478
4770,0,GRACE WANGUI CLINIC,0,RIFT VALLEY,NAROK,OLOLULUNGA,MELELO,MELELO,DHMT,6,PRIV,-0.867123,35.632407,aa728891-5938-44da-bae5-4cc20ed70de2,3966581.40297868,-96531.3758506816
4771,56,MARACHI MEDICAL CLINIC,0,WESTERN,BUSIA,TOWNSHIP,TOWNSHIP,MJINI CENTRAL,AMKENI,6,PRIV,0.459505,34.101788,5abdc461-4da4-4e58-8d95-6b3d562bc56a,3796193.67530017,51152.4109600923
4772,0,SELIVA CLINIC,0,NYANZA,GUCHA,NYAMARAMBE,S. MUGIRANGO CHACHE,TABAKA,GPS,6,PRIV,-0.74713,34.6655,9cc63058-9c3f-437b-b7ca-a6af6f1bcea3,3858945.80809423,-83172.4882763265
4773,81,KEEKOROK DISP,0,RIFT VALLEY,NAROK,MARA,KOYAKI,SEKENANI,HD MAPS,4,PRIV,-1.56796,35.2306,5b89f614-8000-4cd9-afdd-0f079ea22c47,3921852.45234151,-174566.298971087
4774,57,MILIMANI MEDICAL CLINIC,0,WESTERN,BUSIA,TOWNSHIP,TOWNSHIP,MJINI CENTRAL,AMKENI,6,PRIV,0.463808,34.10212,b15c6fab-fbf2-4270-b8d5-fd2dff7b3d8c,3796230.63337112,51631.4342786063
4775,61,SHARBAB HEALTH CARE,0,NYANZA,GUCHA,SAMETA,BASSI BOINTANGARE,IGARE,GPS,6,PRIV,-0.80108,34.80261,fbca0f46-29f8-42b9-a6cf-1f4a3c4e427e,3874208.8234769,-89178.7232027914
4776,82,KEEKOROK LODGE HEALTH CENTRE,1827,RIFT VALLEY,NAROK,MARA,AITONG,MARARIANDA,ILRI MKT CENTRE,3,PRIV,-1.395447,35.041842,e6dc56b0-09bf-4a97-b206-6d62c033b283,3900840.00789835,-155355.809042059
4777,62,ST FLOSAS MED CLINIC,0,NYANZA,GUCHA,KENYENYA,MAJOGE MASABA,NYABITUMWA,GPS,6,PRIV,-0.91926,34.75507,5d29ea2d-9741-4ddc-bfe2-9b618d88fdbc,3868916.69488458,-102335.945644559
4778,58,MULUKHOINI MEDICAL CLINIC,0,WESTERN,BUSIA,FUNYULA,AGENGA,AGENGA,AMKENI,6,PRIV,0.257373,34.068207,e8e14b1d-3234-43da-9a2a-59d404758f71,3792455.45547984,28650.7276570726
4779,63,ST MARY'S MED CLINIC,4759,NYANZA,GUCHA,KENYENYA,MAJOGE MASABA,KENYENYA,GPS,6,PRIV,-0.88487,34.7322,0af4304f-8fe9-485a-bcd7-0e4e012c332e,3866370.81813014,-98507.1937850968
4780,0,KIPTENDEN PRIVATE CLINIC,0,RIFT VALLEY,NAROK,MULOT,MULOT,NKIITO,DHMT,6,PRIV,-0.907458,35.488428,32c1ffbb-56a1-43a8-af73-cd5ef2b79731,3950553.73401376,-101021.986064143
4781,59,MUNDICA UPENDO CLINIC,0,WESTERN,BUSIA,MATAYOS,BUKHAYO WEST,ESIKULU,AMKENI,6,PRIV,0.413993,34.146253,400f7e60-4c15-48d5-afdf-8b519c42e258,3801143.4964583,46085.8909658227
4782,64,ST THOMAS MEDICAL CLINIC,0,NYANZA,GUCHA,ETAGO,CHITAGO,BOIGE,GPS,6,PRIV,-0.93239,34.66999,203979a2-450a-4df0-a9d2-3432d41b2744,3859445.63260789,-103797.76140026
4783,61,ORUMA MEDICAL CLINIC,0,WESTERN,BUSIA,NAMBALE,NAMBALE T/SHIP,SIEKUNYA,AMKENI,6,PRIV,0.448218,34.253392,17ecfd36-b191-4cdf-81ee-242dca88f933,3813070.1553824,49895.9084440351
4784,84,KISIRICHIH MEDICAL CLINIC,0,RIFT VALLEY,NAROK,OLOKURTO,ENABELIBEL,KISIRIRI,HD MAPS,6,PRIV,-0.933359,35.8862,687c4166-0261-4da6-88ba-43fc3956ada4,3994833.51050558,-103905.644286119
4785,85,L.M.N. MEDICAL CLINIC,0,RIFT VALLEY,NAROK,CENTRAL,LOWER MELILI,NAROK TOWN,SUBLOC CENTROID,6,PRIV,-1.110075,35.85342,81440b2c-66ad-4f95-b0ae-84c03b6bd1e2,3991184.45759737,-123580.715396498
4786,0,ST. AGATHA NYABIGEGE CLINIC,0,NYANZA,GUCHA,NYAMARAMBE,S. MUGIRANGO CHACHE,TABAKA,GPS,6,PRIV,-0.72435,34.6384,0dabf6b4-4e09-4187-a303-82c0479c27d4,3855929.04989373,-80636.4211717607
4787,62,PAEDIATRICS PRIVATE CLINIC,0,WESTERN,BUSIA,TOWNSHIP,TOWNSHIP,MJINI CENTRAL,AMKENI,6,PRIV,0.460406,34.112801,63adf369-8c05-44d0-8fa5-ac6914543d6f,3797419.63685228,51252.7130532439
4788,86,MANYATTA MEDICAL CLINIC,0,RIFT VALLEY,NAROK,CENTRAL,LOWER MELILI,NAROK TOWN,HD MAPS,6,PRIV,-1.08628,35.857,bbc7bfea-9685-47a8-8afc-7cba31bbeca2,3991582.98137441,-120931.381470354
4789,0,ST. JOHN'S PRIVATE CLINIC,0,NYANZA,GUCHA,NYACHEKI,RIGENA,RIONTWEKA,GPS,6,PRIV,-0.8959,34.83408,cd2c22c2-f743-43f6-8f7e-5056db0b8909,3877712.04785216,-99735.1960464294
4790,63,PORT VICTORIA MEDICAL CLINIC,0,WESTERN,BUSIA,BUDALANGI,BUNYALA WEST,BUKANI,AMKENI,6,PRIV,0.098813,33.981427,017708c2-09e5-4342-af1b-33ffcbc08f1a,3782795.1500688,10999.8182965328
4791,91,MULAT MEDICAL CLINIC,0,RIFT VALLEY,NAROK,MULOT,MULOT,MULOT,HD MAPS,6,PRIV,-0.929209,35.4429,f8bfeaa9-e108-4579-99ca-bc723d38756b,3945485.58023692,-103443.607367432
4792,65,ST. ROYAL MEDICAL CLINIC,0,NYANZA,GUCHA,SAMETA,BASSI BOINTANGARE,IGARE,GPS,6,PRIV,-0.80733,34.80681,6be04a04-54ce-4cf1-a13b-c42f321bde69,3874676.36533823,-89874.5385607632
4793,64,PORT VICTORIIA CLINIC,0,WESTERN,BUSIA,BUDALANGI,BUNYALA WEST,BUKANI,AMKENI,6,PRIV,0.100138,33.981421,33bbd0a9-fde0-4a46-aa0b-1e1d56f77822,3782794.48215186,11147.3168441408
4794,66,STEVENA MEDICAL CENTRE,0,NYANZA,GUCHA,NYAMACHE,BASSI CENTRAL,NYOERA,GPS,6,PRIV,-0.84553,34.84312,9e5fe1f3-5cab-4452-be19-d0b10f7fb169,3878718.37604893,-94127.3855817439
4795,65,RANIA MEDICAL CENTRE,0,WESTERN,BUSIA,BUTULA,ELUGULU,BULEMIA(BUTULA),AMKENI,6,PRIV,0.33992,34.32411,bfa9755e-36b4-41a7-95eb-a478bcb3e8c9,3820942.44713232,37839.9432878116
4796,92,NAIREGI MEDICAL CLINIC,0,RIFT VALLEY,NAROK,MAU,KEEKONYOKIE,KEEKONYOKIE,HD MAPS,6,PRIV,-1.05821,36.1464,64afe37e-7418-4ce3-9ddf-5b4aea1a2562,4023798.84200999,-117806.096077434
4797,67,TABAKA MEDICAL CLINIC AND LAB. SERVICES,0,NYANZA,GUCHA,NYAMARAMBE,S. MUGIRANGO CHACHE,TABAKA,GPS,6,PRIV,-0.74733,34.66603,5aa637a6-bdfc-4958-9f83-7349aa07e682,3859004.80742435,-83194.7540679873
4798,66,ST MARY/JUDE MEDICAL CLINIC,0,WESTERN,BUSIA,NAMBALE,NAMBALE T/SHIP,SIEKUNYA,AMKENI,6,PRIV,0.44772,34.251428,376fca58-d1d1-43c8-9785-5eaaf6ae0a88,3812851.52390248,49840.4696431584
4799,0,NALEPO MED SERVICES,0,RIFT VALLEY,NAROK,MAU,NTULELE,NTULELE(NAROK),DHMT,6,PRIV,-1.098005,36.062256,9054b794-560b-4c0d-acda-8ec84f5e7b2f,4014431.97477668,-122236.839657669
4800,68,TOWN MEDICAL CLINIC,0,NYANZA,GUCHA,OGEMBO,MAJOGE CHACHE,NYANSAKIA,GPS,6,PRIV,-0.82991,34.7327,0c1b2062-c4f0-4ca8-a79d-1ab7afbe6bea,3866426.47787554,-92388.3892583936
4801,67,ST. ANTHONY MEDICAL CLINIC,0,WESTERN,BUSIA,BUTULA,MARACHI CENTRAL,KINGANDOLE,AMKENI,6,PRIV,0.378337,34.263992,0b995670-1697-499b-a2f9-873bbade38a8,3814250.1419848,42116.5882548159
4802,93,NAMELOK MEDICAL CLINIC,0,RIFT VALLEY,NAROK,MAU,KEEKONYOKIE,KEEKONYOKIE,HD MAPS,6,PRIV,-1.05495,36.1466,1d1ed39a-77de-423d-a022-83e427df5243,4023821.10590815,-117443.132823943
4803,68,ST. CLAIRE MEDICAL CLINIC,0,WESTERN,BUSIA,NAMBALE,BUKHAYO EAST,BUYOFU,AMKENI,6,PRIV,0.494443,34.376183,1da6bdcc-06d2-4ab3-a2f8-7173b87264f0,3826739.18697639,55041.8261605399
4804,0,NARAMET OUTPATIENT MED SERVICES,0,RIFT VALLEY,NAROK,MARA,OLKINYEI,NARASHA,DHMT,6,PRIV,-1.282989,35.514163,e0f57524-b5ba-49bc-b05f-18ae702503bb,3953418.54110932,-142833.61924884
4805,69,ZABO CLINIC,0,NYANZA,GUCHA,OGEMBO,MAJOGE CHACHE,BOOCHI,GPS,6,PRIV,-0.79451,34.72052,c41f423a-9a65-412b-a889-973e45bce6f3,3865070.60647768,-88447.283242524
4806,47,ASEGO MEDICAL CLINIC,4360,NYANZA,HOMA BAY,ASEGO,HOMA BAY TOWN,ASEGO,ILRI VILLAGES,6,PRIV,-0.524916,34.47216,4bcf11e6-16b1-4cd1-a1ec-64fad35711ac,3837423.29774426,-58434.1992642614
4807,70,UGUA POLE CLINIC,0,WESTERN,BUSIA,TOWNSHIP,TOWNSHIP,MJINI CENTRAL,AMKENI,6,PRIV,0.459957,34.102313,0478cb07-8521-43f9-864d-c889497330ed,3796252.11803284,51202.7289897018
4808,94,NAROK MEDICAL AND LAB SERVICES,0,RIFT VALLEY,NAROK,CENTRAL,LOWER MELILI,NAROK TOWN,HD MAPS,6,PRIV,-1.08628,35.857,444f2f0f-a157-4ad1-baad-334f87ec4e0a,3991582.98137441,-120931.381470354
4809,56,KARDA HOSPITAL,3893,NYANZA,HOMA BAY,ASEGO,EAST KANYADA,KOBWOLA-KOGWANG,ILRI MKT CENTRE,5,PRIV,-0.515811,34.484126,997243c4-9336-4640-84dc-c72fff25bf29,3838755.34677109,-57420.5934968045
4810,71,WANANCHI MEDICAL CLINIC,0,WESTERN,BUSIA,TOWNSHIP,TOWNSHIP,MJINI CENTRAL,GPS,6,PRIV,0.45611,34.11324,9939cce1-5639-41e1-9acc-64e54a8f5257,3797468.50610874,50774.4692241884
4811,96,OLKURTO MEDICAL CLINIC,0,RIFT VALLEY,NAROK,OLOKURTO,OLOKURTO,OLOKURTO,HD MAPS,6,PRIV,-0.669132,35.7905,c4db0c3c-59e8-4d30-8d9d-920144b09ed1,3984180.23523667,-74489.1267783686
4812,59,NYABISAWA DISP,1411,NYANZA,HOMA BAY,RIANA,SOUTH KABUOCH,KOGUTA(HBAY),ILRI VILLAGES,4,PRIV,-0.81,34.42,4cb8eec0-8c77-4a29-acf3-4943f0351924,3831616.87310448,-90171.7912072606
4813,0,OLMEKENYU MED CLINIC,0,RIFT VALLEY,NAROK,OLOLULUNGA,MELELO,MELELO,DHMT,6,PRIV,-0.857387,35.628233,87625de4-37c2-4456-a1d7-bd1868785478,3966116.75542411,-95447.4465462182
4814,55,ALPHA MEMORIAL CLINIC,0,WESTERN,BUTERE/MUMIAS,BUTERE,SHIANDA,SHIANDA(BM),AMKENI,6,PRIV,0.176263,34.48116,ac01b1ef-a941-4e5d-b5d3-e6ac95151bc2,3838425.1731614,19621.5383555965
4815,60,NYANGWETHE PRIVATE HEALTH CENTRE,0,NYANZA,HOMA BAY,RANGWE,GEM WEST,KANYANJWA,ILRI VILLAGES,3,PRIV,-0.65,34.57,996ad4d6-c47f-49cb-a085-d975ed54f20e,3848314.79672347,-72359.2211479353
4816,97,OLOLETE CLINIC,475,RIFT VALLEY,NAROK,LOITA,OLORTE,OLORTE,DHMT,6,PRIV,-1.946426,35.834116,0a31e147-5747-4c85-a897-c30021ad0614,3989035.5461471,-216716.839441381
4817,56,ALPHOND MEDICAL CLINIC,0,WESTERN,BUTERE/MUMIAS,MUMIAS,NABONGO,LUREKO,AMKENI,6,PRIV,0.3346,34.458814,cecd2b7c-0ce3-49cd-8c6d-8af6f8f17ecb,3835937.62782013,37247.7133366641
4818,65,SIM SIM CLINIC,0,NYANZA,HOMA BAY,ASEGO,HOMA BAY TOWN,TOWN(HOMABAY),ILRI TOWNS,6,PRIV,-0.530626,34.458885,7220f925-8c3e-47ea-88db-8e9b9b93e290,3835945.53150398,-59069.860524311
4819,99,OLULUNGA CENTRAL CLINIC,0,RIFT VALLEY,NAROK,OLOLULUNGA,OLOLULUNGA,OLOLULUNGA,HD MAPS,6,PRIV,-0.991627,35.6448,df59cd42-bddd-47cb-acbe-9771afeffdbd,3967960.98542808,-110392.923973976
4820,57,ANNOINTED MEDICAL CLINIC,0,WESTERN,BUTERE/MUMIAS,MUMIAS,SHIBINGA,LUBINU,AMKENI,6,PRIV,0.319279,34.572408,32987b03-361c-4282-899d-258942f9f45e,3848582.8540573,35542.1596464752
4821,66,SMATT MEDICAL CLINIC,0,NYANZA,HOMA BAY,ASEGO,WEST KANYADA,NORTH KANYABALA,ILRI VILLAGES,6,PRIV,-0.57,34.45,3c3d4eeb-0ccc-4eb8-9557-25501a0cc1bf,3834956.45782828,-63453.1564227191
4822,46,ALPHA MEDICAL CLINIC,0,RIFT VALLEY,SAMBURU,KIRISIA,MARALAL TOWN,MARALAL TOWN,GPS,6,PRIV,1.10251,36.69848,0bb5a593-e5ba-4a40-9d9e-857f19dcff19,4085256.10648714,122738.426443478
4823,42,ABC MEDICAL CLINIC,0,NYANZA,KISII CENTRAL,TOWNSHIP,TOWNSHIP,MWAMOSIOMA(TOWNSHIP),GPS,6,PRIV,-0.66347,34.76071,1bbea9ca-d624-44a5-b7b6-07d05b5743e5,3869544.53681266,-73858.7931994998
4824,58,BARAKA MEDICAL CLINIC,0,WESTERN,BUTERE/MUMIAS,MUMIAS,SHIBINGA,MAKUNGA,AMKENI,6,PRIV,0.300488,34.622002,326fb7aa-6cf4-4c72-8992-4592e266dea0,3854103.63288371,33450.3244907705
4825,47,COMMUNITY MED CLINIC,0,RIFT VALLEY,SAMBURU,KIRISIA,MARALAL TOWN,NGARI,GPS,6,PRIV,1.09895,36.7009,adccf569-de5c-46ee-b549-17f9a7a59a0d,4085525.49965486,122342.055912926
4826,43,AFYA CLINIC KISII,3029,NYANZA,KISII CENTRAL,MOSOCHO,NYAMACHEMANGE,SANTA,GPS,6,PRIV,-0.560327,34.742476,2c4195f4-0959-442c-b63e-04e58913bbba,3867514.73721754,-62376.3106000697
4827,60,BULIMBO CENTRAL MEDICAL CLINIC,0,WESTERN,BUTERE/MUMIAS,MATUNGU,MATUNGU,KHOLERA,AMKENI,6,PRIV,0.437597,34.51245,1fa155e6-c53c-4f12-9543-51f11612edea,3841908.36002832,48713.548804318
4828,48,MARALAL CLINIC,0,RIFT VALLEY,SAMBURU,KIRISIA,MARALAL TOWN,NGARI,GPS,6,PRIV,1.09749,36.70131,917b24b2-fa9f-4beb-ab77-6b858e49285a,4085571.14064608,122179.499596075
4829,44,AMANI CLINIC,0,NYANZA,KISII CENTRAL,SUNEKA,BOMORENDA,BONYANCHAIRE,GPS,6,PRIV,-0.67626,34.70703,bb161be1-0a4b-4d47-aeca-4e6e786f5452,3863568.90654687,-75282.6668015685
4830,61,BUYUFU BUTERE/MUMIAS MED CLINIC,0,WESTERN,BUTERE/MUMIAS,MATUNGU,KOYONZO,MUNAMI,AMKENI,6,PRIV,0.44,34.385152,8de7c94c-8c7e-45d6-b59e-46dae7062965,3827737.61148932,48981.0573856738
4831,49,NAMELOK MED CLINIC,0,RIFT VALLEY,SAMBURU,LORROKI,SUGUTA MARMAR,LOGORATE,GPS,6,PRIV,0.82988,36.69061,f92fefbf-575e-4507-965d-0cbc968924e0,4084380.0220946,92385.0493233344
4832,45,ARIES MEDICAL CLINIC,0,NYANZA,KISII CENTRAL,TOWNSHIP,TOWNSHIP,TOWNSHIP(KISII),GPS,6,PRIV,-0.66931,34.77107,056f378a-d064-4906-9a02-3374abb92fe3,3870697.80673728,-74508.9429994287
4833,63,EBENEZAR MED CLINIC,0,WESTERN,BUTERE/MUMIAS,BUTERE,WEST MARAMA,BUCHENYA,AMKENI,6,PRIV,0.231737,34.528329,8158d7b7-cb6c-4ce5-a424-4cc8ee8b26b2,3843676.00222263,25796.9151715289
4834,66,FAYOLA CLINIC,0,WESTERN,BUTERE/MUMIAS,MATUNGU,KOYONZO,MUNAMI,AMKENI,6,PRIV,0.44,34.385715,991a2bc5-ccf3-4dfb-9bc5-b82b45b0f5e7,3827800.28436264,48981.0573856738
4835,50,PIMS MED CLINIC,0,RIFT VALLEY,SAMBURU,KIRISIA,MARALAL TOWN,MARALAL TOWN,GPS,6,PRIV,1.10053,36.6975,d6f3fe0e-a9d7-46fc-941e-9a458fd95a50,4085147.01338616,122517.973112468
4836,47,BIRONGO DISP,3764,NYANZA,KISII CENTRAL,KEUMBU,KEUMBU,BIRONGO,GPS,4,PRIV,-0.74615,34.8848,bc57ce5b-44df-4386-a25b-62f0e373e123,3883358.17242519,-83063.3859118425
4837,68,KHUSIKU WOMEN GROUP DISP,0,WESTERN,BUTERE/MUMIAS,KHWISERO,MULWANDA,KHUSHIKU,AMKENI,4,PRIV,0.100873,34.559683,2f1a74cc-ad44-4b41-822c-4ae9f4adbd0b,3847166.31353696,11229.1367957527
4838,48,BOMWENGA MEDICAL CLINIC,0,NYANZA,KISII CENTRAL,KEUMBU,KEUMBU,NYAMWARE,GPS,6,PRIV,-0.73234,34.8459,45617fa5-69b2-42c8-b5a6-4590a0dca144,3879027.84423333,-81525.9357736925
4839,0,CHANGINA DISP,0,RIFT VALLEY,TRANS MARA,PIRRAR,OLOLMASANI,ABOSSI,DHMT,6,PRIV,-0.927174,35.096943,6cc1d88f-de44-4c8a-a83c-108c2a813901,3906973.82316055,-103217.042474472
4840,69,KWA NEEMA MED SERVICES,0,WESTERN,BUTERE/MUMIAS,MATUNGU,MATUNGU,KHOLERA,AMKENI,6,PRIV,0.438332,34.512885,48b49f9e-e787-4e15-bf60-40b9cb603165,3841956.78400681,48795.3710204608
4841,49,BOSONGO MED. CLINIC,0,NYANZA,KISII CENTRAL,TOWNSHIP,TOWNSHIP,TOWNSHIP(KISII),GPS,6,PRIV,-0.67067,34.76974,f90c3ca4-41f5-446f-9ccf-d8e7048b4e0c,3870549.75181452,-74660.3478582473
4842,0,CHEMAMIT DISP,0,RIFT VALLEY,TRANS MARA,KIRINDONI,EMARTI,CHEMAMIT,DHMT,6,PRIV,-0.962233,35.107462,199f4216-3c6b-46a9-9eaf-144ededbc3b8,3908144.79288421,-107120.323124605
4843,70,LUBINO MED CLINIC,0,WESTERN,BUTERE/MUMIAS,MUMIAS,SHIBINGA,LUBINU,AMKENI,6,PRIV,0.318652,34.571196,0ce2e288-725f-48fb-9517-d95ac5c897a4,3848447.93483446,35472.361244172
4844,50,BOSONGO MEDICAL CENTRE (HOSP),3032,NYANZA,KISII CENTRAL,TOWNSHIP,TOWNSHIP,MWAMOSIOMA(TOWNSHIP),GPS,5,PRIV,-0.65949,34.74948,c5a81dfd-83c4-4df3-b301-f6e1709f09f4,3868294.41893105,-73415.7120978788
4845,51,KICHWA TEMBO DISP,1492,RIFT VALLEY,TRANS MARA,LOLGORIAN,OLORIEN,OLOLMONGI,TRANSMARA DEV. PROG.,4,PRIV,-1.25881,35.0279,5eb79045-d04d-4f6b-a647-2a40e5b8b99c,3899287.99155771,-140141.362974692
4846,71,LUKOYE CLINIC,0,WESTERN,BUTERE/MUMIAS,MUMIAS,NABONGO,TOWNSHIP,AMKENI,6,PRIV,0.346096,34.490547,21eb704c-d5e4-43c2-b84b-98da27e15666,3839470.12922147,38527.4647834941
4847,51,CENTRAL CLINIC,4243,NYANZA,KISII CENTRAL,TOWNSHIP,TOWNSHIP,TOWNSHIP(KISII),GPS,6,PRIV,-0.67304,34.77098,cc313c7a-5b02-4aa2-a03a-295f774094e2,3870687.78798311,-74924.1931907343
4848,0,KURESEIT DISP,0,RIFT VALLEY,TRANS MARA,PIRRAR,OLOLMASANI,ABOSSI,DHMT,6,PRIV,-0.910812,35.068888,4bdc22b3-0fb9-4eb0-be70-9925bf3b971f,3903850.75484635,-101395.398643186
4849,72,MALOBA HEALTH CLINIC,0,WESTERN,BUTERE/MUMIAS,BUTERE,TOWNSHIP,SHIROTSA,AMKENI,6,PRIV,0.225005,34.513217,7ac06bfd-da6b-44e8-8ea7-8c8bedf2d630,3841993.74207776,25047.5064062308
4850,52,CHRISTA MARIAN HOSP,1264,NYANZA,KISII CENTRAL,TOWNSHIP,TOWNSHIP,TOWNSHIP(KISII),GPS,5,PRIV,-0.67945,34.77142,5919ce4a-f128-45d2-ade0-5f5c4c5a6ce2,3870736.76855905,-75637.8008306333
4851,53,MEDICARE CLINIC,0,RIFT VALLEY,TRANS MARA,KILGORIS,OLOLCHANI,KILGORIS,TRANSMARA DEV. PROG.,6,PRIV,-1.0084,34.8752,3ab4d084-98a7-49f5-931b-bd3d8ef97040,3882289.50531358,-112260.370228511
4852,74,MATUNGU COMMUNITY  MEDICAL CLINIC,0,WESTERN,BUTERE/MUMIAS,MATUNGU,MATUNGU,MAYONI,AMKENI,6,PRIV,0.39311,34.474008,ad3c4d68-bdaf-4b49-93c2-acbc7249986a,3837629.01616324,43761.1483639123
4853,53,CRYSTAL MEDICAL SERVICES,0,NYANZA,KISII CENTRAL,TOWNSHIP,TOWNSHIP,TOWNSHIP(KISII),GPS,6,PRIV,-0.66984,34.77025,3c4d1e0f-69c8-40fd-9507-360b7d43f822,3870606.52475482,-74567.9463585305
4854,0,MOGOR CLINIC,0,RIFT VALLEY,TRANS MARA,KIRINDONI,ESOIT NAIBOR,ESOIT NAIBOR,DHMT,6,PRIV,-1.05105,34.970699,4c688342-9b3a-4f9a-bc36-be9b9c472c41,3892920.40536484,-117008.913480317
4855,75,MORNING GLORY MEDICAL CLINIC,0,WESTERN,BUTERE/MUMIAS,MUMIAS,NABONGO,TOWNSHIP,AMKENI,6,PRIV,0.359357,34.486331,2e7a478e-b5af-408c-a447-cca22528f496,3839000.80624829,40003.7005282426
4856,54,DARAJA MEDICAL CENTRE,3034,NYANZA,KISII CENTRAL,TOWNSHIP,TOWNSHIP,MWAMOSIOMA(TOWNSHIP),GPS,6,PRIV,-0.66357,34.7623,2b6b84f2-2316-43f4-8755-fec8d51843b2,3869721.53480302,-73869.9258950736
4857,0,MUKONDO DISP,0,RIFT VALLEY,TRANS MARA,KIRINDONI,KIMINTET,KIRINDONI,DHMT,6,PRIV,-1.109483,35.096943,f7ba14b4-9baf-42ed-ad7a-e7869472709c,3906973.82316055,-123514.801893963
4858,76,MULUKAKA MEDICAL CLINIC,0,WESTERN,BUTERE/MUMIAS,MATUNGU,MATUNGU,KHOLERA,AMKENI,6,PRIV,0.434352,34.511763,cd5233cd-1095-4054-8483-4713355ec1b2,3841831.88353814,48352.3065987745
4859,55,DR HP OWUOR MEDICAL CLINIC,0,NYANZA,KISII CENTRAL,TOWNSHIP,TOWNSHIP,TOWNSHIP(KISII),GPS,6,PRIV,-0.6706,34.77169,36400cb3-d763-401e-aedd-f4df12aec638,3870766.82482157,-74652.5549600763
4860,55,SAVIMBI CLINIC,0,RIFT VALLEY,TRANS MARA,KIRINDONI,MURKAN,MOGONDO,DHMT,6,PRIV,-1.005473,35.043173,7c4969b3-2615-433c-9630-72d001e42024,3900988.1741406,-111934.48775451
4861,77,MUMIAS CENTRE CLINIC,0,WESTERN,BUTERE/MUMIAS,MUMIAS,NABONGO,TOWNSHIP,AMKENI,6,PRIV,0.333914,34.488466,b0f28ad7-4228-4d64-a709-a52679fe6864,3839238.47336114,37171.3468664489
4862,0,SIGILAI CMC,0,RIFT VALLEY,TRANS MARA,PIRRAR,NJIPSHIP,NJIPSHIP,DHMT,6,PRIV,-0.931848,35.022132,e302e148-d589-4f1c-beb0-37c9fa4ffaa4,3898645.90073482,-103737.418251049
4863,56,DR NYAMACHE MEDICAL CLINIC,0,NYANZA,KISII CENTRAL,TOWNSHIP,TOWNSHIP,TOWNSHIP(KISII),GPS,6,PRIV,-0.66886,34.771,67099d8f-9095-4b7d-8dc3-87235de26151,3870690.01437292,-74458.8458127459
4864,78,MUMIAS MEDICAL CLINIC & LABORATORY SERVICES,0,WESTERN,BUTERE/MUMIAS,MUMIAS,NABONGO,TOWNSHIP,AMKENI,6,PRIV,0.334091,34.487929,23ce9bf0-857a-4608-9e86-efb351d1af04,3839178.69479458,37191.0507511128
4865,0,ST THERESA OF JESUS ESOIT NAIBOR CLINIC,1823,RIFT VALLEY,TRANS MARA,KIRINDONI,ESOIT NAIBOR,ESOIT NAIBOR,DHMT,6,PRIV,-1.062737,34.982389,50106451-5ba6-49b8-9227-73a8734db3dc,3894221.73021222,-118310.125743646
4866,79,MUMIAS SUGAR CO. DISP,3072,WESTERN,BUTERE/MUMIAS,MUMIAS,NABONGO,NUCLEUS,DSA/DFH(MOH)-UNFPA REPORT,4,PRIV,0.324185,34.5138,6108281a-e8c9-4715-b1b2-6f72fec47534,3842058.64134089,36088.3016787627
4867,56,ST. ANNE CLINIC,0,RIFT VALLEY,TRANS MARA,LOLGORIAN,MOYOI,LOLGORIAN,DHMT,6,PRIV,-1.218695,34.774592,5db4d05c-0e31-4387-8ef5-09282befe188,3871089.87398385,-135674.737616144
